video_id,source_category,file_name,content_archetype,route_decision,opening_type,opening_summary,problem_phrase_time,first_action_frame_time,problem_action_bridge_seconds,action_method_summary,action_cycle_integrity,tts_action_alignment,subtitle_evidence,visual_evidence_timecodes,middle_delivery_type,ending_type,native_completeness_score,repackaging_value_score,teachability_score,positive_pattern_match,negative_pattern_match,needs_adjacent_merge,need_merge_previous,need_merge_next,candidate_status,business_risk,health_action_risk,manual_review_items,confidence,analysis_status
fv_0003,ai_needed_final_video,4月17日(1).mp4,movement_correction,positive_reference_only,误区错误,00:00:00.000（侧身扶杆骨盆前倾）、00:00:01.000（手臂上举时腰代偿）体现典型错误模式,00:00:00.000,00:00:04.924,4.924,对比演示、分步调整、静态定型,partial_action_visible_pending_professional_review,subtitle_action_alignment_partial_visual_only_pending_audio_transcript,前3帧为同一人物在镜前做侧屈伸展，骨盆前倾明显；第4帧切换至仰卧位错误卷腹；第5-6帧为站姿下肢错误动作；最后2帧为正面伸展与闭眼放松。无可见字幕，动作连续性依赖姿态变化而非运镜,00:00:00.000；00:00:01.000；00:00:04.924；00:00:08.753；00:00:13.129；00:00:17.506；00:00:21.882；00:00:27.003,对比演示、分步调整、静态定型,动作完成、视觉收束,5,4,5,yes_reference_pattern_reused_from_ali_recheck_100,risk_pattern_only,no_finished_video_reference,no,no,pending_user_review,未明确提示禁忌症、动作幅度无安全边界说明,health_action_risk_pending_professional_review,第4帧仰卧动作是否真为错误示范（需确认髋屈肌代偿细节）；最后两帧是否含微表情/呼吸节奏暗示（影响收尾有效性）,high,reused_existing_ali_recheck_success_no_new_api_call
fv_0004,ai_needed_final_video,5月26日 (2).mp4,single_action_tts_teaching,positive_reference_only,人群点名,00:00:00.000–00:00:02.198：连续三帧显示相同背影坐姿+固定字幕‘30+女性必练 越练越紧’，构成强人群+痛点开场,00:00:00.000,00:00:03.908,3.908,动作演示、口令节奏暗示（通过重复帧位变化）,complete_or_key_cycle_visible_visual_only,subtitle_action_alignment_partial_visual_only_pending_audio_transcript,全片仅一人示范；始终背对/侧对镜头；使用粉色瑜伽球辅助；字幕全程固定为‘30+女性必练 越练越紧’；动作在坐姿范围内循环变换（跪坐→盘坐→开胯坐→扭转），无讲解画面或图解；无口型可见，无额外字幕变化,00:00:00.000；00:00:00.977；00:00:02.198；00:00:03.908；00:00:05.862；00:00:07.816；00:00:09.770；00:00:11.863,动作演示、口令节奏暗示（通过重复帧位变化）,动作完成+视觉定格,5,5,4,yes_reference_pattern_reused_from_ali_recheck_100,risk_pattern_only,no_finished_video_reference,no,no,pending_user_review,未说明‘紧’的具体部位与机制，易引发误解,health_action_risk_pending_professional_review,字幕‘越练越紧’是否构成健康误导；动作是否涉及骨盆/骶髂关节高风险操作而无警示,high,reused_existing_ali_recheck_success_no_new_api_call
fv_0005,ai_needed_final_video,5月26日(1).mp4,movement_correction,positive_reference_only,结果承诺,00:00:00.000：主讲人坐姿展示‘八爪鱼’姿势，大字幕‘八爪鱼 越练越紧’，下方图示对比‘正常盆底肌’与‘盆底肌松弛’，顶部标题‘盆底肌瑜伽球 练了就知道有多紧了’已出现，构成结果式开场,00:00:00.000,00:00:01.000,1,动作演示；图解；口令；对比,complete_or_key_cycle_visible_visual_only,subtitle_action_alignment_partial_visual_only_pending_audio_transcript,画面始终为单人室内坐姿演示，使用粉色瑜伽球；每帧含顶部标题‘盆底肌瑜伽球 练了就知道有多紧了’；底部固定图解对比盆底肌状态；左上角小图随帧变化；中段出现呼吸口令字幕；无背景切换或多人出镜；所有动作均为同一姿势的细微调整，未出现独立错误动作示范,00:00:00.000；00:00:01.000；00:00:02.545；00:00:04.525；00:00:06.788；00:00:09.050；00:00:11.313；00:00:13.791,动作演示；图解；口令；对比,动作完成；口型强调,5,5,4,yes_reference_pattern_reused_from_ali_recheck_100,risk_pattern_only,no_finished_video_reference,no,no,pending_user_review,将‘越练越紧’等同于盆底肌功能改善，存在医学表述模糊风险,health_action_risk_pending_professional_review,‘越练越紧’是否误导为肌肉紧张即有效；图解中‘松弛’状态是否符合医学定义；呼吸口令与实际动作时序是否同步,high,reused_existing_ali_recheck_success_no_new_api_call
fv_0006,ai_needed_final_video,5月26日.mp4,single_action_tts_teaching,positive_reference_only,痛点可视化,00:00:00.000（‘八爪鱼越练越紧’大字+图示对比）,00:00:00.000,00:00:01.000,1,呼吸口令、坐姿动作演示、图解对比,complete_or_key_cycle_visible_visual_only,subtitle_action_alignment_partial_visual_only_pending_audio_transcript,画面中女性坐于瑜伽球上，双腿外展；字幕反复强调‘盆底肌瑜伽球’‘练了就知道有多紧了’；下方固定图解对比‘正常盆底肌’与‘盆底肌松弛’；每帧均有‘吸气打开 呼气收紧’口令；动作从手扶髋→手放膝→轻触腹部→回归膝上，呈呼吸节奏性微调,00:00:00.000；00:00:01.000；00:00:02.545；00:00:04.525；00:00:06.788；00:00:09.050；00:00:11.313；00:00:13.791,呼吸口令、坐姿动作演示、图解对比,动作完成+呼吸收束,5,5,5,yes_reference_pattern_reused_from_ali_recheck_100,risk_pattern_only,no_finished_video_reference,no,no,pending_user_review,‘越练越紧’易误解为肌肉僵硬而非激活；未明确适用禁忌人群,health_action_risk_pending_professional_review,图解中盆底肌形态是否符合解剖常识；‘越练越紧’是否易引发负面联想需优化措辞,high,reused_existing_ali_recheck_success_no_new_api_call
fv_0007,ai_needed_final_video,5月27日 (1).mp4,movement_correction,positive_reference_only,痛点可视化,00:00:00.000：字幕‘盆底肌高张疼痛 睡前滚一滚’+人物侧坐位错误姿势（骨盆后倾、腰椎代偿）,00:00:00.000,00:00:01.000,1,动作演示；字幕解释,partial_action_visible_pending_professional_review,subtitle_action_alignment_partial_visual_only_pending_audio_transcript,画面中人物全程使用粉色球置于坐骨结节下方进行髋关节外旋伸展；前两帧显示骨盆后倾+腰椎塌陷（错误），后续帧逐步调整为骨盆中立+脊柱延展（正确）；所有帧均有黄色字幕‘别再瞎练凯格尔 每天睡前跟练5分钟’；首帧额外叠加‘盆底肌高张疼痛 睡前滚一滚’字幕；无口播文字可见，仅靠画面与字幕传递信息,00:00:00.000；00:00:01.000；00:00:04.029；00:00:07.163；00:00:10.744；00:00:14.326；00:00:17.907；00:00:22.034,动作演示；字幕解释,动作完成,5,5,3,yes_reference_pattern_reused_from_ali_recheck_100,risk_pattern_only,no_finished_video_reference,no,no,pending_user_review,医学健康边界：未说明适用禁忌症；效果承诺：隐含‘缓解疼痛’但无临床依据,health_action_risk_pending_professional_review,字幕‘盆底肌高张疼痛’是否构成医疗宣称；‘别再瞎练凯格尔’是否构成对他人方法的贬损性表述,high,reused_existing_ali_recheck_success_no_new_api_call
fv_0008,ai_needed_final_video,5月27日.mp4,movement_correction,positive_reference_only,痛点可视化,00:00:00.000–00:00:02.972：展示臀部凹陷姿态+字幕‘产后臀凹陷妈妈臀 练这个就完事了’，构成痛点可视化开场,00:00:00.000,00:00:05.283,5.283,动作演示；对比；发力点提示,partial_action_visible_pending_professional_review,subtitle_action_alignment_partial_visual_only_pending_audio_transcript,画面中人物坐椅做髋部微蹲类动作；前两帧突出臀部凹陷形态并配痛点文字；后续帧统一显示标准动作位+黄色训练指令字幕+右侧‘不会发力看这里’竖排提示；无口播文字可见，仅字幕信息,00:00:00.000；00:00:01.000；00:00:02.972；00:00:05.283；00:00:07.924；00:00:10.566；00:00:13.207；00:00:16.159,动作演示；对比；发力点提示,动作完成；结果重申,5,5,4,yes_reference_pattern_reused_from_ali_recheck_100,risk_pattern_only,no_finished_video_reference,no,no,pending_user_review,不会发力看这里（隐含效果依赖正确执行，但未明确医学边界）,health_action_risk_pending_professional_review,‘不会发力看这里’是否在全片持续出现且位置稳定；字幕‘练这个就完事了’是否存在过度承诺风险,high,reused_existing_ali_recheck_success_no_new_api_call
fv_0001,ai_needed_final_video,30+产后妈妈居家必练动作.mp4,single_action_tts_teaching,positive_reference_only,人群点名,00:00:00.000（主讲人正面坐姿，大字幕‘30+产后妈妈 居家必练动作’）,00:00:00.000,00:00:00.849,0.849,动作演示；字幕指令；叠影过渡；重复强化,partial_action_visible_pending_professional_review,subtitle_action_alignment_partial_visual_only_pending_audio_transcript,画面为同一女性在椅上完成四组动作：前两帧为‘漏尿松弛’对应提臀动作（背对镜头），后两帧为‘高张疼痛’与‘盆底Jz’对应震颤动作（侧身视角）；所有动作均配黄色大字幕标注问题+动作+次数；右侧小字竖排‘本方法为辅助改善方式’；无口播画面可见，仅字幕与动作；叠影用于动作过渡，但未改变结构逻辑,00:00:00.000；00:00:00.849；00:00:01.910；00:00:03.396；00:00:05.093；00:00:06.791；00:00:08.489；00:00:10.261,动作演示；字幕指令；叠影过渡；重复强化,动作完成；字幕收束,5,5,3,yes_reference_pattern_reused_from_ali_recheck_100,risk_pattern_only,no_finished_video_reference,no,no,pending_user_review,未说明禁忌症；重复‘100次’可能引发过度训练暗示；‘盆底Jz’术语模糊,health_action_risk_pending_professional_review,‘100次’是否构成效果承诺；‘盆底Jz’术语是否准确且需注解；叠影是否造成动作理解混淆,high,reused_existing_ali_recheck_success_no_new_api_call
fv_0002,ai_needed_final_video,35岁以后都去练不管生完多久了每天100个 小肚子平了 臀翘了最重要的是可以锻炼盆底肌.mp4,single_action_tts_teaching,positive_reference_only,人群点名,00:00:00.000–00:00:02.115：背对镜头坐姿启动，字幕完整呈现‘35岁以后都去练…最重要的是可以锻炼盆底肌’，画面同步演示坐姿准备态,00:00:00.000,00:00:03.760,3.76,动作演示；身体姿态微调,complete_or_key_cycle_visible_visual_only,subtitle_action_alignment_partial_visual_only_pending_audio_transcript,8帧均为同一女性在室内沙发背景前，坐于椅子+瑜伽球上执行重复性骨盆运动；字幕全程未变；前4帧背对，后4帧转为正面半身；无器械更换、无场景切换、无他人出镜；右上角图标轮换（蝴蝶结/鱼/海豚等装饰图）,00:00:00.000；00:00:00.940；00:00:02.115；00:00:03.760；00:00:05.640；00:00:07.519；00:00:09.399；00:00:11.399,动作演示；身体姿态微调,动作完成；价值收束,5,5,4,yes_reference_pattern_reused_from_ali_recheck_100,risk_pattern_only,no_finished_video_reference,no,no,pending_user_review,每天100个（量化强度无个体差异提示）；不管生完多久了（忽略产后恢复窗口期差异）,health_action_risk_pending_professional_review,字幕中‘每天100个’是否匹配动作实际耗时与强度；‘锻炼盆底肌’是否由该动作科学支撑（需医学核验）；右上角图标轮换是否有误导性（如鱼/海豚暗示水疗等无关联想）,high,reused_existing_ali_recheck_success_no_new_api_call
fv_0009,ai_needed_final_video,70%女性中招的盆底肌误区.mp4,unclear,positive_reference_only,人群点名,00:00:00.000（标题页：70%女性中招的盆底肌误区；配图蜷缩女性）+ 00:00:01.000（主讲人开场：很多人都在问我说）,00:00:00.000,00:00:11.841,11.841,口述归因；手势模拟身体部位；表情强化不适感,partial_action_visible_pending_professional_review,subtitle_action_alignment_partial_visual_only_pending_audio_transcript,首帧为图文标题+蜷缩女性形象；后续7帧均为同一主讲人坐姿讲解，配合手部动作指向颈部/腹部区域，字幕逐句呈现‘很多人在问我’‘肩颈劳损时’‘感觉很堵塞’‘盆底肌’‘松在这里’‘评论区留言’；背景书架统一，无场景切换；每帧右上角有固定水印文字‘十五年女性健康行业经验’；底部有小字免责声明‘本内容仅为科普分享…’,00:00:00.000；00:00:01.000；00:00:11.841；00:00:21.050；00:00:31.575；00:00:42.100；00:00:52.626；00:01:05.432,口述归因；手势模拟身体部位；表情强化不适感,互动引导；轻行动号召,5,4,3,yes_reference_pattern_reused_from_ali_recheck_100,risk_pattern_only,no_finished_video_reference,no,no,pending_user_review,将‘松’直接等同于盆底肌状态可能引发误解；未明确区分主观感受与临床诊断,health_action_risk_pending_professional_review,‘松在我这里真的是’是否易被理解为诊断结论；蜷缩女性图像是否构成负面身体暗示；水印文字‘十五年经验’是否需同步资质证明,high,reused_existing_ali_recheck_success_no_new_api_call
fv_0010,ai_needed_final_video,Z宫下垂盆底无力就练臀桥呼吸.mp4,single_action_tts_teaching,positive_reference_only,痛点可视化,00:00:00.000：大字幕‘Z宫下垂盆底无力 就练臀桥呼吸’+人物仰卧准备位；00:00:01.000：延续同一画面，字幕‘每天练习十分钟 下垂说拜拜’,00:00:00.000,00:00:14.323,14.323,动作演示；解剖图示；口令引导；呼吸节奏提示,partial_action_visible_pending_professional_review,subtitle_action_alignment_partial_visual_only_pending_audio_transcript,画面始终为单人仰卧位臀桥准备/执行状态；左上角固定标题‘每天练习十分钟 下垂说拜拜’；右侧持续出现子宫解剖对比图（正常vs脱垂）；字幕依次呈现痛点→原理→呼吸指令→动作要点→倒计时；无口播画面，仅字幕引导；人物动作从准备到顶峰保持连贯，无明显中断,00:00:00.000；00:00:01.000；00:00:14.323；00:00:25.464；00:00:38.196；00:00:50.928；00:01:03.660；00:01:19.225,动作演示；解剖图示；口令引导；呼吸节奏提示,数字计数强化；动作完成,5,5,5,yes_reference_pattern_reused_from_ali_recheck_100,risk_pattern_only,no_finished_video_reference,no,no,pending_user_review,将‘Z宫下垂’作为可自练改善的明确指向，未标注需医疗评估前提；‘就练臀桥呼吸’构成直接效果承诺,pending_user_review,‘Z宫下垂’表述是否合规；解剖图示准确性；‘就练臀桥呼吸’是否构成效果承诺；倒计时是否覆盖完整动作保持期,high,reused_existing_ali_recheck_success_no_new_api_call
fv_0011,ai_needed_final_video,产后漏尿能自己好吗.mp4,knowledge_explainer,positive_reference_only,痛点可视化,00:00:00.000（蜷坐女性+大字标题‘产后漏尿能否自愈’）,00:00:00.000,00:00:21.190,21.19,口述认知纠偏；体态调整引导,partial_action_visible_pending_professional_review,subtitle_action_alignment_partial_visual_only_pending_audio_transcript,首帧为蜷坐女性+标题‘产后漏尿能否自愈’；后续多帧为红衣女性坐书架前口播，字幕含‘如果说你想’‘你就可以不用管它’‘它突然哪一天它就不漏了’‘但是你没有调整你的体态’‘我想跟所有的姐妹们’‘更有安全感的身体’；画面右上角固定标注‘十五年女性健康行业经验’；底部统一小字‘本内容仅为科普分享，请结合自身情况理性参考’,00:00:00.000；00:00:01.000；00:00:21.190；00:00:37.672；00:00:56.508；00:01:15.344；00:01:34.180；00:01:57.375,口述认知纠偏；体态调整引导,价值收束,5,5,3,yes_reference_pattern_reused_from_ali_recheck_100,risk_pattern_only,no_finished_video_reference,no,no,pending_user_review,它突然哪一天它就不漏了（暗示自愈可能性，未明确限定条件）,health_action_risk_pending_professional_review,‘它突然哪一天它就不漏了’是否构成效果过度承诺；‘十五年女性健康行业经验’是否涉及资质暗示,high,reused_existing_ali_recheck_success_no_new_api_call
fv_0012,ai_needed_final_video,你的小肚子凸可能不是胖.mp4,movement_correction,positive_reference_only,痛点可视化,00:00:00.000：主讲人单膝跪姿，字幕‘你的小肚子凸可能不是胖’+‘小腹下坠 骨盆前倾 不见啦！’，明确痛点可视化,00:00:00.000,00:00:09.993,9.993,动作演示；口令；数字计数,partial_action_visible_pending_professional_review,subtitle_action_alignment_partial_visual_only_pending_audio_transcript,画面始终为同一女性在室内垫上示范跪姿侧弓步类动作；字幕反复强调‘左右交替进行 10次一组做3组’及数字计数；首帧突出‘小肚子凸可能不是胖’痛点；中段无明显错误动作单独演示帧，但‘采用跪姿’字样出现在00:00:01.000帧，暗示对常规站姿的修正；结尾无额外讲解或总结性字幕,00:00:00.000；00:00:01.000；00:00:09.993；00:00:17.766；00:00:26.649；00:00:35.532；00:00:44.415；00:00:55.169,动作演示；口令；数字计数,动作完成；数字强化,5,5,5,yes_reference_pattern_reused_from_ali_recheck_100,risk_pattern_only,no_finished_video_reference,no,no,pending_user_review,骨盆前倾表述需医学依据支持，避免将体态问题简化为单一动作可解决,health_action_risk_pending_professional_review,‘骨盆前倾不见啦’是否构成医疗效果承诺；‘采用跪姿’是否对应真实常见错误姿势（如站立骨盆前倾）；字幕中‘10次一组做3组’是否与实际动作节奏匹配,medium,reused_existing_ali_recheck_success_no_new_api_call
fv_0013,ai_needed_final_video,先减肥还是先改善漏尿.mp4,problem_solution,positive_reference_only,痛点可视化,00:00:00.000（蜷坐女性+标题‘先减肥？还是先改善漏尿？90%的人都选错了’）→00:00:01.000（主讲人出场+字幕‘你是先减肥’）,00:00:00.000,00:00:10.896,10.896,原因解释；口令式引导；选择建议,pending_manual_review,subtitle_action_alignment_partial_visual_only_pending_audio_transcript,首帧为蜷坐女性+大字标题‘先减肥？还是先改善漏尿？90%的人都选错了’；后续7帧均为同一主讲人坐书架前讲解，字幕依次出现‘你是先减肥’‘但是很多人呢’‘其实是要先进行评估’‘达不到很好的效果的时候’‘减少腹部压力’‘来去选择’‘我也可以给你分析分析’；每帧右上角有竖排小字‘十五年女性健康行业经验’；底部统一标注‘本内容仅为科普分享，请结合自身情况理性参考’,00:00:00.000；00:00:01.000；00:00:10.896；00:00:19.371；00:00:29.056；00:00:38.742；00:00:48.427；00:01:00.184,原因解释；口令式引导；选择建议,轻行动；结果重申,5,4,5,yes_reference_pattern_reused_from_ali_recheck_100,risk_pattern_only,no_finished_video_reference,no,no,pending_user_review,90%的人都选错了（绝对化表述）；改善漏尿”未说明医学前提,health_action_risk_pending_professional_review,‘90%的人都选错了’数据来源是否可证；‘改善漏尿’是否需加‘症状缓解’等限定词,high,reused_existing_ali_recheck_success_no_new_api_call
fv_0014,ai_needed_final_video,别再疯狂练收紧可能越练越漏尿.mp4,single_action_tts_teaching,positive_reference_only,痛点可视化,00:00:00.000（左侧图：蜷缩抱膝女性+大字幕‘别再疯狂练收紧 可能越练越漏尿’）,00:00:00.000,00:00:01.000,1,口令强调；动作示意（手势指向）；对比陈述（收紧vs放松）,partial_action_visible_pending_professional_review,subtitle_action_alignment_partial_visual_only_pending_audio_transcript,首帧为蹲坐抱膝女性+红黑警示字幕；后续7帧均为同一女性在书架前讲解，穿红色上衣，配合手势与字幕推进观点；字幕含‘十五年女性健康行业经验’水印；无实际动作演示，仅有手部示意；结尾帧为微笑+‘来找我’字幕,00:00:00.000；00:00:01.000；00:00:07.878；00:00:14.006；00:00:21.009；00:00:28.012；00:00:35.015；00:00:43.419,口令强调；动作示意（手势指向）；对比陈述（收紧vs放松）,轻行动；价值收束,5,5,5,yes_reference_pattern_reused_from_ali_recheck_100,risk_pattern_only,no_finished_video_reference,no,no,pending_user_review,医学健康边界：将漏尿归因为‘练收紧’需谨慎；未明确提示就医指征,health_action_risk_pending_professional_review,‘越练越漏尿’是否构成医疗效果暗示；‘硬如石头’是否易引发误解；水印文字‘本内容仅为科普分享…’是否全程可见,high,reused_existing_ali_recheck_success_no_new_api_call
fv_0015,ai_needed_final_video,单纯练凯格尔能改善漏尿吗.mp4,problem_solution,positive_reference_only,痛点可视化,00:00:00.000（蹲坐抱膝女性+大字标题‘单纯练凯格尔能改善漏尿吗’）→ 00:00:01.000（主讲人问‘姐妹们你有没有这种情况’）,00:00:00.000,00:00:33.144,33.144,口令引导；动作示意；原因解释,partial_action_visible_pending_professional_review,subtitle_action_alignment_partial_visual_only_pending_audio_transcript,首帧为蹲坐抱膝女性+标题提问；后续多帧为主讲人坐书架前讲解，配合手势（握拳、张开、收拢）演示‘收紧’动作；字幕含‘憋不住尿’‘收紧收紧收紧’‘盲目跟练’‘可以参考’等短句；每帧右上角有‘十五年女性健康行业经验’竖排文字；底部统一小字‘本内容仅为科普分享，请结合自身情况理性参考’,00:00:00.000；00:00:01.000；00:00:33.144；00:00:58.923；00:01:28.384；00:01:57.846；00:02:27.307；00:03:03.784,口令引导；动作示意；原因解释,轻行动；价值收束,5,5,4,yes_reference_pattern_reused_from_ali_recheck_100,risk_pattern_only,no_finished_video_reference,no,no,pending_user_review,效果承诺边界模糊（‘能改善’未限定条件）；未明确医学禁忌人群,health_action_risk_pending_professional_review,‘能改善漏尿吗’标题是否构成效果承诺；‘收紧收紧收紧’口令是否伴随准确骨盆底肌发力示意（仅手势不足）,high,reused_existing_ali_recheck_success_no_new_api_call
fv_0016,ai_needed_final_video,妈妈臀 臀凹陷一个动作饱满臀部.mp4,single_action_tts_teaching,positive_reference_only,痛点可视化,00:00:00.000：主画面背坐椅+粉色球，左下角大字‘妈妈臀 臀凹陷’+‘一个动作饱满臀部’；00:00:01.000：叠加‘每天坚持这个动作 臀饱满了’字幕，右侧出现臀部前后对比图,00:00:00.000,00:00:02.395,2.395,单动作循环演示；图解对比；字幕强化,complete_or_key_cycle_visible_visual_only,subtitle_action_alignment_partial_visual_only_pending_audio_transcript,全程单一坐姿夹球动作循环；画面左下角始终显示‘妈妈臀 臀凹陷 一个动作饱满臀部’；中后段每帧顶部固定字幕‘每天坚持这个动作 臀饱满了’；右侧持续叠加臀部凹陷vs饱满的对比示意图（粉色紧身裤+虚线标注）；无口播文字外的其他字幕；人物始终背对镜头，未转面或说话,00:00:00.000；00:00:01.000；00:00:02.395；00:00:04.258；00:00:06.386；00:00:08.515；00:00:10.644；00:00:12.955,单动作循环演示；图解对比；字幕强化,结果重申,3,5,5,yes_reference_pattern_reused_from_ali_recheck_100,risk_pattern_only,no_finished_video_reference,no,no,pending_user_review,效果承诺（饱满臀部）；医学健康边界（未说明适用人群/禁忌）,health_action_risk_pending_professional_review,‘臀饱满了’是否构成效果承诺违规；对比图是否误导（未标注为示意）；是否缺失禁忌人群提示,high,reused_existing_ali_recheck_success_no_new_api_call
fv_0027,ai_needed_final_video,5月15日.mp4,movement_correction,positive_reference_only,痛点可视化,00:00:00.000（坐姿讲解+大字幕痛点+‘每天练习三组’承诺）,00:00:00.000,00:00:01.000,1,动作演示、对比图解、呼吸口令,partial_action_visible_pending_professional_review,subtitle_action_alignment_partial_visual_only_pending_audio_transcript,画面主体为女性示范者，穿黄绿运动服，在地毯上依次演示四种臀桥变式；每帧含主画面+四小图对比；字幕反复出现‘肚子小了 臀部翘了 胳膊瘦了’‘骨盆核心收紧 呼气向上 吸气向下’；右上角标注‘非医疗保健科普 仅供参考’；无口播文字可见，仅画面与字幕信息,00:00:00.000；00:00:01.000；00:00:03.607；00:00:06.412；00:00:09.619；00:00:12.825；00:00:16.031；00:00:19.689,动作演示、对比图解、呼吸口令,动作完成、结果重申,5,5,5,yes_reference_pattern_reused_from_ali_recheck_100,risk_pattern_only,no_finished_video_reference,no,no,pending_user_review,非医疗保健科普 仅供参考；未说明禁忌症与个体差异,health_action_risk_pending_professional_review,字幕中‘肚子小了 臀部翘了 胳膊瘦了’是否构成效果过度承诺；四小图变式顺序是否与口播逻辑一致（当前仅画面证据）,high,reused_existing_ali_recheck_success_no_new_api_call
fv_0028,ai_needed_final_video,5月16日.mp4,movement_correction,positive_reference_only,痛点可视化,"00:00:00.000：坐姿持球+字幕‘只需一个小球 让你告别""小腹婆""’，明确痛点与工具",00:00:00.000,00:00:01.000,1,动作演示；字幕口令；步骤引导,complete_or_key_cycle_visible_visual_only,subtitle_action_alignment_partial_visual_only_pending_audio_transcript,画面中女性依次展示：坐姿引出问题→俯卧持球→耻骨区施压→身体前后滚动→最终俯卧放松；字幕同步提示动作指令与生理效果；全程无口播可见，仅依赖画面与字幕推进；左侧竖排文字‘传播女性正能量 拒绝焦虑’为固定水印,00:00:00.000；00:00:01.000；00:00:04.706；00:00:08.366；00:00:12.550；00:00:16.733；00:00:20.916；00:00:25.795,动作演示；字幕口令；步骤引导,结果重申；动作完成,5,5,5,yes_reference_pattern_reused_from_ali_recheck_100,risk_pattern_only,no_finished_video_reference,no,no,pending_user_review,缓解脏腑下垂（医学效果承诺）,health_action_risk_pending_professional_review,‘缓解脏腑下垂’字幕是否合规；‘减少腹内压’是否构成医疗效果暗示；动作是否真能对应所述生理机制（需专业复核）,high,reused_existing_ali_recheck_success_no_new_api_call
fv_0017,ai_needed_final_video,30岁的女性练八爪鱼要多久6.2（4）.mp4,single_action_tts_teaching,positive_reference_only,人群点名,00:00:00.000（正面坐姿+标题字幕‘30岁的女性 练八爪鱼要多久’）,00:00:00.000,00:00:01.000,1,动作演示、口令提示、道具使用说明,partial_action_visible_pending_professional_review,subtitle_action_alignment_partial_visual_only_pending_audio_transcript,画面中女性在不同时间点演示同一动作变体：坐于瑜伽球上做开胯/骨盆调整类姿势；字幕反复出现‘30岁的女性 练八爪鱼要多久’，穿插‘快的一周？’‘现在很多高段位的女性’‘现在练习不需要大几万’‘只需要一个同款瑜伽小球’‘就可以’‘或者评论区留言哦’；背景为居家客厅，无他人出镜；动作幅度小，以静态保持为主,00:00:00.000；00:00:01.000；00:00:03.160；00:00:05.617；00:00:08.426；00:00:11.235；00:00:14.043；00:00:17.204,动作演示、口令提示、道具使用说明,轻行动（评论区留言）、道具复用提示,5,5,4,yes_reference_pattern_reused_from_ali_recheck_100,risk_pattern_only,no_finished_video_reference,no,no,pending_user_review,效果承诺（一周见效）；隐含身体形态改善暗示,pending_user_review,字幕中‘快的一周？’是否构成效果承诺；‘八爪鱼’动作是否被观众误认为医疗行为；瑜伽球使用是否涉及安全风险提示缺失,high,reused_existing_ali_recheck_success_no_new_api_call
fv_0018,ai_needed_final_video,40岁女性练八爪鱼需要多久呢.mp4,single_action_tts_teaching,positive_reference_only,问题设问,00:00:00.000：正面坐姿+大字幕‘40岁女性练八爪鱼需要多久呢’；00:00:01.000：背对镜头跪坐，字幕‘40岁女性’强化人群定位,00:00:00.000,00:00:03.039,3.039,动作演示；图解（八爪鱼/盆底肌解剖图）；字幕因果解释,complete_or_key_cycle_visible_visual_only,subtitle_action_alignment_partial_visual_only_pending_audio_transcript,画面共8帧：前2帧为设问+人群定位；第3-4帧展示动作变体与时间承诺；第5-6帧引入盆底肌解剖图与‘偷偷练习’话术；后2帧聚焦收益分层（紧致+抓握力）。字幕持续出现‘传播女性正能量 拒绝焦虑’水印。无口播文字可见，仅字幕与图像信息。动作连续性良好，从坐姿到跪坐、仰卧、侧卧再到开胯，呈现完整动作流程。,00:00:00.000；00:00:01.000；00:00:03.039；00:00:05.402；00:00:08.103；00:00:10.804；00:00:13.505；00:00:16.531,动作演示；图解（八爪鱼/盆底肌解剖图）；字幕因果解释,结果重申；收益扩展,5,5,3,yes_reference_pattern_reused_from_ali_recheck_100,risk_pattern_only,no_finished_video_reference,no,no,pending_user_review,效果时间承诺（一周/两周）；‘特别好练’可能弱化练习难度；盆底肌图解涉及医学概念,health_action_risk_pending_professional_review,‘快一周慢两周’是否构成效果承诺过界；盆底肌解剖图使用是否合规；‘偷偷练习’是否暗示隐蔽性/羞耻感诱导,high,reused_existing_ali_recheck_success_no_new_api_call
fv_0019,ai_needed_final_video,40岁女性练出J致的盆底肌需要多久？6.1.mp4,knowledge_explainer,positive_reference_only,人群点名,00:00:00.000（正面坐姿+大字标题）、00:00:01.000（侧身+‘40岁女人’字幕）,00:00:00.000,00:00:03.331,3.331,图解（产后盆底肌vs修复后）、类比图（章鱼触手）、口令式字幕说明,partial_action_visible_pending_professional_review,subtitle_action_alignment_partial_visual_only_pending_audio_transcript,画面始终为同一女性坐于粉色球上，穿运动服；字幕反复出现标题‘40岁女性练出J致的盆底肌需要多久？’；中段插入章鱼图、盆底肌解剖对比图；动作无明显变化，以坐姿配合手势/转体为主；无口播文字转录证据，仅依赖字幕传递信息,00:00:00.000；00:00:01.000；00:00:03.331；00:00:05.922；00:00:08.883；00:00:11.844；00:00:14.805；00:00:18.156,图解（产后盆底肌vs修复后）、类比图（章鱼触手）、口令式字幕说明,结果重申+价值收束,5,5,4,yes_reference_pattern_reused_from_ali_recheck_100,risk_pattern_only,no_finished_video_reference,no,no,pending_user_review,效果时间承诺（7天/半月）；‘J致’等非医学术语表述；‘真的不用瞎折腾’隐含否定其他方法；‘少女股的包裹感’存在过度承诺风险,health_action_risk_pending_professional_review,‘J致’是否合规；7天/半月时间承诺是否有依据；章鱼图类比是否误导；‘少女股的包裹感’是否存在过度承诺,high,reused_existing_ali_recheck_success_no_new_api_call
fv_0020,ai_needed_final_video,40岁女性都想拥有灵动蜜桃臀6.15.mp4,single_action_tts_teaching,positive_reference_only,人群点名,00:00:00.000（正面坐姿+主标题）、00:00:01.000（侧坐+‘40岁女性’字幕）,00:00:00.000,00:00:03.273,3.273,单动作演示；口令式字幕引导；前后体态对比；多角度展示,complete_or_key_cycle_visible_visual_only,subtitle_action_alignment_partial_visual_only_pending_audio_transcript,画面始终为同一女性在室内用椅子+瑜伽球做坐姿骨盆激活类动作；字幕重复‘40岁女性都想拥有灵动蜜桃臀’；出现‘快一周’‘其实塑形紧致’‘谁练谁受益’‘因为坚持养护’‘都悄悄逆袭’等结果导向短句；无器械切换、无多人对比、无解剖图示；动作幅度小，以微调骨盆位置为主，包含正面、侧面、背面多个视角展示同一动作,00:00:00.000；00:00:01.000；00:00:03.273；00:00:05.818；00:00:08.727；00:00:11.636；00:00:14.545；00:00:17.831,单动作演示；口令式字幕引导；前后体态对比；多角度展示,价值收束；轻行动暗示（坐姿维持）,5,5,5,yes_reference_pattern_reused_from_ali_recheck_100,risk_pattern_only,no_finished_video_reference,no,no,pending_user_review,效果承诺（灵动蜜桃臀）；年龄指向性过强（40岁女性都想）；‘快一周’暗示速效,pending_user_review,‘快一周’是否构成效果时限承诺；‘灵动蜜桃臀’是否属过度美化身体部位；‘非医疗保健科普 仅供参考’竖排小字是否全程可见且清晰,high,reused_existing_ali_recheck_success_no_new_api_call
fv_0021,ai_needed_final_video,40岁的女性修复盆底肌要多久.mp4,single_action_tts_teaching,positive_reference_only,痛点可视化,00:00:00.000：主画面+大字幕‘40岁的女性 修复盆底肌要多久？’，人物坐瑜伽球呈准备态；00:00:01.000：切坐椅姿态，同步口型启动讲解,00:00:00.000,00:00:03.327,3.327,动作演示；原因解释；图解（解剖图）；口令式强调,partial_action_visible_pending_professional_review,subtitle_action_alignment_partial_visual_only_pending_audio_transcript,画面始终为同一女性在室内场景中演示坐姿盆底肌训练；字幕依次呈现问题→时间范围→否定误区→年龄无关→坚持必要→解剖示意→动作要点→收益描述；00:00:08.872与00:00:11.829出现小图解剖插图；00:00:14.786起转背对视角演示；无明显剪辑跳帧，但结尾突兀无收尾动作,00:00:00.000；00:00:01.000；00:00:03.327；00:00:05.915；00:00:08.872；00:00:11.829；00:00:14.786；00:00:18.133,动作演示；原因解释；图解（解剖图）；口令式强调,结果重申；轻行动引导,5,5,4,yes_reference_pattern_reused_from_ali_recheck_100,risk_pattern_only,no_finished_video_reference,no,no,pending_user_review,效果承诺（快7天）；‘少女般包裹感’可能构成过度承诺,pending_user_review,‘快7天’时间承诺是否具个体差异说明；‘少女般的包裹感’是否构成医疗效果暗示；解剖图来源与准确性；字幕‘拒绝低俗’等旁注是否合规,high,reused_existing_ali_recheck_success_no_new_api_call
fv_0022,ai_needed_final_video,40岁的女性修复盆底肌要多久？.mp4,knowledge_explainer,positive_reference_only,人群点名,00:00:00.000（标题字幕‘40岁的女性修复盆底肌要多久？’+人物正面坐姿，面向镜头）,00:00:00.000,00:00:05.922,5.922,图解（盆底肌前后对比）、类比图（章鱼触手）、字幕递进解释,complete_or_key_cycle_visible_visual_only,subtitle_action_alignment_partial_visual_only_pending_audio_transcript,画面中女性始终坐于粉色球上，姿势从正坐→侧坐→背对→跪坐循环；字幕依次呈现问题、时间范围、解剖图对比、章鱼类比、收益描述；无实际动作演示，仅有姿态微调与图示叠加；图示包括‘产后益底肌’与‘修复后益底肌’对比图、章鱼触手类比图；‘益底肌’疑似为‘盆底肌’笔误；章鱼图解未显示具体肌肉运动机制,00:00:00.000；00:00:01.000；00:00:03.331；00:00:05.922；00:00:08.883；00:00:11.844；00:00:14.805；00:00:18.156,图解（盆底肌前后对比）、类比图（章鱼触手）、字幕递进解释,结果重申；价值收束；情绪化收益描述,5,5,3,yes_reference_pattern_reused_from_ali_recheck_100,risk_pattern_only,no_finished_video_reference,no,no,pending_user_review,效果时间承诺（7天/半个月）；‘少女股’等非医学表述；‘益底肌’疑似错字,health_action_risk_pending_professional_review,‘益底肌’是否为‘盆底肌’笔误；章鱼图解与盆底肌功能关联性是否合理；‘7天/半个月’时间承诺是否有临床依据支持,high,reused_existing_ali_recheck_success_no_new_api_call
fv_0023,ai_needed_final_video,40岁的女性练出八爪鱼要多久.mp4,single_action_tts_teaching,positive_reference_only,人群点名,00:00:00.000：女主坐姿+大字幕‘40岁的女性 练出八爪鱼要多久’；00:00:01.000：延续标题+左侧竖排‘传播女性正能量 拒绝焦虑’,00:00:00.000,00:00:03.026,3.026,动作演示；图解（盆底肌结构图）；字幕口令（‘抓握力’）,partial_action_visible_pending_professional_review,subtitle_action_alignment_partial_visual_only_pending_audio_transcript,画面主体为40岁左右女性在室内地毯上进行盆底肌相关动作练习；字幕反复出现‘40岁的女性 练出八爪鱼要多久’‘快一周慢两周’‘其实八爪鱼特别好练’‘都在偷偷练习盆底肌’‘抓握力’‘还会有八爪鱼肌’；右上角固定显示章鱼/八爪鱼图像；中段插入两组盆底肌解剖示意图（标注‘正常状态’‘松弛状态’）；左侧竖排文字始终为‘传播女性正能量 拒绝焦虑’,00:00:00.000；00:00:01.000；00:00:03.026；00:00:05.380；00:00:08.069；00:00:10.759；00:00:13.449；00:00:16.461,动作演示；图解（盆底肌结构图）；字幕口令（‘抓握力’）,结果重申；价值收束（年龄解绑）,5,5,4,yes_reference_pattern_reused_from_ali_recheck_100,risk_pattern_only,no_finished_video_reference,no,no,pending_user_review,效果承诺（‘快一周’）；医学术语模糊化（‘八爪鱼肌’非标准解剖名词）,health_action_risk_pending_professional_review,‘八爪鱼肌’是否构成误导性健康承诺；盆底肌图解是否准确对应所演示动作；‘快一周慢两周’字幕是否需加限定语,high,reused_existing_ali_recheck_success_no_new_api_call
fv_0024,ai_needed_final_video,40岁的女性练出八爪鱼需要多久？.mp4,single_action_tts_teaching,positive_reference_only,痛点可视化,00:00:00.000（标题设问+盘坐姿态）→00:00:01.000（同标题+侧坐转体起始）,00:00:00.000,00:00:03.026,3.026,图解（八爪鱼/解剖图对比）；文字归因（都在偷偷练习盆底肌）；动作示意（坐姿骨盆微调）,partial_action_visible_pending_professional_review,subtitle_action_alignment_partial_visual_only_pending_audio_transcript,画面始终为同一女性在室内坐姿演示；字幕反复出现‘40岁的女性练出八爪鱼需要多久？’；中段插入八爪鱼图像与盆底肌解剖图对比；动作从盘坐→椅坐→微调骨盆→背对镜头；无口播文字仅靠字幕传递信息,00:00:00.000；00:00:01.000；00:00:03.026；00:00:05.380；00:00:08.069；00:00:10.759；00:00:13.449；00:00:16.461,图解（八爪鱼/解剖图对比）；文字归因（都在偷偷练习盆底肌）；动作示意（坐姿骨盆微调）,能力具象化；结果重申,5,5,3,yes_reference_pattern_reused_from_ali_recheck_100,risk_pattern_only,no_finished_video_reference,no,no,pending_user_review,效果承诺（快一周）；将盆底肌功能类比为‘八爪鱼’可能引发医学表述不严谨风险,health_action_risk_pending_professional_review,‘八爪鱼’类比是否构成医疗效果暗示；解剖图版权与准确性；‘快一周’是否构成绝对时间承诺,high,reused_existing_ali_recheck_success_no_new_api_call
fv_0025,ai_needed_final_video,40＋的女性修复盆底肌要多久6.15.mp4,single_action_tts_teaching,positive_reference_only,人群点名,00:00:00.000（正面坐姿+标题字幕‘40+的女性 修复盆底肌要多久’）,00:00:00.000,00:00:03.381,3.381,单动作多角度演示；字幕强化时间与收益；体态变化对比暗示,partial_action_visible_pending_professional_review,subtitle_action_alignment_partial_visual_only_pending_audio_transcript,画面中女性在不同体位（坐、跪、侧坐）使用粉色瑜伽球进行盆底肌相关练习；字幕反复出现‘40+的女性’‘修复盆底肌要多久’‘快7天慢半个月’‘真的不用瞎折腾’‘跟年龄大小根本没关系’‘不光能收紧紧致’‘还能找回少女股的包裹感’；无口播文字可见，仅字幕信息；动作连贯但无明显分步拆解,00:00:00.000；00:00:01.000；00:00:03.381；00:00:06.011；00:00:09.017；00:00:12.022；00:00:15.028；00:00:18.435,单动作多角度演示；字幕强化时间与收益；体态变化对比暗示,收益具象化；轻行动暗示（持续练习）,5,5,5,yes_reference_pattern_reused_from_ali_recheck_100,risk_pattern_only,no_finished_video_reference,no,no,pending_user_review,时间承诺‘快7天’可能引发效果预期偏差；‘少女股的包裹感’属主观感受表述，边界模糊,health_action_risk_pending_professional_review,‘快7天’时间承诺是否符合医学共识；‘少女股的包裹感’是否构成不当身体比较诱导；字幕‘真的不用瞎折腾’是否隐含贬低其他方法,high,reused_existing_ali_recheck_success_no_new_api_call
fv_0026,ai_needed_final_video,40＋的姐妹练出紧致的盆底肌.mp4,single_action_tts_teaching,positive_reference_only,人群点名,00:00:00.000（坐姿+标题字幕‘40+的姐妹 练出紧致的盆底肌’）,00:00:00.000,00:00:04.869,4.869,动作演示；文字口令；前后对比图；解剖示意图；行为归因解释,partial_action_visible_pending_professional_review,subtitle_action_alignment_partial_visual_only_pending_audio_transcript,画面含多帧同一女性在不同姿势下使用瑜伽球/椅子做盆底肌训练；字幕含‘40+的姐妹’‘练出紧致的盆底肌’‘左右提臀100次’‘魔力转圈圈100次’‘妈妈臀不见了’‘再也没有了’；插入两组对比图（正常vs松弛盆底肌）与臀部前后对比图；无口播文字仅字幕可见；中段出现‘因为你每天坐在瑜伽球上’作为行为归因，配合解剖图说明机制,00:00:00.000；00:00:01.000；00:00:04.869；00:00:08.656；00:00:12.984；00:00:17.313；00:00:21.641；00:00:26.701,动作演示；文字口令；前后对比图；解剖示意图；行为归因解释,动作完成态展示；结果重申；轻行动收尾,5,5,4,yes_reference_pattern_reused_from_ali_recheck_100,risk_pattern_only,no_finished_video_reference,no,no,pending_user_review,‘妈妈臀不见了’属效果暗示性表述；‘再也没有了’构成绝对化结果承诺；未明确医学边界声明,health_action_risk_pending_professional_review,‘妈妈臀不见了’是否构成效果保证；‘再也没有了’是否过度承诺；解剖图标注准确性；动作是否真针对盆底肌而非臀大肌,high,reused_existing_ali_recheck_success_no_new_api_call
fv_0029,ai_needed_final_video,一个动作让你练出紧致的盆底肌.mp4,single_action_tts_teaching,positive_reference_only,结果承诺,00:00:00.000（坐姿持球+主标题字幕）与00:00:01.000（躺姿起始准备）构成开头引导段,00:00:00.000,00:00:05.371,5.371,动作演示；呼吸口令；图解对比；步骤分解,partial_action_visible_pending_professional_review,subtitle_action_alignment_partial_visual_only_pending_audio_transcript,画面含主讲人坐姿引入、躺姿分步演示臀桥式（脚跟点地→抬臀→耻骨上提→呼气收紧），叠加字幕提示动作要点；第5帧出现盆底肌‘修复前/后’图示对比；末帧为完成姿态+行动号召字幕；全程顶部固定标题‘一个动作让你练出紧致的盆底肌’，左下角标注‘非医疗保健科普 仅供参考’,00:00:00.000；00:00:01.000；00:00:05.371；00:00:09.548；00:00:14.322；00:00:19.096；00:00:23.870；00:00:29.487,动作演示；呼吸口令；图解对比；步骤分解,时间量化；轻行动号召,5,5,4,yes_reference_pattern_reused_from_ali_recheck_100,risk_pattern_only,no_finished_video_reference,no,no,pending_user_review,非医疗保健科普 仅作参考；效果承诺未限定个体差异,pending_user_review,‘修复前/后’图示是否易引发疗效误解；‘紧致’等词在字幕中是否过度承诺,high,reused_existing_ali_recheck_success_no_new_api_call
fv_0030,ai_needed_final_video,一个小球四个动作轻松瘦腰翘臀6.2（2）.mp4,single_action_tts_teaching,positive_reference_only,痛点可视化,00:00:00.000（标题+坐球姿势）+00:00:01.000（背对坐球）+00:00:03.711（加解剖图）构成痛点引入三连帧,00:00:00.000,00:00:06.598,6.598,动作演示；解剖图解；口令提示,partial_action_visible_pending_professional_review,subtitle_action_alignment_partial_visual_only_pending_audio_transcript,画面含4组动作：盘坐压球、跪坐压球、椅坐压球、坐椅夹球；字幕反复强调‘不小心坐小球上’‘盆底健康’‘漏尿尴尬’；插入2处解剖对比图（盆底肌松弛vs正常）及1处卡通表情包；所有帧均标注‘非医疗保健科普 仅供参考’,00:00:00.000；00:00:01.000；00:00:03.711；00:00:06.598；00:00:09.897；00:00:13.196；00:00:16.495；00:00:20.269,动作演示；解剖图解；口令提示,结果重申；幽默收尾,5,5,5,yes_reference_pattern_reused_from_ali_recheck_100,risk_pattern_only,no_finished_video_reference,no,no,pending_user_review,非医疗保健科普 仅作参考；盆底肌效果承诺边界模糊,health_action_risk_pending_professional_review,解剖图是否易引发医疗误解；‘漏尿’表述是否过度具体；卡通图是否弱化专业性,high,reused_existing_ali_recheck_success_no_new_api_call
fv_0031,ai_needed_final_video,一个小球帮你练出少女腹.mp4,single_action_tts_teaching,positive_reference_only,结果承诺,00:00:00.000（主讲人正面坐姿，字幕‘一个小球帮你练出少女腹’）,00:00:00.000,00:00:00.806,0.806,动作演示；呼吸口令同步；体位变化展示,complete_or_key_cycle_visible_visual_only,subtitle_action_alignment_partial_visual_only_pending_audio_transcript,画面为单人室内演示；首帧正面介绍小球与目标；中段连续多帧均为背对视角重复同一组坐姿呼吸动作（手臂上举→后仰→回落），每帧配相同黄色标题字幕与蓝色呼吸图标；动作节奏稳定，无明显分步拆解或变式；未见计数、时长提示或错误纠正；小球始终位于臀下，未见发力支撑证据,00:00:00.000；00:00:00.806；00:00:01.814；00:00:03.225；00:00:04.837；00:00:06.449；00:00:08.062；00:00:09.727,动作演示；呼吸口令同步；体位变化展示,动作完成态定格；重复强化,5,5,5,yes_reference_pattern_reused_from_ali_recheck_100,risk_pattern_only,no_finished_video_reference,no,no,pending_user_review,‘少女腹’效果承诺模糊；‘越练越J致’表述易引发健康边界质疑,health_action_risk_pending_professional_review,‘少女腹’是否构成医疗效果暗示；‘J致’是否违反平台用语规范；小球在动作中是否仅装饰无功能,high,reused_existing_ali_recheck_success_no_new_api_call
fv_0032,ai_needed_final_video,一个瑜伽小球告别小肚腩妈妈臀.mp4,single_action_tts_teaching,positive_reference_only,人群点名,00:00:00.000：主讲人正面坐瑜伽球，大字幕‘一个瑜伽小球 告别小肚腩妈妈臀’；00:00:01.000：侧后方坐姿+字幕‘高段位女性都在练盆底’+局部对比图,00:00:00.000,00:00:02.738,2.738,动作演示；效果文字叠加；身体局部对比图,complete_or_key_cycle_visible_visual_only,subtitle_action_alignment_partial_visual_only_pending_audio_transcript,画面始终为同一女性演示坐姿核心训练动作（坐椅+手扶膝/握杆），配合固定字幕组反复出现；左下角有臀/腹局部对比图与抽象图标；无口播文字转录，仅依赖字幕传递信息；动作无明显变化，属单动作循环展示,00:00:00.000；00:00:01.000；00:00:02.738；00:00:04.867；00:00:07.300；00:00:09.734；00:00:12.167；00:00:14.859,动作演示；效果文字叠加；身体局部对比图,结果重申；轻行动号召,5,5,3,yes_reference_pattern_reused_from_ali_recheck_100,risk_pattern_only,no_finished_video_reference,no,no,pending_user_review,效果承诺（腹平/腰细/臀翘）未说明需配合饮食与长期坚持；‘40+女性都去练’存在群体泛化风险,pending_user_review,字幕中‘腹平了 腰细了 臀翘了’是否构成绝对化效果承诺；局部对比图是否为同一人前后照、有无误导性裁剪；‘40+女性都去练’是否违反广告法关于群体推荐禁令,high,reused_existing_ali_recheck_success_no_new_api_call
fv_0033,ai_needed_final_video,一个瑜伽小球告别臀凹陷6.4.mp4,single_action_tts_teaching,positive_reference_only,痛点可视化,00:00:00.000：主讲人正面坐姿持球，大字幕‘一个瑜伽小球 告别臀凹陷’；00:00:00.890起叠加黄字‘高段位女性都在练盆底…40+女性都去练’，明确痛点与人群,00:00:00.000,00:00:02.002,2.002,动作演示；字幕强化,complete_or_key_cycle_visible_visual_only,subtitle_action_alignment_partial_visual_only_pending_audio_transcript,画面始终为单人室内瑜伽场景，使用粉色小球辅助坐姿；前4帧聚焦正面/背面动作起始，中段重复相同动作变角拍摄；字幕内容从头至尾完全一致，无分步口令或进度提示；无前后对比图或效果实拍,00:00:00.000；00:00:00.890；00:00:02.002；00:00:03.559；00:00:05.339；00:00:07.118；00:00:08.898；00:00:10.772,动作演示；字幕强化,动作完成；轻行动号召,5,5,5,yes_reference_pattern_reused_from_ali_recheck_100,risk_pattern_only,no_finished_video_reference,no,no,pending_user_review,效果承诺（腹平/腰细/臀翘）；年龄指向性（40+女性都去练）,health_action_risk_pending_professional_review,字幕中‘腹平了 腰细了 臀翘了’是否构成效果保证；‘40+女性都去练’是否构成不当群体引导；动作是否真能解决臀凹陷（医学边界）,high,reused_existing_ali_recheck_success_no_new_api_call
fv_0034,ai_needed_final_video,一个瑜伽小球告别跑跳漏氵尴尬6.3（2）.mp4,movement_correction,positive_reference_only,痛点可视化,00:00:00.000（坐瑜伽球+字幕‘一个瑜伽小球 告别跑跳漏氵尴尬’）,00:00:00.000,00:00:03.757,3.757,错误动作演示；原因解释；图解说明；正确动作口令式训练,partial_action_visible_pending_professional_review,subtitle_action_alignment_partial_visual_only_pending_audio_transcript,首帧坐球引出主题；后续多帧展示错误坐姿、动作分解、盆底肌前后对比图、提臀训练；结尾用表情+卡通图强化结果；全程字幕主导信息传递，无明显口播画面证据,00:00:00.000；00:00:01.000；00:00:03.757；00:00:06.680；00:00:10.020；00:00:13.360；00:00:16.700；00:00:20.525,错误动作演示；原因解释；图解说明；正确动作口令式训练,结果重申；情绪收束；轻行动指令,5,5,4,yes_reference_pattern_reused_from_ali_recheck_100,risk_pattern_only,no_finished_video_reference,no,no,pending_user_review,未明确说明适用人群边界；‘100次’量化训练可能引发过度训练误解,health_action_risk_pending_professional_review,盆底肌图解是否准确合规；‘漏氵’字幕是否涉及敏感词风险；100次训练是否需加‘根据体能调整’提示,high,reused_existing_ali_recheck_success_no_new_api_call
fv_0035,ai_needed_final_video,一个瑜伽小球练出灵动的八爪鱼6.1（3）.mp4,single_action_tts_teaching,positive_reference_only,痛点可视化,00:00:00.000（坐姿持球+标题字幕‘练出灵动的八爪鱼’）、00:00:01.000（换装坐椅+‘当你能用瑜伽小球’引出问题）,00:00:00.000,00:00:03.055,3.055,动作演示；图解对比；口令重复；卡通场景具象化,partial_action_visible_pending_professional_review,subtitle_action_alignment_partial_visual_only_pending_audio_transcript,画面中女性在瑜伽小球上进行不同坐姿与骨盆控制动作；字幕反复出现‘一个瑜伽小球 练出灵动的八爪鱼’；出现‘拧毛巾的练习’‘每天完成50次’‘修复前→修复后’图示；卡通插图表现漏尿场景；结尾叠加八爪鱼图像象征强化效果,00:00:00.000；00:00:01.000；00:00:03.055；00:00:05.432；00:00:08.148；00:00:10.863；00:00:13.579；00:00:16.624,动作演示；图解对比；口令重复；卡通场景具象化,结果重申；动作完成；价值收束,5,4,4,yes_reference_pattern_reused_from_ali_recheck_100,risk_pattern_only,no_finished_video_reference,no,no,pending_user_review,将回到没抱娃之前（暗示产后恢复效果，存在过度承诺风险）；强悍（效果夸大）,health_action_risk_pending_professional_review,‘将回到没抱娃之前’是否构成医疗效果承诺；‘强健’‘八爪鱼’等隐喻是否误导用户对生理效果预期；修复前后图示是否具备临床可验证性,high,reused_existing_ali_recheck_success_no_new_api_call
fv_0036,ai_needed_final_video,一个瑜伽小球练出灵动的八爪鱼6.8（（3）.mp4,single_action_tts_teaching,positive_reference_only,结果承诺,00:00:00.000：主讲人坐姿持球，大字幕‘一个瑜伽小球 练出灵动的八爪鱼’；00:00:01.000：同步出现四格分镜，标注‘前后移动（改善盆底松弛）’‘上下拍打（改善盆底漏水）’等动作+功效组合,00:00:00.000,00:00:05.743,5.743,动作演示；字幕标注动作名称与功效,complete_or_key_cycle_visible_visual_only,subtitle_action_alignment_partial_visual_only_pending_audio_transcript,画面始终为同一女性在室内地毯上使用粉色瑜伽小球做坐姿训练；8帧中6帧为四宫格分镜结构，每格含动作图+黄底黑字功效说明；无口播文字转录可见；动作包括前后移动、上下拍打、360°转圈、左右摆动四类；所有字幕均含‘改善XX’表述,00:00:00.000；00:00:01.000；00:00:05.743；00:00:10.209；00:00:15.314；00:00:20.419；00:00:25.523；00:00:31.554,动作演示；字幕标注动作名称与功效,动作完成；画面延续,5,5,5,yes_reference_pattern_reused_from_ali_recheck_100,risk_pattern_only,no_finished_video_reference,no,no,pending_user_review,改善盆底漏水；改善产后胯宽,health_action_risk_pending_professional_review,‘改善盆底漏水’‘改善产后胯宽’等疗效性字幕是否合规；动作是否真能达成所标功效（需专业复核）；有无隐藏口播提及医疗术语,high,reused_existing_ali_recheck_success_no_new_api_call
fv_0037,ai_needed_final_video,一个瑜伽小球练出紧致八爪鱼.mp4,single_action_tts_teaching,positive_reference_only,结果承诺,00:00:00.000：主画面坐姿持球+大字幕‘一个瑜伽小球 练出紧致八爪鱼’；00:00:01.000：进入多格分步演示起始帧，同步标题与动作,00:00:00.000,00:00:04.171,4.171,动作演示；口令标注；分步循环,complete_or_key_cycle_visible_visual_only,subtitle_action_alignment_partial_visual_only_pending_audio_transcript,画面始终为同一女性在室内地毯上使用粉色瑜伽小球进行坐姿训练；字幕固定显示‘一个瑜伽球练习八爪鱼’‘轻松居家锻炼 每天放松五分钟’；动作按四类标签循环演示：上下拍击、前后移动、左右摆动、拧毛巾；左侧竖排文字‘传播女性正能量 拒绝焦虑’贯穿全程；无口播文字转录可见，仅依赖画面与字幕传递信息,00:00:00.000；00:00:01.000；00:00:04.171；00:00:07.415；00:00:11.123；00:00:14.831；00:00:18.538；00:00:22.823,动作演示；口令标注；分步循环,动作完成；结果重申,5,5,4,yes_reference_pattern_reused_from_ali_recheck_100,risk_pattern_only,no_finished_video_reference,no,no,pending_user_review,‘紧致八爪鱼’为非医学术语，易引发效果过度联想；未说明适用人群限制,health_action_risk_pending_professional_review,‘紧致八爪鱼’是否构成误导性效果承诺；‘每天放松五分钟’是否与实际动作时长匹配；左侧竖排文字‘拒绝焦虑’是否构成情绪诱导,high,reused_existing_ali_recheck_success_no_new_api_call
fv_0038,ai_needed_final_video,一个瑜伽小球练出美丽的八爪鱼.mp4,single_action_tts_teaching,positive_reference_only,结果承诺,00:00:00.000：主讲人正面坐姿持球，大字幕‘一个瑜伽小球 练出美丽的八爪鱼’；00:00:01.000：背面起始动作，叠加统一话术字幕,00:00:00.000,00:00:02.712,2.712,动作演示；口令（呼气向前顶/吸气向后坐）；重复强化,complete_or_key_cycle_visible_visual_only,subtitle_action_alignment_partial_visual_only_pending_audio_transcript,画面始终为单人室内瑜伽垫场景，使用粉色小球；前8帧中6帧为同一动作循环演示（坐姿→手臂上举→后仰→还原），字幕高度重复；无切换场景、无他人示范、无解剖图示；左侧竖排小字‘待播女性正能量 拒绝低俗’，右下角固定提示‘不会呼吸的评论区留言找我’,00:00:00.000；00:00:01.000；00:00:02.712；00:00:04.822；00:00:07.233；00:00:09.644；00:00:12.055；00:00:14.719,动作演示；口令（呼气向前顶/吸气向后坐）；重复强化,结果重申；动作完成,5,5,5,yes_reference_pattern_reused_from_ali_recheck_100,risk_pattern_only,no_finished_video_reference,no,no,pending_user_review,效果承诺（小肚子平、臀翘）；医学健康边界（盆底肌紧了未说明适用人群与禁忌）,health_action_risk_pending_professional_review,‘盆底肌紧了’是否构成医疗效果承诺；‘八爪鱼’动作命名是否易引发误解；重复字幕是否违反平台重复信息规范,high,reused_existing_ali_recheck_success_no_new_api_call
fv_0039,ai_needed_final_video,一个瑜伽小球练出美丽的盆底肌6.1（4）.mp4,single_action_tts_teaching,positive_reference_only,结果承诺,00:00:00.000：标题字幕‘一个瑜伽小球 练出美丽的盆底肌’+坐姿持球正面演示；00:00:01.000：侧坐位，字幕‘如果你能每天前后’起始动作引导,00:00:00.000,00:00:03.181,3.181,动作演示、口令、量化重复次数,partial_action_visible_pending_professional_review,subtitle_action_alignment_partial_visual_only_pending_audio_transcript,画面始终为同一女性在地毯上使用粉色瑜伽小球进行坐姿盆底肌训练；字幕依次呈现标题、动作前提条件、动作名称与次数、生活化结果；无口播文字仅靠字幕推进；每帧均有‘非医疗保健科普 仅供参考’水印,00:00:00.000；00:00:01.000；00:00:03.181；00:00:05.654；00:00:08.482；00:00:11.309；00:00:14.136；00:00:17.320,动作演示、口令、量化重复次数,生活化类比收尾,5,5,5,yes_reference_pattern_reused_from_ali_recheck_100,risk_pattern_only,no_finished_video_reference,no,no,pending_user_review,非医疗保健科普 仅供参考；效果承诺隐含（美丽盆底肌）,health_action_risk_pending_professional_review,字幕‘练出美丽的盆底肌’是否构成过度效果承诺；‘尴尬的问题也没有了’是否涉及医疗效果暗示,high,reused_existing_ali_recheck_success_no_new_api_call
fv_0040,ai_needed_final_video,一个瑜伽小球练出美丽的马甲线6.2.mp4,single_action_tts_teaching,positive_reference_only,结果承诺,00:00:00.000（标题字幕‘一个瑜伽小球练出美丽的马甲线’+坐姿持球）构成结果前置钩子,00:00:00.000,00:00:02.031,2.031,动作演示；解剖图辅助；口令提示,partial_action_visible_pending_professional_review,subtitle_action_alignment_partial_visual_only_pending_audio_transcript,画面中女性全程使用粉色瑜伽小球进行跪姿/坐姿核心训练；每帧含黄底黑字主字幕+左下角蓝色图标+右上角解剖示意图；所有字幕均标注‘非医疗保健科普 仅供参考’；动作从静态准备→侧跪挤压→后视位伸展→仰卧抬臂→扭转→收尾对比；无口播文字可见，仅依赖字幕传递信息,00:00:00.000；00:00:00.903；00:00:02.031；00:00:03.611；00:00:05.417；00:00:07.222；00:00:09.028；00:00:10.935,动作演示；解剖图辅助；口令提示,效果强化；轻行动暗示,5,5,4,yes_reference_pattern_reused_from_ali_recheck_100,risk_pattern_only,no_finished_video_reference,no,no,pending_user_review,将盆底肌松弛类比为‘花儿离开土壤’存在过度拟人化风险；‘省下大几w科技费’属效果承诺过强；未明确标注‘非医疗保健科普 仅供参考’在关键帧外是否持续出现,health_action_risk_pending_professional_review,‘省下大几w科技费’字幕是否合规；解剖图版权与准确性；‘花儿离开土壤’类比是否引发误导；‘仅供参考’水印是否全程可见,high,reused_existing_ali_recheck_success_no_new_api_call
fv_0041,ai_needed_final_video,一个瑜伽小球肚子平了臀饱满6.10.mp4,single_action_tts_teaching,positive_reference_only,结果承诺,00:00:00.000（正面坐姿持球，字幕‘一个瑜伽小球 肚子平了臀饱满’）,00:00:00.000,00:00:01.000,1,多角度动作演示；字幕重复强化,complete_or_key_cycle_visible_visual_only,subtitle_action_alignment_partial_visual_only_pending_audio_transcript,8帧均为同一女性在室内地毯场景中，使用粉色瑜伽小球进行不同体位训练；字幕全程重复‘不管你生完几个 一个小球三个动作 省去了大几万的科技费 肚子平了臀饱满腰也细了 练出八爪鱼 40+女性都在练习’；无口播画面，无讲解手势或教具图解；动作从坐姿→跪姿→坐凳→俯身→侧卧→仰卧→俯卧递进，但无分步编号或节奏变化,00:00:00.000；00:00:01.000；00:00:02.804；00:00:04.986；00:00:07.478；00:00:09.971；00:00:12.464；00:00:15.230,多角度动作演示；字幕重复强化,动作完成定格；身体姿态收束,5,5,4,yes_reference_pattern_reused_from_ali_recheck_100,risk_pattern_only,no_finished_video_reference,no,no,pending_user_review,效果承诺过强（‘省去大几万科技费’）；‘练出八爪鱼’易引发歧义或健康误解；暗示医疗级修复效果,health_action_risk_pending_professional_review,‘练出八爪鱼’是否构成身体部位误导；‘省去大几万科技费’是否违反广告法；40+女性群体指向是否构成年龄标签风险,high,reused_existing_ali_recheck_success_no_new_api_call
fv_0042,ai_needed_final_video,一个瑜伽小球肚子平了臀饱满了6.17.mp4,single_action_tts_teaching,positive_reference_only,结果承诺,00:00:00.000（正面坐球+标题字幕‘一个瑜伽小球 肚子平了臀饱满了’）,00:00:00.000,00:00:03.043,3.043,坐姿提臀动作演示；前后移动演示；上下拍打演示；解剖图对比说明,partial_action_visible_pending_professional_review,subtitle_action_alignment_partial_visual_only_pending_audio_transcript,画面展示一位女性在瑜伽小球上进行三组坐姿训练：左右提臀、前后移动、上下拍打；配合盆底肌正常与松弛状态的解剖图对比；结尾出现卡通人物漏尿改善图示；全程字幕重复‘一个瑜伽小球 肚子平了臀饱满了’及具体动作次数指令,00:00:00.000；00:00:01.000；00:00:03.043；00:00:05.409；00:00:08.114；00:00:10.819；00:00:13.523；00:00:16.554,坐姿提臀动作演示；前后移动演示；上下拍打演示；解剖图对比说明,轻行动（拍打100次）；结果重申；卡通图示收尾,5,5,4,yes_reference_pattern_reused_from_ali_recheck_100,risk_pattern_only,no_finished_video_reference,no,no,pending_user_review,‘一定很紧致’存在绝对化表述风险；‘尴尬的问题也没有了’可能构成效果过度承诺,health_action_risk_pending_professional_review,‘一定很紧致’是否构成医疗效果承诺；盆底肌图示是否准确无误导；卡通图是否弱化专业性,high,reused_existing_ali_recheck_success_no_new_api_call
fv_0043,ai_needed_final_video,一个瑜伽球练出八爪鱼.mp4,single_action_tts_teaching,positive_reference_only,结果承诺,00:00:00.000：主画面人物坐姿持球，大字幕‘一个瑜伽球 练出八爪鱼’；00:00:01.000起出现分屏小窗+子标题‘轻松居家锻炼 每天放松五分钟’,00:00:00.000,00:00:02.366,2.366,分屏动作演示；部位标注；口令式字幕提示,complete_or_key_cycle_visible_visual_only,subtitle_action_alignment_partial_visual_only_pending_audio_transcript,画面始终以黄绿运动服女性为主角，使用粉色瑜伽球；全程分屏结构，左上角主画面+右下6宫格动作缩略图；字幕含‘左右摆胯’‘钻石臀桥’等动作名及‘轻松居家锻炼 每天放松五分钟’副标；无口播文字转录可见，仅画面内嵌字幕,00:00:00.000；00:00:01.000；00:00:02.366；00:00:04.205；00:00:06.308；00:00:08.411；00:00:10.514；00:00:12.792,分屏动作演示；部位标注；口令式字幕提示,结果重申；动作完成示意,5,5,5,yes_reference_pattern_reused_from_ali_recheck_100,risk_pattern_only,no_finished_video_reference,no,no,pending_user_review,‘练出八爪鱼’易引发歧义（非医学术语，可能误导为畸形体态）；未说明禁忌症或适应人群,health_action_risk_pending_professional_review,‘练出八爪鱼’是否构成健康误导；各动作是否出现腰椎代偿（尤其钻石臀桥、抱拳臀桥）；字幕中‘每天放松五分钟’是否与实际时长13秒矛盾,high,reused_existing_ali_recheck_success_no_new_api_call
fv_0044,ai_needed_final_video,一分钟握力测试多少次才算及格呢 切片.mp4,single_action_tts_teaching,positive_reference_only,痛点可视化,00:00:00.000 字幕‘一分钟握力测试多少次才算及格呢’+坐姿握球准备动作,00:00:00.000,00:00:27.314,27.314,动作演示、口令引导、手机计时展示、阈值数字提示,pending_manual_review,subtitle_action_alignment_partial_visual_only_pending_audio_transcript,画面中人物始终坐于粉色球/凳上，手持手机计时；字幕依次出现测试问题、操作指引、80次阈值、行动号召；背景统一为灰色帘+花艺+‘元气女人训练营’水印；无多人互动或环境切换,00:00:00.000；00:00:01.000；00:00:27.314；00:00:48.557；00:01:12.836；00:01:37.115；00:02:01.394；00:02:31.392,动作演示、口令引导、手机计时展示、阈值数字提示,轻行动、风险提醒,5,5,4,yes_reference_pattern_reused_from_ali_recheck_100,risk_pattern_only,no_finished_video_reference,no,no,pending_user_review,低于80次即需练习的绝对化阈值表述,health_action_risk_pending_professional_review,‘低于80次’是否为通用标准？需核对医学/体测依据；字幕‘你的敏感度’语义模糊，待确认是否指代握力反应速度,high,reused_existing_ali_recheck_success_no_new_api_call
fv_0045,ai_needed_final_video,一咳嗽就失控这个动作告别尴尬.mp4,movement_correction,positive_reference_only,痛点可视化,00:00:00.000（坐姿+字幕‘一咳嗽就失控’）与00:00:01.000（换装坐姿+字幕延续）构成痛点引入,00:00:00.000,00:00:08.664,8.664,动作演示；字幕口令；对比示意；呼吸配合提示,partial_action_visible_pending_professional_review,subtitle_action_alignment_partial_visual_only_pending_audio_transcript,画面中人物始终坐于瑜伽球/凳，通过不同体态（骨盆前倾→调整→收束）配合红色箭头与黄字字幕说明动作要领；无口播内容可见，仅依赖字幕传递信息；背景统一，服装更换一次（绿→粉），暗示阶段切换,00:00:00.000；00:00:01.000；00:00:08.664；00:00:15.403；00:00:23.105；00:00:30.806；00:00:38.508；00:00:47.785,动作演示；字幕口令；对比示意；呼吸配合提示,轻行动；结果重申,5,5,5,yes_reference_pattern_reused_from_ali_recheck_100,risk_pattern_only,no_finished_video_reference,no,no,pending_user_review,未明确说明适用人群边界；‘失控’可能引发健康焦虑,health_action_risk_pending_professional_review,字幕‘失控’是否过度渲染症状；箭头指示方向与解剖实际是否一致；‘盆底肌向上收’动作是否易被误解为提肛,high,reused_existing_ali_recheck_success_no_new_api_call
fv_0046,ai_needed_final_video,一招动态臀桥收腰收胯收盆底6.4（3）.mp4,single_action_tts_teaching,positive_reference_only,人群点名,00:00:00.000（坐姿持球+主标题字幕）与00:00:01.000（躺姿准备+‘你以为你在练盆底肌’字幕）构成起始双帧触发,00:00:00.000,00:00:06.136,6.136,动作演示；口令引导；字幕强调关键节点,complete_or_key_cycle_visible_visual_only,subtitle_action_alignment_partial_visual_only_pending_audio_transcript,画面始终为单人室内瑜伽垫演示；字幕重复‘一招动态臀桥 收腰收胯收盆底’；动作从坐姿过渡到仰卧动态臀桥四阶段；左侧竖排文字‘传播女性正能量 拒绝焦虑’贯穿全片；无口播音频内容可见，仅依赖字幕传递信息,00:00:00.000；00:00:01.000；00:00:06.136；00:00:10.908；00:00:16.362；00:00:21.816；00:00:27.270；00:00:33.737,动作演示；口令引导；字幕强调关键节点,动作完成；轻行动号召,5,5,4,yes_reference_pattern_reused_from_ali_recheck_100,risk_pattern_only,no_finished_video_reference,no,no,pending_user_review,未明确说明禁忌症；‘一招’暗示效果过度简化,health_action_risk_pending_professional_review,‘收盆底’是否在医学语境下准确表述；竖排文字‘拒绝焦虑’是否构成情绪诱导风险,high,reused_existing_ali_recheck_success_no_new_api_call
fv_0047,ai_needed_final_video,三个动作帮你唤醒身体好状态.mp4,single_action_tts_teaching,positive_reference_only,痛点可视化,00:00:00.000：主讲人坐姿面对镜头，字幕‘三个动作帮你唤醒身体好状态’；00:00:01.000：切至动作起始位，同步出现‘抗衰别只盯着脸！盆底松了’等痛点字幕,00:00:00.000,00:00:03.122,3.122,动作演示；字幕强化；图解（八爪鱼/鸟等图标）,partial_action_visible_pending_professional_review,subtitle_action_alignment_partial_visual_only_pending_audio_transcript,画面含主讲人演示3个不同体位的盆底/核心激活动作，均使用粉色瑜伽球辅助；全程叠加固定字幕组（痛点+比喻+收益）；右下角交替出现八爪鱼/鸟/蜘蛛等图标；无口播文字转录证据，仅依赖字幕传递信息,00:00:00.000；00:00:01.000；00:00:03.122；00:00:05.550；00:00:08.326；00:00:11.101；00:00:13.876；00:00:16.995,动作演示；字幕强化；图解（八爪鱼/鸟等图标）,效果归纳；轻行动号召,5,5,4,yes_reference_pattern_reused_from_ali_recheck_100,risk_pattern_only,no_finished_video_reference,no,no,pending_user_review,医学健康边界：将盆底松弛类比‘花儿离开土壤’易引发过度联想；效果承诺：‘屁股翘了’‘腰也细了’属体态改善暗示，需谨慎,health_action_risk_pending_professional_review,‘八爪鱼’图标是否构成对盆底肌形态的不当拟人化；‘屁股翘了’是否超出运动改善合理范围；所有字幕是否存在医疗效果暗示,high,reused_existing_ali_recheck_success_no_new_api_call
fv_0048,ai_needed_final_video,不管生了几个就练这几个动作6.15.mp4,single_action_tts_teaching,positive_reference_only,人群点名,00:00:00.000（坐姿抱球+字幕‘不管生了几个就练这几个动作’）,00:00:00.000,00:00:04.380,4.38,动作演示；口令（100次）；道具使用（小球、椅子）,partial_action_visible_pending_professional_review,subtitle_action_alignment_partial_visual_only_pending_audio_transcript,画面中女性演示4组动作：1）坐瑜伽球抱膝；2）跪姿手扶颈后；3）坐椅夹球；4）坐椅转圈。每帧均有重复标题字幕‘不管生了几个就练这几个动作’，部分帧含具体指令如‘上下拍击100次’‘魔力转圈圈100次’‘所以你的盆底肌’，结尾帧出现‘跑跳漏水的尴尬消失了’及卡通插图。服装更换2次（黄绿→灰紫），场景一致为居家客厅。,00:00:00.000；00:00:01.000；00:00:04.380；00:00:07.787；00:00:11.680；00:00:15.574；00:00:19.467；00:00:23.984,动作演示；口令（100次）；道具使用（小球、椅子）,结果重申；轻行动暗示,5,5,4,yes_reference_pattern_reused_from_ali_recheck_100,risk_pattern_only,no_finished_video_reference,no,no,pending_user_review,效果承诺（漏尿消失）；医学边界模糊（未提医疗建议）,health_action_risk_pending_professional_review,‘跑跳漏尿的尴尬消失了’是否构成过度效果承诺；‘100次’是否需标注个体差异提示；卡通图示是否弱化专业性,high,reused_existing_ali_recheck_success_no_new_api_call
fv_0049,ai_needed_final_video,产后假跨宽这一式越练越J.mp4,movement_correction,positive_reference_only,痛点可视化,00:00:00.000（坐姿+字幕‘产后假跨宽 这一式越练越紧’，画面中女性呈典型假跨宽坐姿）,00:00:00.000,00:00:04.794,4.794,动作演示；口令引导；呼吸指令；部位触觉提示；视觉引导,partial_action_visible_pending_professional_review,subtitle_action_alignment_partial_visual_only_pending_audio_transcript,画面中女性全程保持坐姿，从初始假跨宽姿态过渡到脚心相对、会阴牵引、呼吸配合、髋部挤压等连续微调动作；字幕逐帧提示操作要点：‘你的盆底肌’‘脚心相对’‘拉向你的会Y处’‘吸气向下打开呼气收’‘感受髋部向内挤压’‘什么叫做收紧’；无器械辅助，仅用瑜伽垫与小球支撑；动作节奏稳定，无跳跃或剧烈变化；背景为深色沙发与浅色地毯，环境简洁统一,00:00:00.000；00:00:01.000；00:00:04.794；00:00:08.523；00:00:12.784；00:00:17.045；00:00:21.306；00:00:26.283,动作演示；口令引导；呼吸指令；部位触觉提示；视觉引导,结果重申；轻行动收束；设问收束,5,5,4,yes_reference_pattern_reused_from_ali_recheck_100,risk_pattern_only,no_finished_video_reference,no,no,pending_user_review,效果承诺模糊（‘越练越紧’未定义紧指代）；未说明禁忌人群或适应症；‘会Y处’表述可能引发误解,health_action_risk_pending_professional_review,‘会Y处’是否为‘会阴’笔误需核对字幕原文；‘越练越紧’是否构成效果过度承诺；呼吸指令与动作节奏是否同步（需听音轨验证）,high,reused_existing_ali_recheck_success_no_new_api_call
fv_0050,ai_needed_final_video,产后小腹下垂练这一式收固盆底.mp4,single_action_tts_teaching,positive_reference_only,痛点可视化,00:00:00.000（坐姿展示问题+标题字幕）、00:00:01.000（同一人换装后继续标题强化）,00:00:00.000,00:00:13.224,13.224,动作演示；口令提示；局部特写图解,partial_action_visible_pending_professional_review,subtitle_action_alignment_partial_visual_only_pending_audio_transcript,pending_subtitle_or_audio_transcript,00:00:00.000；00:00:01.000；00:00:13.224；00:00:23.510；00:00:35.265；00:00:47.020；00:00:58.774；00:01:13.118,动作演示；口令提示；局部特写图解,动作完成；放松收束,5,5,5,yes_reference_pattern_reused_from_ali_recheck_100,risk_pattern_only,no_finished_video_reference,no,no,pending_user_review,非医疗保健科普，仅作参考,health_action_risk_pending_professional_review,侧边竖排‘非医疗保健科普 仅供参考’是否全程可见；‘收固盆底’是否被误读为医学术语而需加注说明,high,reused_existing_ali_recheck_success_no_new_api_call
fv_0051,ai_needed_final_video,产后尴尬漏氵一个动作帮你改变.mp4,movement_correction,positive_reference_only,痛点可视化,00:00:00.000（坐姿+字幕‘产后尴尬漏氵 一个动作帮你改变’）、00:00:01.000（躺姿+字幕‘有咳嗽打喷嚏’）,00:00:00.000,00:00:11.218,11.218,动作演示；口令提示；错误警示；力量部位标注,partial_action_visible_pending_professional_review,subtitle_action_alignment_partial_visual_only_pending_audio_transcript,开场为坐姿持球，字幕点明‘产后尴尬漏氵’；随后切换至仰卧位进行静态臀桥动作演示，连续帧展示准备姿势、脚跟贴地、盆底收缩、避免大腿代偿等步骤，字幕逐层提示发力要点与常见误区；背景统一为粉色垫+装饰花瓶，无器械变化或他人出镜；结尾帧字幕强化‘练好盆底肌’作为目标。,00:00:00.000；00:00:01.000；00:00:11.218；00:00:19.943；00:00:29.915；00:00:39.886；00:00:49.858；00:01:01.972,动作演示；口令提示；错误警示；力量部位标注,结果重申；价值收束,5,4,4,yes_reference_pattern_reused_from_ali_recheck_100,risk_pattern_only,no_finished_video_reference,no,no,pending_user_review,效果承诺（‘帮你改变’）；医学边界模糊（未说明需专业评估）,health_action_risk_pending_professional_review,‘收会Y’是否易引发歧义或不当联想；‘一定要把它关上’是否存在健康表述风险；‘都是大腿在用力’是否准确反映解剖代偿机制,high,reused_existing_ali_recheck_success_no_new_api_call
fv_0052,ai_needed_final_video,产后尴尬漏氵只需一个小球帮你.mp4,single_action_tts_teaching,positive_reference_only,痛点可视化,00:00:00.000（主讲人盘坐球上，大字幕‘产后尴尬漏气 只需一个小球帮你’）,00:00:00.000,00:00:01.000,1,动作演示；原因解释；图解；口令,partial_action_visible_pending_professional_review,subtitle_action_alignment_partial_visual_only_pending_audio_transcript,画面含主讲人坐瑜伽球/椅演示多组骨盆微动动作（前后、左右、上下拍打），穿插对比图（腹部形态）、解剖示意图（盆底肌）、卡通表情包；所有帧均有竖排小字‘非医疗保健科普 仅供参考’；字幕含动作指令与结果断言,00:00:00.000；00:00:01.000；00:00:03.306；00:00:05.877；00:00:08.816；00:00:11.755；00:00:14.694；00:00:18.017,动作演示；原因解释；图解；口令,结果重申；价值收束,5,4,5,yes_reference_pattern_reused_from_ali_recheck_100,risk_pattern_only,no_finished_video_reference,no,no,pending_user_review,医学健康边界：将漏气归因为坐姿/动作单一因素，未提及其他病因；效果承诺：'一定很平坦''一定很健康'属绝对化表述,health_action_risk_pending_professional_review,‘一定很平坦’‘一定很健康’等绝对化结果承诺字幕；盆底肌解剖图是否合规授权；‘非医疗保健科普 仅供参考’小字是否全程清晰可辨,high,reused_existing_ali_recheck_success_no_new_api_call
fv_0053,ai_needed_final_video,产后扁平臀.mp4,single_action_tts_teaching,positive_reference_only,痛点可视化,00:00:00.000（坐姿持球+字幕‘产后扁平臀 一个球帮你改变’）,00:00:00.000,00:00:01.000,1,动作演示；图解辅助；对比图示；口令重复（100次）,partial_action_visible_pending_professional_review,subtitle_action_alignment_partial_visual_only_pending_audio_transcript,画面含8帧：开场坐姿点题；多角度四足/跪姿/仰卧/侧卧夹球动作；插入前后臀型对比图、盆底肌解剖图小图；字幕强调‘100次’‘侧面臀线’‘蜜桃臀’等关键词；无口播文字仅字幕可见,00:00:00.000；00:00:01.000；00:00:03.615；00:00:06.427；00:00:09.641；00:00:12.854；00:00:16.068；00:00:19.735,动作演示；图解辅助；对比图示；口令重复（100次）,结果重申；轻行动号召,5,5,5,yes_reference_pattern_reused_from_ali_recheck_100,risk_pattern_only,no_finished_video_reference,no,no,pending_user_review,效果承诺过强（如‘全都消下去’）；未说明个体差异与训练周期,pending_user_review,‘全都消下去’是否构成绝对化效果承诺；对比图是否为同一人同条件拍摄；夹球动作中骨盆中立位是否保持,high,reused_existing_ali_recheck_success_no_new_api_call
fv_0054,ai_needed_final_video,产后漏尿尴尬.mp4,single_action_tts_teaching,positive_reference_only,痛点可视化,00:00:00.000（主讲人正面坐姿+大字幕‘产后尴尬漏尿’）,00:00:00.000,00:00:04.113,4.113,动作演示；图解说明；字幕归因；口令指令,partial_action_visible_pending_professional_review,subtitle_action_alignment_partial_visual_only_pending_audio_transcript,画面中女性坐于粉色球上，全程无走动；字幕依次呈现痛点→归因（小肚腩、盆底肌）→动作指令（拍击100次）→结果承诺；插入两处医学示意图（腹部/盆底肌前后对比），无口播文字转录证据；所有帧均含固定侧边竖排文字‘传播女性正能量 拒绝焦虑’,00:00:00.000；00:00:01.000；00:00:04.113；00:00:07.311；00:00:10.967；00:00:14.623；00:00:18.278；00:00:22.498,动作演示；图解说明；字幕归因；口令指令,结果重申；动作完成,5,5,4,yes_reference_pattern_reused_from_ali_recheck_100,risk_pattern_only,no_finished_video_reference,no,no,pending_user_review,效果承诺过强（‘再也没有了’）；医学归因简化（图解未标注来源）,health_action_risk_pending_professional_review,盆底肌对比图是否合规；‘再也没有了’是否构成绝对化医疗效果承诺；‘拍击100次’动作是否与解剖逻辑匹配,high,reused_existing_ali_recheck_success_no_new_api_call
fv_0055,ai_needed_final_video,产后漏水不用愁一个小球帮你改变.mp4,problem_solution,positive_reference_only,痛点可视化,00:00:00.000：主讲人正面坐球，字幕‘产后漏水不用愁 一个小球帮你改变’；00:00:01.000：侧身坐姿，字幕‘当你不小心坐到’,00:00:00.000,00:00:04.585,4.585,动作演示；图解；对比,partial_action_visible_pending_professional_review,subtitle_action_alignment_partial_visual_only_pending_audio_transcript,画面中女性穿运动服坐粉色小球，演示坐球前后移动、上下拍击等动作；字幕依次出现痛点描述、动作指令、效果承诺；第12.227帧插入小腹对比图，第16.302帧插入盆底肌解剖示意简图；结尾用卡通形象强化情绪收束；每帧右上角均有‘非医疗保健科普 仅供参考’固定水印,00:00:00.000；00:00:01.000；00:00:04.585；00:00:08.151；00:00:12.227；00:00:16.302；00:00:20.378；00:00:25.122,动作演示；图解；对比,结果重申；风险提醒；情绪化收尾,5,5,4,yes_reference_pattern_reused_from_ali_recheck_100,risk_pattern_only,no_finished_video_reference,no,no,pending_user_review,非医疗保健科普 仅供参考；效果承诺较绝对（‘一定很平坦’）；未说明适用人群限制,pending_user_review,‘小腹一定很平坦’是否构成绝对化效果承诺；对比图中身体部位是否真实可比（是否存在修图误导）；解剖图是否准确且标注清晰,high,reused_existing_ali_recheck_success_no_new_api_call
fv_0056,ai_needed_final_video,产后盆底高张一个动作帮你改善.mp4,single_action_tts_teaching,positive_reference_only,痛点可视化,00:00:00.000（标题字幕‘产后盆底高张 一个动作帮你改善’+坐姿准备态）、00:00:01.000（口播‘如果你的盆底肌’+坐椅起始姿势）,00:00:00.000,00:00:03.879,3.879,动作演示；口令引导；感官提示,partial_action_visible_pending_professional_review,subtitle_action_alignment_partial_visual_only_pending_audio_transcript,画面始终为同一女性在室内演示单一坐姿动作：起始坐地用球→换椅坐→双脚脚心相对→双手拉脚踝向会阴方向→维持姿势→结尾提问式反馈；全程顶部固定标题字幕‘产后盆底高张 一个动作帮你改善’，左侧竖排小字‘传播女性正能量 拒绝焦虑’；无图解、无对比、无他人出镜,00:00:00.000；00:00:01.000；00:00:03.879；00:00:06.895；00:00:10.343；00:00:13.791；00:00:17.238；00:00:21.198,动作演示；口令引导；感官提示,结果重申；体验反馈提问,5,5,4,yes_reference_pattern_reused_from_ali_recheck_100,risk_pattern_only,no_finished_video_reference,no,no,pending_user_review,效果承诺（帮你改善/快速）；未明确说明适用前提与禁忌,health_action_risk_pending_professional_review,‘帮你快速的’是否构成效果承诺过界；‘拉向我们的会Y’字幕是否存在术语不规范；动作过程中是否有不可见的代偿细节需逐帧核查,high,reused_existing_ali_recheck_success_no_new_api_call
fv_0057,ai_needed_final_video,产后膨出脱垂只需一个动作搞定.mp4,single_action_tts_teaching,positive_reference_only,痛点可视化,00:00:00.000（主标题字幕‘产后膨出脱垂 只需一个动作搞定’+人物坐姿展示）；00:00:01.000（同场景，强化标题）,00:00:00.000,00:00:13.329,13.329,动作演示；口令指令；体位调整提示,partial_action_visible_pending_professional_review,subtitle_action_alignment_partial_visual_only_pending_audio_transcript,画面中人物始终在瑜伽垫上进行坐姿/跪姿盆底肌训练动作；字幕依次出现痛点描述、动作指令（坐久、放松腹部、呼气收紧、收盆底提耻骨、放松）、结果引导（只需一个动作搞定、都做这个动作）；背景固定，无场景切换；所有帧均含‘非医疗保健科普 仅供参考’竖排小字,00:00:00.000；00:00:01.000；00:00:13.329；00:00:23.695；00:00:35.543；00:00:47.391；00:00:59.238；00:01:13.698,动作演示；口令指令；体位调整提示,动作完成；轻行动号召,5,5,5,yes_reference_pattern_reused_from_ali_recheck_100,risk_pattern_only,no_finished_video_reference,no,no,pending_user_review,仅医疗保健科普 仅供参考；效果承诺模糊（‘搞定’未限定程度）,health_action_risk_pending_professional_review,字幕‘只需一个动作搞定’是否易引发过度承诺误解；‘收盆底提耻骨’动作是否准确对应解剖术语（需医学顾问核验）,high,reused_existing_ali_recheck_success_no_new_api_call
fv_0058,ai_needed_final_video,产后臀凹陷一个动作帮你改变.mp4,movement_correction,positive_reference_only,痛点可视化,00:00:00.000：坐姿面对镜头，字幕‘产后臀凹陷 一个动作帮你改变’；00:00:01.000：已转为仰卧准备位，字幕同步‘王炸🔥臀桥’+痛点列表,00:00:00.000,00:00:02.336,2.336,动作演示；呼吸口令；字幕强化,partial_action_visible_pending_professional_review,subtitle_action_alignment_partial_visual_only_pending_audio_transcript,画面主体为女性示范者，穿浅绿上衣+橄榄裤，用粉色球辅助；全程无口播人物出镜外音；字幕固定位置：顶部标题‘王炸🔥臀桥’、中部痛点三句、底部呼吸口令；动作从坐姿→仰卧屈膝→臀桥抬起→维持→回落，共5个阶段可见于8帧中,00:00:00.000；00:00:01.000；00:00:02.336；00:00:04.154；00:00:06.230；00:00:08.307；00:00:10.384；00:00:12.630,动作演示；呼吸口令；字幕强化,动作完成；结果复现,5,5,5,yes_reference_pattern_reused_from_ali_recheck_100,risk_pattern_only,no_finished_video_reference,no,no,pending_user_review,效果承诺过强（‘帮你改变’未限定条件）；医学边界模糊（未说明适用人群禁忌）,health_action_risk_pending_professional_review,字幕‘肚子小了臀部翘了大腿瘦了’是否构成误导性效果承诺；粉色球是否为必需辅助工具（画面中未说明用途）,high,reused_existing_ali_recheck_success_no_new_api_call
fv_0059,ai_needed_final_video,产后骨盆外翻一个动作告别困扰.mp4,movement_correction,positive_reference_only,痛点可视化,00:00:00.000（主标题字幕+坐姿展示+痛点文字叠加）,00:00:00.000,00:00:07.444,7.444,动作演示；口令引导；图解对比；呼吸配合,partial_action_visible_pending_professional_review,subtitle_action_alignment_partial_visual_only_pending_audio_transcript,全程一人坐姿演示；00:00:00有‘产后骨盆外翻 一个动作告别困扰’主标题；00:00:07出现臀部对比图+‘骨盆外翻假胯宽’字幕；后续帧依次呈现手位放置、晃动、呼气内收、抱膝等动作；每帧均有操作指令字幕；结尾为闭眼/睁眼坐姿+觉察提问字幕,00:00:00.000；00:00:01.000；00:00:07.444；00:00:13.234；00:00:19.850；00:00:26.467；00:00:33.084；00:00:41.005,动作演示；口令引导；图解对比；呼吸配合,自我觉察提问；动作完成确认,5,4,5,yes_reference_pattern_reused_from_ali_recheck_100,risk_pattern_only,no_finished_video_reference,no,no,pending_user_review,效果承诺过强（‘告别困扰’）；未说明适用前提与禁忌,health_action_risk_pending_professional_review,‘告别困扰’是否构成医疗效果承诺；假胯宽图解是否具误导性；未见禁忌/适应症说明,high,reused_existing_ali_recheck_success_no_new_api_call
fv_0060,ai_needed_final_video,产后骨盆外翻一个动作帮你回正6.11.mp4,movement_correction,positive_reference_only,痛点可视化,00:00:00.000：主讲人坐姿+大字幕‘产后骨盆外翻 一个动作帮你回正’；00:00:01.000：同画面微调，字幕保留,00:00:00.000,00:00:13.496,13.496,动作演示；口令；频次建议；问题场景描述；操作要领提示,partial_action_visible_pending_professional_review,subtitle_action_alignment_partial_visual_only_pending_audio_transcript,画面始终为单人室内坐姿演示；字幕依次呈现标题、动作命名、频次、问题后果、动作要领（前后动、膝盖不用力）、姨妈期提醒、休息提示；无图解/对比/他人出镜；背景有鼓、玩偶等装饰；动作围绕骨盆区域小幅摆动,00:00:00.000；00:00:01.000；00:00:13.496；00:00:23.993；00:00:35.989；00:00:47.985；00:00:59.982；00:01:14.627,动作演示；口令；频次建议；问题场景描述；操作要领提示,轻行动（休息一下）；动作完成暗示,5,5,5,yes_reference_pattern_reused_from_ali_recheck_100,risk_pattern_only,no_finished_video_reference,no,no,pending_user_review,效果承诺（帮你回正）；医学边界模糊（未说明需专业评估）,health_action_risk_pending_professional_review,字幕‘帮你回正’是否构成医疗效果承诺；‘姨妈期间做’是否需加注‘经期量少/无不适前提’,high,reused_existing_ali_recheck_success_no_new_api_call
fv_0061,ai_needed_final_video,会跳舞的臀你想拥有吗？.mp4,single_action_tts_teaching,positive_reference_only,痛点可视化,00:00:00.000（坐姿提问+字幕钩子）,00:00:00.000,00:00:00.851,0.851,动作演示、字幕功效说明、道具辅助（瑜伽球/砖）,partial_action_visible_pending_professional_review,subtitle_action_alignment_partial_visual_only_pending_audio_transcript,画面含4组连续动作：1) 坐姿抱球提问；2) 椅式后倾展示臀部；3) 同姿势强调胯部疏通；4) 四足位用砖辅助，字幕依次为‘想要拥有完美臀’‘首要疏通灵活胯部’‘日常坚持练习这个动作’‘既能塑形提臀’‘由内’‘由内而外改善身材比例’；每帧右上角固定标注‘非医疗保健科普 仅供参考’,00:00:00.000；00:00:00.851；00:00:01.914；00:00:03.403；00:00:05.104；00:00:06.806；00:00:08.507；00:00:10.284,动作演示、字幕功效说明、道具辅助（瑜伽球/砖）,价值收束+轻行动暗示,5,5,4,yes_reference_pattern_reused_from_ali_recheck_100,risk_pattern_only,no_finished_video_reference,no,no,pending_user_review,非医疗保健科普 仅供参考；效果承诺模糊（‘完美臀’‘改善身材比例’）,health_action_risk_pending_professional_review,‘完美臀’是否构成过度承诺；‘由内而外改善身材比例’是否有医学依据支撑,high,reused_existing_ali_recheck_success_no_new_api_call
fv_0062,ai_needed_final_video,会跳舞的蜜桃臀你想要拥有吗？6.11.mp4,single_action_tts_teaching,positive_reference_only,结果承诺,00:00:00.000（主讲人正面坐姿+大字幕‘会跳舞的蜜桃臀你想要拥有吗？’）,00:00:00.000,00:00:00.851,0.851,动作演示、功能说明、口令式字幕,partial_action_visible_pending_professional_review,subtitle_action_alignment_partial_visual_only_pending_audio_transcript,画面含8帧：首帧为正面提问式开场；第2–4帧为背对小凳坐姿动作+字幕强调胯部灵活；第5–6帧为侧坐椅动作+字幕‘日常坚持练习这个动作’‘既能塑形提臀’；第7–8帧为跪姿垫上动作+字幕‘由内而外改善身材比例’；所有字幕均标注‘非医疗保健科普 仅供参考’,00:00:00.000；00:00:00.851；00:00:01.914；00:00:03.403；00:00:05.104；00:00:06.806；00:00:08.507；00:00:10.284,动作演示、功能说明、口令式字幕,轻行动、结果重申,5,5,4,yes_reference_pattern_reused_from_ali_recheck_100,risk_pattern_only,no_finished_video_reference,no,no,pending_user_review,‘会跳舞的蜜桃臀’易被解读为效果承诺；‘改善身材比例’涉及体型改变暗示,health_action_risk_pending_professional_review,‘会跳舞的蜜桃臀’是否构成效果承诺风险；‘改善身材比例’是否越界医学宣称,high,reused_existing_ali_recheck_success_no_new_api_call
fv_0063,ai_needed_final_video,停水停电这个动作帮你改变.mp4,movement_correction,positive_reference_only,痛点可视化,00:00:00.000（坐姿+字幕‘停水停电这个动作帮你改变’）→ 00:00:01.000（同姿势微调，强化痛点）,00:00:00.000,00:00:11.394,11.394,动作演示；口令引导；原理提示（非解剖图解）；对比强调（不是用屁股去做）,complete_or_key_cycle_visible_visual_only,subtitle_action_alignment_partial_visual_only_pending_audio_transcript,画面始终为同一女性在室内坐姿演示；使用粉色球辅助；字幕依次出现‘停水停电’‘这个动作帮你改变’‘大家跟我一起做起来’‘盆底肌带动这个球来去’‘找到盆底肌握球的感觉’‘收放-收放’‘不是用屁股去做’‘整个人的状态就会很好’；动作从静坐→持球示意→主动收缩→节奏化收放→结束定格；背景有花卉与‘传播女性正能量 拒绝焦虑’竖排文字,00:00:00.000；00:00:01.000；00:00:11.394；00:00:20.255；00:00:30.383；00:00:40.511；00:00:50.638；00:01:02.948,动作演示；口令引导；原理提示（非解剖图解）；对比强调（不是用屁股去做）,结果重申；轻行动号召,5,5,5,yes_reference_pattern_reused_from_ali_recheck_100,risk_pattern_only,no_finished_video_reference,no,no,pending_user_review,效果承诺模糊（‘状态很好’无量化）；未明确医学适用边界,health_action_risk_pending_professional_review,‘停水停电’隐喻是否易引发误解；‘状态很好’是否构成过度效果承诺；竖排文字‘拒绝焦虑’是否与动作教学强相关,high,reused_existing_ali_recheck_success_no_new_api_call
fv_0064,ai_needed_final_video,前壁膨出一个小球帮你改变.mp4,single_action_tts_teaching,positive_reference_only,痛点可视化,00:00:00.000（坐姿+小球+字幕‘前壁膨出 一个小球帮你改变’）,00:00:00.000,00:00:01.000,1,动作演示；口令引导；感觉描述,partial_action_visible_pending_professional_review,subtitle_action_alignment_partial_visual_only_pending_audio_transcript,画面中女性坐于瑜伽球/小球上，穿运动装；字幕依次出现‘前壁膨出’‘一个小球帮你改变’‘前臂膨出的’‘双脚打开一点点’‘前后的活动起来’‘我们的耻骨要向上提’‘你要找到耻骨向上提的感觉’‘耻骨向上挺’‘这才是最好的盆底肌的状态’；动作从静坐→手部引导→下肢微调→骨盆上提→最终定态；背景为室内布景，有花饰与文字竖条‘传播女性正能量 拒绝焦虑’,00:00:00.000；00:00:01.000；00:00:08.029；00:00:14.274；00:00:21.410；00:00:28.547；00:00:35.684；00:00:44.255,动作演示；口令引导；感觉描述,状态确认+价值收束,5,5,4,yes_reference_pattern_reused_from_ali_recheck_100,risk_pattern_only,no_finished_video_reference,no,no,pending_user_review,医学健康边界：将‘前壁膨出’与‘小球辅助改变’直接关联，未说明需专业评估；效果承诺隐含‘帮你改变’,health_action_risk_pending_professional_review,‘前壁膨出’是否属临床诊断术语误用；‘小球帮你改变’是否构成医疗效果暗示；耻骨上提动作是否伴随腰椎反弓等代偿表现（当前帧未显，需全片审）,high,reused_existing_ali_recheck_success_no_new_api_call
fv_0065,ai_needed_final_video,口子闭合不上一个小球告别困扰.mp4,problem_solution,positive_reference_only,痛点可视化,00:00:00.000（坐姿夹球+字幕‘口子闭合不上’）,00:00:00.000,00:00:08.673,8.673,动作演示；口令引导；部位强调,partial_action_visible_pending_professional_review,subtitle_action_alignment_partial_visual_only_pending_audio_transcript,首帧坐姿夹粉色小球，字幕点出‘口子闭合不上’；后续多帧展示坐姿下用球辅助、手部定位盆底、左右交替收缩动作；字幕含‘来帮助我们’‘让这个球’‘膝盖不要动’‘左右-左右’‘按摩你的整个盆底肌’‘你们都可以做这个动作’；全程无器械切换，仅一球一椅一帘背景,00:00:00.000；00:00:01.000；00:00:08.673；00:00:15.418；00:00:23.127；00:00:30.836；00:00:38.545；00:00:47.831,动作演示；口令引导；部位强调,轻行动；结果重申；普适性鼓励,5,5,5,yes_reference_pattern_reused_from_ali_recheck_100,risk_pattern_only,no_finished_video_reference,no,no,pending_user_review,效果承诺模糊（‘告别困扰’未定义标准）；未明确禁忌症提示,health_action_risk_pending_professional_review,‘告别困扰’是否构成效果承诺需法务确认；‘按摩你的整个盆底肌’动作是否真为按摩（视觉为按压/收缩）,high,reused_existing_ali_recheck_success_no_new_api_call
fv_0066,ai_needed_final_video,只练这几个动作拥有八爪鱼般抓握力6.15.mp4,single_action_tts_teaching,positive_reference_only,结果承诺,00:00:00.000（主标题字幕+坐姿示范）、00:00:01.000（‘40岁女性’标签出现）,00:00:00.000,00:00:02.997,2.997,单动作演示；口令引导；图解插入（八爪鱼图标）；对比姿势（坐姿/跪姿/俯卧）,partial_action_visible_pending_professional_review,subtitle_action_alignment_partial_visual_only_pending_audio_transcript,画面含固定字幕‘只练这几个动作 拥有八爪鱼般抓握力’贯穿全片；人物演示4种不同体位动作（坐、分腿坐、俯撑、仰卧、跪坐）；插入八爪鱼图标3次；出现‘40岁女性’‘和你的年龄没有多大的关系’‘都在偷偷练习盆底肌’等字幕；无口播文字可见，仅依赖画面与字幕传递信息,00:00:00.000；00:00:01.000；00:00:02.997；00:00:05.327；00:00:07.991；00:00:10.655；00:00:13.318；00:00:16.298,单动作演示；口令引导；图解插入（八爪鱼图标）；对比姿势（坐姿/跪姿/俯卧）,结果重申；轻行动暗示（‘只练这几个动作’重复）,5,5,4,yes_reference_pattern_reused_from_ali_recheck_100,risk_pattern_only,no_finished_video_reference,no,no,pending_user_review,效果承诺过强（八爪鱼般抓握力）；医学边界模糊（盆底肌练习与抓握力直接关联）,health_action_risk_pending_professional_review,‘八爪鱼般抓握力’是否构成效果过度承诺；盆底肌练习与手部抓握力的逻辑关联是否需医学背书；字幕‘特别好练’是否误导练习难度,high,reused_existing_ali_recheck_success_no_new_api_call
fv_0067,ai_needed_final_video,只需一个动作小腹凸出不见了.mp4,movement_correction,positive_reference_only,痛点可视化,00:00:00.000（坐姿+字幕‘只需一个动作 小腹凸出不见了’）与00:00:01.000（换装后坐姿+字幕‘小腹部凸出来的’）构成对比式痛点呈现,00:00:00.000,00:00:07.724,7.724,动作演示；口令同步；呼吸引导；手部辅助提示,partial_action_visible_pending_professional_review,subtitle_action_alignment_partial_visual_only_pending_audio_transcript,画面中人物始终坐于瑜伽球/矮凳，穿运动装；前两帧对比‘凸出’与‘不见’状态；后续帧依次展示：准备姿势→呼气提耻骨（红箭头标注）→吸气放松→重复收放口令→最后揉腹放松；每帧均有黄底黑字动作口令字幕；左侧竖排文字统一为‘传播女性正能量 拒绝诋毁’,00:00:00.000；00:00:01.000；00:00:07.724；00:00:13.731；00:00:20.597；00:00:27.462；00:00:34.328；00:00:42.560,动作演示；口令同步；呼吸引导；手部辅助提示,动作完成确认；放松收束,5,4,5,yes_reference_pattern_reused_from_ali_recheck_100,risk_pattern_only,no_finished_video_reference,no,no,pending_user_review,效果承诺过强（‘不见了’）；未说明适用前提,pending_user_review,‘小腹凸出不见了’是否为真实效果而非剪辑误导；耻骨上提动作解剖合理性；字幕‘收放-收放’是否与呼吸周期严格匹配,high,reused_existing_ali_recheck_success_no_new_api_call
fv_0068,ai_needed_final_video,只需一个动作收腰收胯收盆底.mp4,movement_correction,positive_reference_only,痛点可视化,00:00:00.000（坐姿持球+大字幕‘只需一个动作 收腰收胯收盆底’）与00:00:01.000（躺姿+字幕‘你以为你在练盆底肌’）构成认知冲突式痛点引入,00:00:00.000,00:00:05.805,5.805,动作演示；视觉标注；口令引导,partial_action_visible_pending_professional_review,subtitle_action_alignment_partial_visual_only_pending_audio_transcript,画面中人物从坐姿引题→躺姿分步演示（手触腹、脚尖点地、骨盆上抬、手放腹放松），字幕依次为：‘只需一个动作 收腰收胯收盆底’→‘你以为你在练盆底肌’→‘快速的找到盆底肌发力’→‘脚尖点地’→‘带动’→‘赶紧动起来吧’；左侧竖排固定文字‘传播女性正能量 拒绝焦虑’；无明显口播画面证据；动作连贯，无跳跃切片，视觉标注清晰,00:00:00.000；00:00:01.000；00:00:05.805；00:00:10.321；00:00:15.481；00:00:20.641；00:00:25.802；00:00:31.902,动作演示；视觉标注；口令引导,行动号召；口令收束,5,5,5,yes_reference_pattern_reused_from_ali_recheck_100,risk_pattern_only,no_finished_video_reference,no,no,pending_user_review,将盆底肌训练简化为单一动作可能引发误解；未说明禁忌症,health_action_risk_pending_professional_review,‘收腰收胯收盆底’是否易被理解为三动作合并执行；‘快速的找到盆底肌发力’是否存在效果过度承诺,high,reused_existing_ali_recheck_success_no_new_api_call
fv_0069,ai_needed_final_video,只需一个动作改善悬垂腹内压力6.15.mp4,movement_correction,positive_reference_only,痛点可视化,00:00:00.000（主讲人坐姿+大字幕‘只需一个动作 改善悬垂腹内压力’）、00:00:01.000（插入悬垂腹特写图+‘悬垂腹’标注）,00:00:00.000,00:00:02.269,2.269,动作演示；字幕口令；局部图解对比,partial_action_visible_pending_professional_review,subtitle_action_alignment_partial_visual_only_pending_audio_transcript,画面含主讲人坐姿引入、俯卧位动作序列、插入悬垂腹前后对比小图、字幕分步指令（如‘把瑜伽球垫在腹部下方’‘先释放腹内压力’）、结尾强调‘松弛肚型’与‘根源改善’；全程无口播文字转录，仅依赖字幕与画面动作推进,00:00:00.000；00:00:01.000；00:00:02.269；00:00:04.035；00:00:06.052；00:00:08.069；00:00:10.086；00:00:12.258,动作演示；字幕口令；局部图解对比,结果重申；动作完成态展示,5,5,5,yes_reference_pattern_reused_from_ali_recheck_100,risk_pattern_only,no_finished_video_reference,no,no,pending_user_review,非医疗保健科普 仅供参考；效果承诺边界模糊（‘改善’未限定程度）,health_action_risk_pending_professional_review,‘改善悬垂腹内压力’是否构成效果过度承诺；插图中腹部形态是否可能引发身材焦虑；‘稳稳兜住’等口语化表述是否需医学措辞校准,high,reused_existing_ali_recheck_success_no_new_api_call
fv_0070,ai_needed_final_video,只需一个动作盆底肌越练越紧.mp4,single_action_tts_teaching,positive_reference_only,结果承诺,00:00:00.000（标题字幕+坐姿持球准备态）,00:00:00.000,00:00:05.091,5.091,动作演示；口令；呼吸引导；身体感知提示,partial_action_visible_pending_professional_review,subtitle_action_alignment_partial_visual_only_pending_audio_transcript,画面中女性全程坐于椅子/地面，使用粉色瑜伽球辅助；字幕依次呈现：标题→目标→动作步骤（脚跟垫起、吸气放松、膝内收、呼吸口令）→感知引导→行动号召；无切换场景，无他人出镜，无图解或对比；左上角固定标注‘非医疗保健科普 仅供参考’,00:00:00.000；00:00:01.000；00:00:05.091；00:00:09.050；00:00:13.575；00:00:18.100；00:00:22.626；00:00:27.932,动作演示；口令；呼吸引导；身体感知提示,轻行动；结果重申,5,5,4,yes_reference_pattern_reused_from_ali_recheck_100,risk_pattern_only,no_finished_video_reference,no,no,pending_user_review,非医疗保健科普 仅供参考；效果承诺边界模糊（‘越练越紧’易误解为即时收紧）,health_action_risk_pending_professional_review,‘盆底肌越练越紧’是否构成效果过度承诺；‘非医疗保健科普 仅供参考’字体大小与停留时长是否合规,high,reused_existing_ali_recheck_success_no_new_api_call
fv_0071,ai_needed_final_video,只需一个动作盆盆松练出少女腹.mp4,single_action_tts_teaching,positive_reference_only,结果承诺,00:00:00.000：主讲人坐姿展示成品效果，字幕‘只需一个动作 盆盆松练出少女腹’；00:00:00.814起同步出现‘西方的‘回春术’’等承诺性标题,00:00:00.000,00:00:01.831,1.831,动作演示；呼吸口令；图示辅助,complete_or_key_cycle_visible_visual_only,subtitle_action_alignment_partial_visual_only_pending_audio_transcript,画面始终为单人室内演示；开头坐姿持球展示目标状态；中段7帧均为跪姿坐球上做前后顶髋动作，配统一黄色标题框与蓝色图示；每帧含‘吐气向后顶 吸气向后坐’字幕；背景装饰稳定，无场景切换,00:00:00.000；00:00:00.814；00:00:01.831；00:00:03.254；00:00:04.882；00:00:06.509；00:00:08.136；00:00:09.820,动作演示；呼吸口令；图示辅助,动作完成；重复强化,5,5,5,yes_reference_pattern_reused_from_ali_recheck_100,risk_pattern_only,no_finished_video_reference,no,no,pending_user_review,效果承诺过强（'少女腹'）、每日100次量化建议无个体差异说明,health_action_risk_pending_professional_review,‘少女腹’是否构成效果过度承诺；‘每天100次’是否需加注适用人群限制；图示生物结构准确性（如盆底肌示意）,high,reused_existing_ali_recheck_success_no_new_api_call
fv_0072,ai_needed_final_video,只需一个动作练出会动的蜜桃臀6.12.mp4,single_action_tts_teaching,positive_reference_only,结果承诺,00:00:00.000：主讲人正面坐姿+大字幕‘只需一个动作 练出会动的蜜桃臀’,00:00:00.000,00:00:00.946,0.946,动作演示、图解、进度条,complete_or_key_cycle_visible_visual_only,subtitle_action_alignment_partial_visual_only_pending_audio_transcript,画面含主讲人正面开场+背面多角度重复动作演示；每组动作配三阶段图解（改善漏嘘嘘/拒做大腹婆/收胯瘦腿）；顶部固定标题‘灵动八爪鱼 美臀训练’；侧边竖排小字‘非医疗保健科普 仅供参考’；无口播字幕可见，仅画面文字,00:00:00.000；00:00:00.946；00:00:02.127；00:00:03.782；00:00:05.673；00:00:07.564；00:00:09.455；00:00:11.469,动作演示、图解、进度条,结果重申、动作完成,5,5,3,yes_reference_pattern_reused_from_ali_recheck_100,risk_pattern_only,no_finished_video_reference,no,no,pending_user_review,效果承诺（会动的蜜桃臀）、医学边界模糊（改善漏嘘嘘/收胯瘦腿）,health_action_risk_pending_professional_review,‘改善漏嘘嘘’等健康宣称是否合规；‘会动的蜜桃臀’是否构成过度效果承诺；图解解剖示意准确性,high,reused_existing_ali_recheck_success_no_new_api_call
fv_0073,ai_needed_final_video,只需一个动作肚子平了臀翘了.mp4,single_action_tts_teaching,positive_reference_only,结果承诺,00:00:00.000：主讲人正面坐姿，字幕‘只需一个动作 肚子平了臀翘了’，构成结果前置；00:00:00.828起叠加‘高段位女性都在练盆底’等痛点-人群标签,00:00:00.000,00:00:01.864,1.864,动作演示；字幕强化；侧面/背面视角切换,partial_action_visible_pending_professional_review,subtitle_action_alignment_partial_visual_only_pending_audio_transcript,画面主体为女性在瑜伽垫上坐姿使用粉色小球做骨盆底肌激活动作；全程无换装/场景变化；字幕固定四行：人群定位+时长建议+生理收益+年龄号召；无口播文字可见，仅画面动作与字幕；动作幅度小、节奏匀速、无跳跃,00:00:00.000；00:00:00.828；00:00:01.864；00:00:03.314；00:00:04.971；00:00:06.628；00:00:08.285；00:00:10.006,动作演示；字幕强化；侧面/背面视角切换,动作完成；轻行动号召,5,5,4,yes_reference_pattern_reused_from_ali_recheck_100,risk_pattern_only,no_finished_video_reference,no,no,pending_user_review,效果承诺过强（‘肚子平了臀翘了’未说明需配合饮食/时长）；未标注个体差异与健康禁忌,health_action_risk_pending_professional_review,字幕中‘肚子平了臀翘了’是否构成医疗效果暗示；动作是否真实激活盆底肌（需运动解剖复核）,high,reused_existing_ali_recheck_success_no_new_api_call
fv_0074,ai_needed_final_video,只需一个动作腰细了盆底J致了6.12.mp4,single_action_tts_teaching,positive_reference_only,痛点可视化,00:00:00.000：主讲人坐姿+字幕‘只需一个动作 腰细了盆底J致了’；00:00:00.946起连续帧顶部标题‘盆底肌训练 太紧的不要练’,00:00:00.000,00:00:02.127,2.127,动作演示；图解对比；进度时间轴（第一月/第二月/第三月）,partial_action_visible_pending_professional_review,subtitle_action_alignment_partial_visual_only_pending_audio_transcript,pending_subtitle_or_audio_transcript,00:00:00.000；00:00:00.946；00:00:02.127；00:00:03.782；00:00:05.673；00:00:07.564；00:00:09.455；00:00:11.469,动作演示；图解对比；进度时间轴（第一月/第二月/第三月）,结果重申；轻行动指令（隐含坚持）,5,5,4,yes_reference_pattern_reused_from_ali_recheck_100,risk_pattern_only,no_finished_video_reference,no,no,pending_user_review,‘盆底J致了’表述模糊易误解为病理状态；‘只需一个动作’过度简化；‘每天100下’缺乏个体差异提示,health_action_risk_pending_professional_review,‘盆底J致了’是否为错别字（应为‘紧致’？）；三月图解中膀胱形态变化是否符合生理常识；‘每天100下’是否有安全警示缺失,high,reused_existing_ali_recheck_success_no_new_api_call
fv_0075,ai_needed_final_video,只需一个动作腰细了臀部翘了.mp4,movement_correction,positive_reference_only,结果承诺,00:00:00.000：主画面坐姿展示粉色瑜伽球，大字幕‘只需一个动作 腰细了臀部翘了’，同步呈现结果承诺,00:00:00.000,00:00:01.000,1,动作演示；字幕强化,complete_or_key_cycle_visible_visual_only,subtitle_action_alignment_partial_visual_only_pending_audio_transcript,全片8帧均为同一女性在室内跪坐于粉色瑜伽球上做单一屈伸动作；字幕重复强调‘腰细臀翘’结果与‘40+女性都去练’号召；无讲解、无对比、无步骤拆解；左侧竖排小字‘传播女性正能量 拒绝焦虑’；右上角图标随帧变化（章鱼/虾/贝壳等，疑似素材替换错误）,00:00:00.000；00:00:01.000；00:00:02.286；00:00:04.064；00:00:06.096；00:00:08.129；00:00:10.161；00:00:12.351,动作演示；字幕强化,无明确收束,5,5,5,yes_reference_pattern_reused_from_ali_recheck_100,risk_pattern_only,no_finished_video_reference,no,no,pending_user_review,效果承诺过强（‘腰细了臀部翘了’未说明需长期坚持）；未标注个体差异与健康禁忌；右上角图标异常更换可能影响专业性,health_action_risk_pending_professional_review,字幕‘腰细了臀部翘了’是否构成效果承诺违规；右上角图标频繁更换是否为素材错位；动作是否真能达成所述效果（需运动医学核验）,high,reused_existing_ali_recheck_success_no_new_api_call
fv_0076,ai_needed_final_video,只需一个动作腿细了胯缩小了.mp4,single_action_tts_teaching,positive_reference_only,结果承诺,00:00:00.000（主标题字幕‘只需一个动作 腿细了胯缩小了’+坐姿起始位）,00:00:00.000,00:00:06.595,6.595,坐姿动作演示；呼吸口令；盆底肌发力引导；收放节奏提示,partial_action_visible_pending_professional_review,subtitle_action_alignment_partial_visual_only_pending_audio_transcript,全程为固定镜头下坐姿演示；字幕依次出现：结果承诺→人群定位→准备动作→呼吸指令→发力部位→节奏口令→行动号召；无站立/走动镜头；背景为固定沙发+地毯；人物着装统一，动作幅度小、重复性强；无前后对比图或效果展示画面；所有帧中人物均保持坐姿，仅手部和腹部微动体现盆底肌训练过程,00:00:00.000；00:00:01.000；00:00:06.595；00:00:11.725；00:00:17.588；00:00:23.450；00:00:29.313；00:00:36.291,坐姿动作演示；呼吸口令；盆底肌发力引导；收放节奏提示,轻行动号召；微笑定格,5,5,4,yes_reference_pattern_reused_from_ali_recheck_100,risk_pattern_only,no_finished_video_reference,no,no,pending_user_review,效果承诺过强（腿细+胯缩小同步达成）；未说明个体差异与周期性,pending_user_review,‘腿细了胯缩小了’是否构成效果绝对承诺；‘生完宝宝过后’是否隐含特定人群限定需补充说明,high,reused_existing_ali_recheck_success_no_new_api_call
fv_0077,ai_needed_final_video,只需一个动作臀饱满了腰细了6.11.mp4,single_action_tts_teaching,positive_reference_only,结果承诺,fr_0077 F1 00:00:00.000：主画面坐姿持球，大字幕‘只需一个动作 臀饱满了腰细了’；人物正面朝向镜头，姿态稳定,00:00:00.000,00:00:00.828,0.828,动作演示；局部特写对比图；文字叠加说明,partial_action_visible_pending_professional_review,subtitle_action_alignment_partial_visual_only_pending_audio_transcript,全程单一坐姿动作（双腿外展坐粉色瑜伽球），无起身/换位；字幕反复强调‘40+女性’‘每天15分钟’‘核心肌群有力’‘腹平腰细臀饱’；每帧右下角含小图对比（臀形变化）、左下角含腰腹对比或章鱼/鱼形图示；无口播画面可见，仅字幕传递信息；人物服装颜色在部分帧中变化（浅绿/浅粉），但动作一致,00:00:00.000；00:00:00.828；00:00:01.864；00:00:03.314；00:00:04.971；00:00:06.628；00:00:08.285；00:00:10.006,动作演示；局部特写对比图；文字叠加说明,结果重申；动作完成态展示,5,5,3,yes_reference_pattern_reused_from_ali_recheck_100,risk_pattern_only,no_finished_video_reference,no,no,pending_user_review,效果承诺过强（‘只需一个动作’易引发过度期待）；未说明个体差异与训练周期；章鱼/鱼形图示可能引发不当联想,pending_user_review,‘只需一个动作’是否构成医疗效果误导；对比图是否真实可比（同人同角度）；章鱼/鱼图示是否引发不当联想,high,reused_existing_ali_recheck_success_no_new_api_call
fv_0078,ai_needed_final_video,只需一个动作臀饱满盆底肌J致了6.12.mp4,single_action_tts_teaching,positive_reference_only,痛点可视化,00:00:00.000：主讲人坐姿+字幕‘只需一个动作 臀饱满盆底肌J致了’；00:00:01.000起三联图同步出现‘盆底肌练习 太紧的不要练’标题+解剖图,00:00:00.000,00:00:02.487,2.487,动作演示；图解；进度可视化（月度对比）,complete_or_key_cycle_visible_visual_only,subtitle_action_alignment_partial_visual_only_pending_audio_transcript,画面始终为同一女性在室内地毯上做坐姿分腿夹球动作；字幕反复出现‘盆底肌练习 太紧的不要练’‘每天100下’‘第一月-第三月’对比图（膀胱/骨盆/腹肌示意图）；无换景、无讲解手势变化、无镜头移动；所有帧动作高度重复,00:00:00.000；00:00:01.000；00:00:02.487；00:00:04.421；00:00:06.632；00:00:08.842；00:00:11.053；00:00:13.466,动作演示；图解；进度可视化（月度对比）,结果重申；轻行动（每天100下）,5,4,3,yes_reference_pattern_reused_from_ali_recheck_100,risk_pattern_only,no_finished_video_reference,no,no,pending_user_review,‘只需一个动作’过度简化风险；‘致了’模糊效果承诺；未说明禁忌症与个体差异,health_action_risk_pending_professional_review,‘太紧的不要练’是否构成误导性健康建议；‘J致了’是否为错别字或违规缩写；三月对比图是否暗示医疗效果,high,reused_existing_ali_recheck_success_no_new_api_call
fv_0079,ai_needed_final_video,只需一个小球内脏下垂不见了.mp4,single_action_tts_teaching,positive_reference_only,痛点可视化,00:00:00.000（坐姿持球+主标题字幕）、00:00:01.000（延续标题+人物正视镜头）,00:00:00.000,00:00:07.728,7.728,动作演示；关键点标注；口令引导,complete_or_key_cycle_visible_visual_only,subtitle_action_alignment_partial_visual_only_pending_audio_transcript,画面含固定字幕‘只需一个小球 内脏下垂不见了’贯穿全片；人物从坐姿持球→躺姿举球→屈膝抬臀→臀桥维持→收势；字幕依次出现‘瑜伽球拿出来’‘吸气骨盆放松’‘赶紧做起来吧’；右侧有红色箭头指向骨盆区域；左上角小字‘非医疗保健科普 仅供参考’,00:00:00.000；00:00:01.000；00:00:07.728；00:00:13.739；00:00:20.608；00:00:27.478；00:00:34.347；00:00:42.584,动作演示；关键点标注；口令引导,轻行动；动作完成,5,4,5,yes_reference_pattern_reused_from_ali_recheck_100,risk_pattern_only,no_finished_video_reference,no,no,pending_user_review,‘内脏下垂不见了’属效果过度承诺，未说明个体差异与医学边界,health_action_risk_pending_professional_review,‘内脏下垂不见了’是否构成医疗效果暗示；红色箭头标注是否准确反映解剖位置；‘赶紧做起来吧’是否构成强制行动诱导,high,reused_existing_ali_recheck_success_no_new_api_call
fv_0080,ai_needed_final_video,只需一个小球告别跑跳漏水困扰.mp4,problem_solution,positive_reference_only,痛点可视化,00:00:00.000（坐姿小球+字幕‘只需一个小球 告别跑跳漏水困扰’）,00:00:00.000,00:00:05.170,5.17,动作演示；口令；图解,partial_action_visible_pending_professional_review,subtitle_action_alignment_partial_visual_only_pending_audio_transcript,画面中女性演示坐小球、拍击、转圈等动作；字幕含‘不管多大年龄’‘上下拍击100次’‘魔力转圈圈100次’‘一定很紧致’；第7帧出现盆底肌解剖对比图，标注‘产后盆底肌’‘修复后盆底肌’；全程背景屏显同类动作剪影；结尾引导评论区打卡,00:00:00.000；00:00:01.000；00:00:05.170；00:00:09.191；00:00:13.787；00:00:18.383；00:00:22.978；00:00:28.373,动作演示；口令；图解,轻行动；结果重申,5,4,4,yes_reference_pattern_reused_from_ali_recheck_100,risk_pattern_only,no_finished_video_reference,no,no,pending_user_review,效果承诺过强（'告别'）；解剖图未标注来源或风险提示；'一定很紧致'构成绝对化表述,health_action_risk_pending_professional_review,解剖图版权与医学准确性；‘告别跑跳漏水困扰’是否构成医疗效果承诺；‘一定很紧致’字幕的合规性,high,reused_existing_ali_recheck_success_no_new_api_call
fv_0081,ai_needed_final_video,只需一个小球拯救妈妈臀臀凹陷.mp4,single_action_tts_teaching,positive_reference_only,痛点可视化,00:00:00.000（坐姿持球+标题字幕‘只需一个小球 拯救妈妈臀臀凹陷’）,00:00:00.000,00:00:05.337,5.337,动作演示；字幕指令；对比图解,partial_action_visible_pending_professional_review,subtitle_action_alignment_partial_visual_only_pending_audio_transcript,画面含标题字幕‘只需一个小球 拯救妈妈臀臀凹陷’；00:00:05.337出现‘放在我们的膝盖的后方’字幕与动作；00:00:09.489出现‘然后上下抬腿走’；00:00:14.233出现‘交换到另一侧’；结尾00:00:29.302为臀部前后对比图+‘改善臀下垂’字幕；全程有‘传播女性正能量 拒绝贬低’竖排小字,00:00:00.000；00:00:01.000；00:00:05.337；00:00:09.489；00:00:14.233；00:00:18.977；00:00:23.722；00:00:29.302,动作演示；字幕指令；对比图解,效果对比；轻行动,5,5,5,yes_reference_pattern_reused_from_ali_recheck_100,risk_pattern_only,no_finished_video_reference,no,no,pending_user_review,效果承诺（拯救/改善）需注意医学边界表述,health_action_risk_pending_professional_review,‘拯救’‘改善’等效果词是否合规；对比图是否为同一人同角度拍摄；‘产后妈妈臀’图示是否涉及隐私或误导,high,reused_existing_ali_recheck_success_no_new_api_call
fv_0082,ai_needed_final_video,只需一个小球练出紧致的盆底肌.mp4,single_action_tts_teaching,positive_reference_only,人群点名,00:00:00.000：坐姿持球，主标题+副标题字幕同步出现；00:00:01.000：延续标题画面，无动作变化，属开场定格,00:00:00.000,00:00:06.980,6.98,动作演示；口令字幕；关键要点提示,complete_or_key_cycle_visible_visual_only,subtitle_action_alignment_partial_visual_only_pending_audio_transcript,画面始终为单人室内演示；字幕重复‘只需一个小球 练出紧致的盆底肌’；左侧竖排小字‘传播女性正能量 拒绝低俗’；动作序列：坐姿持球→躺姿取球→骨盆上提收紧→单腿前伸→双膝屈抬夹球→维持→放松；每步配黄底黑字口令（如‘瑜伽球拿出来’‘盆底肌先保持收紧’）,00:00:00.000；00:00:01.000；00:00:06.980；00:00:12.409；00:00:18.613；00:00:24.817；00:00:31.022；00:00:38.427,动作演示；口令字幕；关键要点提示,动作完成；结果重申,5,5,5,yes_reference_pattern_reused_from_ali_recheck_100,risk_pattern_only,no_finished_video_reference,no,no,pending_user_review,效果承诺（‘练出紧致’）需注意医学边界,health_action_risk_pending_professional_review,‘练出紧致的盆底肌’是否构成效果过度承诺；竖排小字‘拒绝低俗’是否与内容强相关需合规复核,high,reused_existing_ali_recheck_success_no_new_api_call
fv_0083,ai_needed_final_video,只需一个小球腰细了臀部翘了.mp4,single_action_tts_teaching,positive_reference_only,结果可视化,00:00:00.000：主画面坐姿持球，大字幕‘只需一个小球 腰细了臀部翘了’；00:00:01.000：叠加多行字幕‘高段位女性都在练盆底…40+女性都去练’，完成结果+人群双重前置,00:00:00.000,00:00:02.278,2.278,单动作循环演示；字幕强化；对比图示（前后体态小图）,partial_action_visible_pending_professional_review,subtitle_action_alignment_partial_visual_only_pending_audio_transcript,画面主体为女性坐瑜伽球演示固定姿势；全程字幕重复‘腰细了臀翘了’‘核心肌群有力量’‘40+女性都去练’；左下角持续显示三组对比图（腰腹/臀部前后形态）；无换景、无器械更换、无步骤拆解；动作幅度极小，属静态维持型演示,00:00:00.000；00:00:01.000；00:00:02.278；00:00:04.050；00:00:06.074；00:00:08.099；00:00:10.124；00:00:12.305,单动作循环演示；字幕强化；对比图示（前后体态小图）,轻行动指令（‘都去练’）,5,5,3,yes_reference_pattern_reused_from_ali_recheck_100,risk_pattern_only,no_finished_video_reference,no,no,pending_user_review,效果承诺过强（腰细/臀翘）；未说明个体差异与训练周期,pending_user_review,左下角三组体态对比图是否为同一人实拍；‘腰细了臀部翘了’是否构成医疗效果暗示；‘40+女性都去练’是否构成不当群体归因,high,reused_existing_ali_recheck_success_no_new_api_call
fv_0084,ai_needed_final_video,只需一个小球让盆底肌越练越紧.mp4,single_action_tts_teaching,positive_reference_only,结果承诺,00:00:00.000（标题字幕+坐姿持球画面）与00:00:01.000（手持球+口播起始）构成结果前置+动作引导,00:00:00.000,00:00:06.892,6.892,动作演示；口令指令；量化次数（50次）；方位提示（上下左右）,partial_action_visible_pending_professional_review,subtitle_action_alignment_partial_visual_only_pending_audio_transcript,画面始终为同一女性在室内坐姿使用粉色小球进行盆底肌训练；字幕重复‘只需一个小球 让盆底肌越练越紧’；动作依次为：坐地夹球→坐椅持球→坐椅夹球→上下移动→左右移动→50次计数→鼓励语；无器械切换、无多人出镜、无解剖图示,00:00:00.000；00:00:01.000；00:00:06.892；00:00:12.252；00:00:18.379；00:00:24.505；00:00:30.631；00:00:37.939,动作演示；口令指令；量化次数（50次）；方位提示（上下左右）,轻行动号召；结果重申,5,5,5,yes_reference_pattern_reused_from_ali_recheck_100,risk_pattern_only,no_finished_video_reference,no,no,pending_user_review,效果承诺过强（‘越练越紧’未限定周期/个体差异）；未明确医学禁忌人群,health_action_risk_pending_professional_review,字幕‘越练越紧’是否构成效果过度承诺；‘能够牢牢的’是否暗示性功能改善需合规审查,high,reused_existing_ali_recheck_success_no_new_api_call
fv_0085,ai_needed_final_video,只需一个小球跑跳尴尬没有了.mp4,movement_correction,positive_reference_only,痛点可视化,00:00:00.000：坐姿抱球，字幕‘只需一个小球 跑跳尴尬没有了’；00:00:01.000：起始动作演示，字幕‘如果你能每天这样’,00:00:00.000,00:00:03.979,3.979,动作演示；字幕口令；重复计数强化,partial_action_visible_pending_professional_review,subtitle_action_alignment_partial_visual_only_pending_audio_transcript,画面为同一女性在室内地毯/椅上进行坐姿小球夹持训练；共8帧，含正/背/侧视角；字幕依次呈现痛点→动作指令→部位关联→结果承诺；无器械切换，动作连贯递进；最后一帧叠加卡通插图强调‘尴尬消失’,00:00:00.000；00:00:01.000；00:00:03.979；00:00:07.074；00:00:10.610；00:00:14.147；00:00:17.684；00:00:21.755,动作演示；字幕口令；重复计数强化,问题归因+轻量化收束,5,4,5,yes_reference_pattern_reused_from_ali_recheck_100,risk_pattern_only,no_finished_video_reference,no,no,pending_user_review,效果承诺（‘没有了’）需谨慎；未说明个体差异与训练周期,health_action_risk_pending_professional_review,‘跑跳尴尬没有了’是否构成绝对化效果承诺；卡通图示是否暗示医疗效果；字幕‘盆底肌’‘小肚子’是否存在误导性归因,high,reused_existing_ali_recheck_success_no_new_api_call
fv_0086,ai_needed_final_video,只需一个瑜伽小球就能锻炼盆底肌6.16.mp4,single_action_tts_teaching,positive_reference_only,结果承诺,00:00:00.000：主讲人坐姿持球，大字幕‘只需一个瑜伽小球就能锻炼盆底肌’；00:00:01.000：开始演示坐姿夹球动作，画面稳定进入教学状态,00:00:00.000,00:00:03.498,3.498,动作演示；口令引导；字幕强化；手势强调,complete_or_key_cycle_visible_visual_only,subtitle_action_alignment_partial_visual_only_pending_audio_transcript,画面始终为单人室内坐姿训练场景；主讲人穿运动装，使用粉色瑜伽小球置于会阴处；字幕反复出现‘漏尿就练它’‘下垂就练它’‘紧致就练它’‘4指变1指练它’等短语；动作以坐姿夹球为主，配合手部指向或手势强调；无器械切换、无他人出镜、无解剖图示,00:00:00.000；00:00:01.000；00:00:03.498；00:00:06.219；00:00:09.329；00:00:12.438；00:00:15.548；00:00:19.085,动作演示；口令引导；字幕强化；手势强调,动作完成；静态收束,5,5,4,yes_reference_pattern_reused_from_ali_recheck_100,risk_pattern_only,no_finished_video_reference,no,no,pending_user_review,‘就能锻炼盆底肌’可能弱化医学干预必要性；未说明禁忌症；‘4指变1指’暗示量化改善存在风险,health_action_risk_pending_professional_review,‘就能锻炼盆底肌’是否构成效果过度承诺；‘4指变1指’是否暗示可量化临床改善；未标注适用人群禁忌（如产后6周内、盆腔器官脱垂III度以上）,high,reused_existing_ali_recheck_success_no_new_api_call
fv_0087,ai_needed_final_video,只需一个瑜伽小球轻松养出好体态6.1（5）.mp4,movement_correction,positive_reference_only,痛点可视化,00:00:00.000（坐姿球上+字幕‘只需一个瑜伽小球 轻松养出好体态’）与00:00:01.000（背对坐椅+字幕‘你没事就这样 坐在瑜伽小球上’）构成问题引入,00:00:00.000,00:00:03.302,3.302,动作演示；图解；量化口令；对比示意,partial_action_visible_pending_professional_review,subtitle_action_alignment_partial_visual_only_pending_audio_transcript,画面含4组动作：坐球静坐→坐椅提臀→跪姿前后→坐球上下拍打；两处解剖图对比‘产后vs修复后盆底肌’；字幕含量化指令（100次）、结果承诺（无尴尬）、动作提示（你还前后/上下）；结尾插入卡通漏水梗图,00:00:00.000；00:00:01.000；00:00:03.302；00:00:05.870；00:00:08.805；00:00:11.740；00:00:14.675；00:00:17.994,动作演示；图解；量化口令；对比示意,趣味强化；动作完成,5,5,4,yes_reference_pattern_reused_from_ali_recheck_100,risk_pattern_only,no_finished_video_reference,no,no,pending_user_review,将盆底肌问题简化为‘提臀100次’可能弱化医学干预必要性；‘修复后盆底肌’图示未标注医疗依据,health_action_risk_pending_professional_review,盆底肌对比图是否具医学授权；‘修复后’表述是否误导为治疗效果；卡通漏水图是否过度简化病理,high,reused_existing_ali_recheck_success_no_new_api_call
fv_0088,ai_needed_final_video,只需一个瑜伽小球髋灵活了臀翘了6.8.mp4,single_action_tts_teaching,positive_reference_only,痛点可视化,00:00:00.000（正面坐姿球上+主标题字幕）、00:00:00.894（背对坐姿+‘抗衰别只盯着脸’字幕）,00:00:00.000,00:00:02.010,2.01,动作演示；生理解剖图解；修复前后对比图；收益类比,partial_action_visible_pending_professional_review,subtitle_action_alignment_partial_visual_only_pending_audio_transcript,全程一人一球演示坐姿髋部激活动作；叠加多组解剖示意图（盆底肌、髋关节）与修复前后对比图；字幕反复强调‘只需一个瑜伽小球’‘髋灵活了臀翘了’；右下角持续标注‘非医疗保健科普 仅供参考’；结尾出现臀腰对比图集,00:00:00.000；00:00:00.894；00:00:02.010；00:00:03.574；00:00:05.361；00:00:07.148；00:00:08.935；00:00:10.819,动作演示；生理解剖图解；修复前后对比图；收益类比,效果重申；身体部位对比收束,5,4,3,yes_reference_pattern_reused_from_ali_recheck_100,risk_pattern_only,no_finished_video_reference,no,no,pending_user_review,盆底松了→等于花儿离开了土壤（隐喻过度医学化）；修复前/修复后图示易引发效果绝对化联想；非医疗保健科普 仅作参考 字样弱化但未消除健康边界风险,health_action_risk_pending_professional_review,盆底肌示意图准确性；修复前后对比图是否真实可归因于该动作；‘省下大几w科技费’字幕是否构成效果承诺违规,high,reused_existing_ali_recheck_success_no_new_api_call
fv_0089,ai_needed_final_video,只需三个动作帮你瘦臀瘦肚子.mp4,single_action_tts_teaching,positive_reference_only,结果承诺+痛点可视化,00:00:00.000（主讲人坐姿+大字幕‘只需三个动作帮你瘦臀瘦肚子’）+ 00:00:01.000（臀部对比图+‘为了翘臀紧致’）,00:00:00.000,00:00:03.465,3.465,动作演示；图解标注；口令式字幕；前后对比图,partial_action_visible_pending_professional_review,subtitle_action_alignment_partial_visual_only_pending_audio_transcript,画面含主讲人演示三个地面动作（坐姿准备→桥式→静态臀桥），每动作配对比图/解剖图/文字说明；字幕强调‘瘦臀瘦肚子’‘收紧臀部’‘保持1分钟’等；无真实前后效果对比视频，仅用示意图；左侧始终有‘传播女性正能量 拒绝焦虑’水印,00:00:00.000；00:00:01.000；00:00:03.465；00:00:06.160；00:00:09.240；00:00:12.319；00:00:15.399；00:00:18.899,动作演示；图解标注；口令式字幕；前后对比图,轻行动；结果重申,5,4,5,yes_reference_pattern_reused_from_ali_recheck_100,risk_pattern_only,no_finished_video_reference,no,no,pending_user_review,效果承诺过强（‘只需三个动作’）；医学图示简化可能误导（如盆底肌与瘦臀直接关联）；对比图非真实前后拍摄,health_action_risk_pending_professional_review,盆底肌图示是否科学准确；‘只需三个动作’是否构成过度承诺；对比图是否为同一人/同角度拍摄,high,reused_existing_ali_recheck_success_no_new_api_call
fv_0090,ai_needed_final_video,只需三个动作臀饱满腰背挺拔6.15.mp4,movement_correction,positive_reference_only,结果承诺,00:00:00.000（主讲人坐姿亮相+大字标题‘只需三个动作 臀饱满腰背挺拔’）,00:00:00.000,00:00:02.947,2.947,动作演示、量化口令、对比图解、坐姿/仰卧/跪姿分场景执行,partial_action_visible_pending_professional_review,subtitle_action_alignment_partial_visual_only_pending_audio_transcript,画面含三组动作：1）仰卧臀桥类（提臀/保持）；2）跪姿脊柱流动；3）坐椅骨盆滚动。每动作配黄底白字指令（如‘静态臀翘保持1分钟’‘前后滚动100次’），左上角持续标注‘非医疗保健科普 仅供参考’，结尾出现盆底肌解剖对比图。无口播文字转录，仅字幕与动作同步。,00:00:00.000；00:00:01.000；00:00:02.947；00:00:05.238；00:00:07.858；00:00:10.477；00:00:13.096；00:00:16.020,动作演示、量化口令、对比图解、坐姿/仰卧/跪姿分场景执行,结果重申、动作完成状态展示,5,5,4,yes_reference_pattern_reused_from_ali_recheck_100,risk_pattern_only,no_finished_video_reference,no,no,pending_user_review,每日坚持1分钟/100次的绝对化频次承诺；‘改善臀部’‘疏通盆底’等未明确限定为非医疗效果的表述,health_action_risk_pending_professional_review,‘每天要做’‘100次’等量化指令是否构成过度承诺；盆底肌解剖图是否暗示医疗效果；‘疏通盆底’字幕是否需加‘感观描述’限定语,high,reused_existing_ali_recheck_success_no_new_api_call
fv_0091,ai_needed_final_video,只需三个动作让P底紧致Q弹.mp4,single_action_tts_teaching,positive_reference_only,痛点可视化,00:00:00.000：主讲人坐姿持球，字幕‘只需三个动作 让P底紧致Q弹’；00:00:01.000：叠加痛点文案‘肚子平了 臀饱满 腰也细了’,00:00:00.000,00:00:02.905,2.905,动作演示；多角度特写；图解辅助,partial_action_visible_pending_professional_review,subtitle_action_alignment_partial_visual_only_pending_audio_transcript,pending_subtitle_or_audio_transcript,00:00:00.000；00:00:01.000；00:00:02.905；00:00:05.164；00:00:07.746；00:00:10.328；00:00:12.910；00:00:15.788,动作演示；多角度特写；图解辅助,结果重申,5,5,5,yes_reference_pattern_reused_from_ali_recheck_100,risk_pattern_only,no_finished_video_reference,no,no,pending_user_review,效果承诺过强（Q弹、八爪鱼）；医学边界模糊（P底紧致）,health_action_risk_pending_professional_review,‘八爪鱼’图解是否构成误导性类比；‘P底紧致Q弹’是否违反健康类内容规范；腰腹对比小图是否为真实前后对比,high,reused_existing_ali_recheck_success_no_new_api_call
fv_0092,ai_needed_final_video,只需两个动作肚子平了臀翘了.mp4,single_action_tts_teaching,positive_reference_only,结果承诺,00:00:00.000：主讲人坐姿持球，大字幕‘只需两个动作 肚子平了臀翘了’；00:00:01.000：延续同一场景，字幕重复痛点与结果，画面无变化,00:00:00.000,00:00:02.888,2.888,动作演示；字幕强化；前后对比图,complete_or_key_cycle_visible_visual_only,subtitle_action_alignment_partial_visual_only_pending_audio_transcript,画面始终为单人室内演示；主讲人穿运动装，使用粉色瑜伽球；每帧顶部固定黄字标题‘高段位女性都在练盆底…’；左下角有‘练习前/后’腰臀对比图；左侧竖排文字‘传播女性正能量 拒绝焦虑’；动作从坐姿过渡到跪姿，逐步抬臂；无口播文字可见，仅字幕信息；对比图中‘练习后’状态明显优于‘练习前’，但无法判断是否P图,00:00:00.000；00:00:01.000；00:00:02.888；00:00:05.134；00:00:07.702；00:00:10.269；00:00:12.836；00:00:15.695,动作演示；字幕强化；前后对比图,动作完成；静止定格,5,5,4,yes_reference_pattern_reused_from_ali_recheck_100,risk_pattern_only,no_finished_video_reference,no,no,pending_user_review,效果承诺过强（‘平了’‘翘了’为绝对化表述）；未说明个体差异与训练周期；‘高段位女性都在练’可能构成群体误导,pending_user_review,‘肚子平了臀翘了’是否构成效果绝对化承诺；练习前/后对比图真实性；‘40+女性都去练’是否构成年龄群体误导；‘高段位女性都在练’是否存在误导性表述,high,reused_existing_ali_recheck_success_no_new_api_call
fv_0093,ai_needed_final_video,只需四个动作告别松弛漏水尴尬.mp4,movement_correction,positive_reference_only,痛点可视化,00:00:00.000：坐姿+字幕‘只需四个动作 告别松弛漏水尴尬’，画面含粉色球、黄绿裤装，明确痛点与解决方案标题,00:00:00.000,00:00:01.000,1,动作演示；图解对比；口令计数,partial_action_visible_pending_professional_review,subtitle_action_alignment_partial_visual_only_pending_audio_transcript,画面始终为同一女性在室内场景演示；共4个独立动作模块，每模块含统一字幕格式（黄色底+黑字动作名+次数）、小图解（盆底肌/臀线/腰腹对比图）；左侧竖排文字‘传播女性正能量 拒绝羞辱你’贯穿全片；无口播文字可见，仅字幕信息,00:00:00.000；00:00:01.000；00:00:03.678；00:00:06.539；00:00:09.808；00:00:13.077；00:00:16.346；00:00:20.083,动作演示；图解对比；口令计数,动作完成；效果示意；轻行动收束,5,5,4,yes_reference_pattern_reused_from_ali_recheck_100,risk_pattern_only,no_finished_video_reference,no,no,pending_user_review,效果承诺（100次即改善）；医学效果暗示（修复前后图示）,health_action_risk_pending_professional_review,‘修复前→修复后’图解真实性；‘100次’效果承诺是否合规；‘漏水尴尬’表述是否过度刺激,high,reused_existing_ali_recheck_success_no_new_api_call
fv_0094,ai_needed_final_video,只需四个动作臀翘了小肚子平了.mp4,single_action_tts_teaching,positive_reference_only,结果承诺,00:00:00.000：主讲人坐姿持球，大字幕‘只需四个动作 臀翘了小肚子平了’；00:00:01.000：四组对比图+字幕‘30岁过后都去练八爪鱼…’,00:00:00.000,00:00:03.055,3.055,单动作循环演示；字幕强调频次与目标肌群,partial_action_visible_pending_professional_review,subtitle_action_alignment_partial_visual_only_pending_audio_transcript,画面以坐姿夹球动作为核心，全程仅一个基础动作变体；字幕反复出现‘30岁过后’‘四个动作每天100个’‘小肚子平了 腰细了 臀变翘了’‘练习盆底肌’；顶部四宫格为腹部/臀部前后对比图；无讲解手势、无解剖图示、无错误示范,00:00:00.000；00:00:01.000；00:00:03.055；00:00:05.432；00:00:08.148；00:00:10.863；00:00:13.579；00:00:16.624,单动作循环演示；字幕强调频次与目标肌群,动作完成态展示,5,5,3,yes_reference_pattern_reused_from_ali_recheck_100,risk_pattern_only,no_finished_video_reference,no,no,pending_user_review,每天100个动作频次承诺；‘不管生完多久’效果泛化,health_action_risk_pending_professional_review,字幕‘每天100个’是否合规；‘不管生完多久’是否构成效果泛化；盆底肌训练表述是否越界；四宫格对比图是否为同一人/同期拍摄,high,reused_existing_ali_recheck_success_no_new_api_call
fv_0095,ai_needed_final_video,四个动作修复盆底肌.mp4,single_action_tts_teaching,positive_reference_only,痛点可视化,00:00:00.000（标题‘盆底肌恢复’+‘练四个动作’）+ 00:00:01.000（字幕‘如果你每天坚持做’）构成问题引入,00:00:00.000,00:00:05.864,5.864,动作演示；解剖图对比；步骤口令；前后状态图解,partial_action_visible_pending_professional_review,subtitle_action_alignment_partial_visual_only_pending_audio_transcript,画面含标题字幕‘盆底肌恢复’‘练四个动作’；多帧出现解剖对比图（萎缩/修复盆底肌、产前产后骨盆、假胯宽改善前后）；动作演示含静态臀桥、仰卧内收拢闭合等；字幕含‘如果你每天坚持做’‘慢慢就能恢复到’‘50次静态臀桥’‘会一点点向内收拢闭合’‘都会慢慢改善消失’,00:00:00.000；00:00:01.000；00:00:05.864；00:00:10.425；00:00:15.637；00:00:20.849；00:00:26.062；00:00:32.227,动作演示；解剖图对比；步骤口令；前后状态图解,结果重申；行动强化,5,5,4,yes_reference_pattern_reused_from_ali_recheck_100,risk_pattern_only,no_finished_video_reference,no,no,pending_user_review,‘修复’一词可能暗示医疗效果；未明确说明适用禁忌症,health_action_risk_pending_professional_review,‘修复’是否构成医疗宣称；解剖图准确性；‘50次’是否与口播一致；假胯宽图示是否误导,high,reused_existing_ali_recheck_success_no_new_api_call
fv_0096,ai_needed_final_video,四个动作告别跑跳漏水的问题6.1（2）.mp4,movement_correction,positive_reference_only,痛点可视化,00:00:00.000（标题字幕+坐姿演示开场）、00:00:01.000（背对镜头+字幕‘不管你多大年龄’强化痛点）,00:00:00.000,00:00:04.585,4.585,动作演示；解剖图解；口令引导,partial_action_visible_pending_professional_review,subtitle_action_alignment_partial_visual_only_pending_audio_transcript,画面始终为同一女性在室内地毯上示范动作；字幕反复出现‘四个动作告别跑跳漏水的问题’；第4帧插入盆底肌对比解剖图；后段出现‘上下拍击100次’‘左右提臀100次’动作指令；结尾用卡通插图强化情绪结果,00:00:00.000；00:00:01.000；00:00:04.585；00:00:08.151；00:00:12.227；00:00:16.302；00:00:20.378；00:00:25.122,动作演示；解剖图解；口令引导,结果重申；轻幽默收尾,5,5,4,yes_reference_pattern_reused_from_ali_recheck_100,risk_pattern_only,no_finished_video_reference,no,no,pending_user_review,盆底肌松弛归因简化风险；100次量化动作可能引发过度训练暗示,health_action_risk_pending_professional_review,盆底肌解剖图准确性；‘100次’是否需加‘根据体能调整’提示；卡通图是否弱化医疗严肃性,high,reused_existing_ali_recheck_success_no_new_api_call
fv_0097,ai_needed_final_video,女性再懒也要练这四个动作6.5.mp4,single_action_tts_teaching,positive_reference_only,人群点名,00:00:00.000：坐姿+大字幕‘女性再懒也要练 这四个动作’；00:00:01.000：切至第一动作预备位，字幕同步出现‘动作一’,00:00:00.000,00:00:02.871,2.871,动作演示；口令计数；字幕标注动作名称与次数,complete_or_key_cycle_visible_visual_only,subtitle_action_alignment_partial_visual_only_pending_audio_transcript,8帧画面完整覆盖4个 seated pelvic floor/exercise 动作；每动作配黄底黑字标题（动作一至四）及具体口令（如‘360°拧毛巾×左右各50个’）；全程同一场景、同一人物、同一服装；无切换背景或多人；字幕重复主标语‘女人再懒也要练 每天100个越练越致’；左下角小字‘非医疗保健科普 仅供参考’,00:00:00.000；00:00:01.000；00:00:02.871；00:00:05.105；00:00:07.657；00:00:10.209；00:00:12.762；00:00:15.602,动作演示；口令计数；字幕标注动作名称与次数,动作完成定格；微笑强化,5,5,5,yes_reference_pattern_reused_from_ali_recheck_100,risk_pattern_only,no_finished_video_reference,no,no,pending_user_review,效果承诺（越练越致）；无医学免责声明,health_action_risk_pending_professional_review,‘越练越致’是否构成效果承诺；‘非医疗保健科普 仅供参考’位置是否持续可见；动作是否真为低门槛安全动作（需专业复核）,high,reused_existing_ali_recheck_success_no_new_api_call
fv_0098,ai_needed_final_video,宝妈必看.mp4,single_action_tts_teaching,positive_reference_only,人群点名,00:00:00.000（‘千万别划走’+‘宝妈必看’字幕，正对镜头坐姿）,00:00:00.000,00:00:06.880,6.88,动作演示；图解对比；口令引导,partial_action_visible_pending_professional_review,subtitle_action_alignment_partial_visual_only_pending_audio_transcript,画面中女性穿运动服，坐瑜伽小球做骨盆/核心相关动作；字幕含‘宝妈必看’‘谁都可以划走’‘不管你30 40 50’‘每天坐在瑜伽小球上’‘小腹慢慢变平坦’‘通通消失’；第6帧插入前后臀部对比图（红框标出）；动作从正面坐→侧坐→跪坐→背坐递进；无明显口播文字外显,00:00:00.000；00:00:01.000；00:00:06.880；00:00:12.230；00:00:18.346；00:00:24.461；00:00:30.576；00:00:37.870,动作演示；图解对比；口令引导,结果重申；轻行动指令,5,5,4,yes_reference_pattern_reused_from_ali_recheck_100,risk_pattern_only,no_finished_video_reference,no,no,pending_user_review,效果承诺过强（‘通通消失’）；未说明个体差异与配合条件,health_action_risk_pending_professional_review,‘通通消失’是否构成医疗效果承诺；对比图是否为同一人/同期拍摄；坐球动作是否真能改善小腹突出（需医学依据核验）,high,reused_existing_ali_recheck_success_no_new_api_call
fv_0099,ai_needed_final_video,小肚子凸出.mp4,movement_correction,positive_reference_only,痛点可视化,00:00:00.000（标题‘小肚子凸出’+‘别乱练’+坐姿讲解）,00:00:00.000,00:00:01.000,1,动作演示；字幕口令；步骤分解,partial_action_visible_pending_professional_review,subtitle_action_alignment_partial_visual_only_pending_audio_transcript,画面主体为女性在地毯上示范腹部训练动作，使用粉色瑜伽球；字幕重复强调‘每天碎片10分钟’‘告别小腹婆’‘利用瑜伽小球的不稳定性’；动作从坐姿引入，过渡至仰卧位多阶段腿部控制练习；无口播画面仅字幕与动作；左下角固定标注‘非医疗保健科普 仅供参考’,00:00:00.000；00:00:01.000；00:00:04.251；00:00:07.556；00:00:11.335；00:00:15.113；00:00:18.891；00:00:23.264,动作演示；字幕口令；步骤分解,动作完成；结果暗示,5,5,4,yes_reference_pattern_reused_from_ali_recheck_100,risk_pattern_only,no_finished_video_reference,no,no,pending_user_review,非医疗保健科普 仅供参考；未明确禁忌症与适应人群,health_action_risk_pending_professional_review,字幕中‘塑形效果会翻倍’是否构成过度承诺；动作是否符合解剖安全规范（如骨盆中立位维持）,high,reused_existing_ali_recheck_success_no_new_api_call
fv_0100,ai_needed_final_video,小腹凸出 妈妈臀就练这几个动作6.15.mp4,single_action_tts_teaching,positive_reference_only,痛点可视化,00:00:00.000（正面坐姿+主标题字幕‘小腹凸出 妈妈臀 就练这几个动作’）+00:00:01.000（背对坐椅+相同标题+‘因为你每天坚持’）构成开场痛点锚定,00:00:00.000,00:00:04.284,4.284,动作演示；解剖图示；口令计数；对比图（前后腹部）,partial_action_visible_pending_professional_review,subtitle_action_alignment_partial_visual_only_pending_audio_transcript,画面含重复主标题字幕‘小腹凸出 妈妈臀 就练这几个动作’；多帧出现‘非医疗保健科普 仅供参考’小字；00:00:04.284与00:00:11.424含腹部/盆底肌对比图与解剖示意图；00:00:19.040有‘上下拍击100次’口令；结尾00:00:23.450用卡通形象遮挡私密部位并配结果承诺字幕,00:00:00.000；00:00:01.000；00:00:04.284；00:00:07.616；00:00:11.424；00:00:15.232；00:00:19.040；00:00:23.450,动作演示；解剖图示；口令计数；对比图（前后腹部）,结果重申；轻行动（拍击100次）,5,4,5,yes_reference_pattern_reused_from_ali_recheck_100,risk_pattern_only,no_finished_video_reference,no,no,pending_user_review,盆底肌‘一定很紧致’属效果绝对化承诺；‘跑跳漏水的尴尬’暗示医疗症状未加免责声明,health_action_risk_pending_professional_review,‘一定很紧致’是否构成效果绝对化；盆底肌解剖图标注准确性；卡通遮挡是否充分覆盖敏感区域,high,reused_existing_ali_recheck_success_no_new_api_call
