ali_review_id,candidate_id,pair_group_id,recording_id,usable_structure_name,source_file,source_file_exists,full_context_path,full_context_exists,visual_input_folder,contact_sheet_path,preview_20s_path,frame_timecodes,material_status,visual_api_status,visual_model_used,p0_gate_result
ALI001,live_cand_0004,pair_0004,rec_001,误区/错误先抛 + 正确动作对比 + 原因解释,/Volumes/WD_BLACK/完整直播录屏/今年直播素材/5月13日直播素材.MP4,true,/Volumes/WD_BLACK/澜心社剪辑/lanxinse--/outputs/local_live_A_editor_package/01_误区错误纠正_错误动作正确动作原因解释/A001_live_cand_0004_pair_0004_rec_001/03_完整上下文_full_context.mp4,true,/Volumes/WD_BLACK/澜心社剪辑/lanxinse--/outputs/local_manual_review_video_pool/_visual_inputs/04_误区错误纠正_错误动作正确动作原因解释/ALI001_live_cand_0004_pair_0004_rec_001,/Volumes/WD_BLACK/澜心社剪辑/lanxinse--/outputs/local_manual_review_video_pool/_visual_inputs/04_误区错误纠正_错误动作正确动作原因解释/ALI001_live_cand_0004_pair_0004_rec_001/04_视觉证据_contact_sheet.jpg,/Volumes/WD_BLACK/澜心社剪辑/lanxinse--/outputs/local_manual_review_video_pool/_visual_inputs/04_误区错误纠正_错误动作正确动作原因解释/ALI001_live_cand_0004_pair_0004_rec_001/05_20秒复核预览_preview_20s.mp4,"00:00:09.602,00:00:33.606,00:01:00.010,00:01:26.414,00:01:50.418",created,success,qwen3-vl-plus,still_blocked_topic_break
ALI002,live_cand_0006,pair_0006,rec_001,问题问答 + 原因解释 + 方法边界,/Volumes/WD_BLACK/完整直播录屏/今年直播素材/5月13日直播素材.MP4,true,/Volumes/WD_BLACK/澜心社剪辑/lanxinse--/outputs/local_live_A_editor_package/02_问题问答_原因解释方法边界/A002_live_cand_0006_pair_0006_rec_001/03_完整上下文_full_context.mp4,true,/Volumes/WD_BLACK/澜心社剪辑/lanxinse--/outputs/local_manual_review_video_pool/_visual_inputs/01_问题问答_原因解释方法边界/ALI002_live_cand_0006_pair_0006_rec_001,/Volumes/WD_BLACK/澜心社剪辑/lanxinse--/outputs/local_manual_review_video_pool/_visual_inputs/01_问题问答_原因解释方法边界/ALI002_live_cand_0006_pair_0006_rec_001/04_视觉证据_contact_sheet.jpg,/Volumes/WD_BLACK/澜心社剪辑/lanxinse--/outputs/local_manual_review_video_pool/_visual_inputs/01_问题问答_原因解释方法边界/ALI002_live_cand_0006_pair_0006_rec_001/05_20秒复核预览_preview_20s.mp4,"00:00:09.602,00:00:33.606,00:01:00.010,00:01:26.414,00:01:50.418",created,success,qwen3-vl-plus,weak_related_need_manual_review
ALI003,live_cand_0011,pair_0011,rec_001,工具/动作演示 + 发力口令 + 低压跟练收束,/Volumes/WD_BLACK/完整直播录屏/今年直播素材/5月13日直播素材.MP4,true,/Volumes/WD_BLACK/澜心社剪辑/lanxinse--/outputs/local_live_A_editor_package/04_工具动作演示_发力口令低压跟练收束/A003_live_cand_0011_pair_0011_rec_001/03_完整上下文_full_context.mp4,true,/Volumes/WD_BLACK/澜心社剪辑/lanxinse--/outputs/local_manual_review_video_pool/_visual_inputs/02_工具动作演示_发力口令低压跟练收束/ALI003_live_cand_0011_pair_0011_rec_001,/Volumes/WD_BLACK/澜心社剪辑/lanxinse--/outputs/local_manual_review_video_pool/_visual_inputs/02_工具动作演示_发力口令低压跟练收束/ALI003_live_cand_0011_pair_0011_rec_001/04_视觉证据_contact_sheet.jpg,/Volumes/WD_BLACK/澜心社剪辑/lanxinse--/outputs/local_manual_review_video_pool/_visual_inputs/02_工具动作演示_发力口令低压跟练收束/ALI003_live_cand_0011_pair_0011_rec_001/05_20秒复核预览_preview_20s.mp4,"00:00:09.602,00:00:33.606,00:01:00.010,00:01:26.414,00:01:50.418",created,success,qwen3-vl-plus,still_blocked_topic_break
ALI004,live_cand_0012,pair_0012,rec_001,工具/动作演示 + 发力口令 + 低压跟练收束,/Volumes/WD_BLACK/完整直播录屏/今年直播素材/5月13日直播素材.MP4,true,/Volumes/WD_BLACK/澜心社剪辑/lanxinse--/outputs/local_live_A_editor_package/04_工具动作演示_发力口令低压跟练收束/A004_live_cand_0012_pair_0012_rec_001/03_完整上下文_full_context.mp4,true,/Volumes/WD_BLACK/澜心社剪辑/lanxinse--/outputs/local_manual_review_video_pool/_visual_inputs/02_工具动作演示_发力口令低压跟练收束/ALI004_live_cand_0012_pair_0012_rec_001,/Volumes/WD_BLACK/澜心社剪辑/lanxinse--/outputs/local_manual_review_video_pool/_visual_inputs/02_工具动作演示_发力口令低压跟练收束/ALI004_live_cand_0012_pair_0012_rec_001/04_视觉证据_contact_sheet.jpg,/Volumes/WD_BLACK/澜心社剪辑/lanxinse--/outputs/local_manual_review_video_pool/_visual_inputs/02_工具动作演示_发力口令低压跟练收束/ALI004_live_cand_0012_pair_0012_rec_001/05_20秒复核预览_preview_20s.mp4,"00:00:09.602,00:00:33.606,00:01:00.010,00:01:26.414,00:01:50.418",created,success,qwen3-vl-plus,still_blocked_topic_break
ALI005,live_cand_0013,pair_0013,rec_001,多动作组合 + 同一主题推进 + 轻跟练收束,/Volumes/WD_BLACK/完整直播录屏/今年直播素材/5月13日直播素材.MP4,true,/Volumes/WD_BLACK/澜心社剪辑/lanxinse--/outputs/local_live_A_editor_package/05_多动作组合_同一主题推进轻跟练收束/A005_live_cand_0013_pair_0013_rec_001/03_完整上下文_full_context.mp4,true,/Volumes/WD_BLACK/澜心社剪辑/lanxinse--/outputs/local_manual_review_video_pool/_visual_inputs/05_多动作组合_同一主题推进轻跟练收束/ALI005_live_cand_0013_pair_0013_rec_001,/Volumes/WD_BLACK/澜心社剪辑/lanxinse--/outputs/local_manual_review_video_pool/_visual_inputs/05_多动作组合_同一主题推进轻跟练收束/ALI005_live_cand_0013_pair_0013_rec_001/04_视觉证据_contact_sheet.jpg,/Volumes/WD_BLACK/澜心社剪辑/lanxinse--/outputs/local_manual_review_video_pool/_visual_inputs/05_多动作组合_同一主题推进轻跟练收束/ALI005_live_cand_0013_pair_0013_rec_001/05_20秒复核预览_preview_20s.mp4,"00:00:09.602,00:00:33.606,00:01:00.010,00:01:26.414,00:01:50.418",created,success,qwen3-vl-plus,still_blocked_topic_break
ALI006,live_cand_0014,pair_0014,rec_001,工具/动作演示 + 发力口令 + 低压跟练收束,/Volumes/WD_BLACK/完整直播录屏/今年直播素材/5月13日直播素材.MP4,true,/Volumes/WD_BLACK/澜心社剪辑/lanxinse--/outputs/local_live_A_editor_package/04_工具动作演示_发力口令低压跟练收束/A006_live_cand_0014_pair_0014_rec_001/03_完整上下文_full_context.mp4,true,/Volumes/WD_BLACK/澜心社剪辑/lanxinse--/outputs/local_manual_review_video_pool/_visual_inputs/02_工具动作演示_发力口令低压跟练收束/ALI006_live_cand_0014_pair_0014_rec_001,/Volumes/WD_BLACK/澜心社剪辑/lanxinse--/outputs/local_manual_review_video_pool/_visual_inputs/02_工具动作演示_发力口令低压跟练收束/ALI006_live_cand_0014_pair_0014_rec_001/04_视觉证据_contact_sheet.jpg,/Volumes/WD_BLACK/澜心社剪辑/lanxinse--/outputs/local_manual_review_video_pool/_visual_inputs/02_工具动作演示_发力口令低压跟练收束/ALI006_live_cand_0014_pair_0014_rec_001/05_20秒复核预览_preview_20s.mp4,"00:00:09.602,00:00:33.606,00:01:00.010,00:01:26.414,00:01:50.418",created,success,qwen3-vl-plus,still_blocked_topic_break
ALI007,live_cand_0015,pair_0015,rec_001,多动作组合 + 同一主题推进 + 轻跟练收束,/Volumes/WD_BLACK/完整直播录屏/今年直播素材/5月13日直播素材.MP4,true,/Volumes/WD_BLACK/澜心社剪辑/lanxinse--/outputs/local_live_A_editor_package/05_多动作组合_同一主题推进轻跟练收束/A007_live_cand_0015_pair_0015_rec_001/03_完整上下文_full_context.mp4,true,/Volumes/WD_BLACK/澜心社剪辑/lanxinse--/outputs/local_manual_review_video_pool/_visual_inputs/05_多动作组合_同一主题推进轻跟练收束/ALI007_live_cand_0015_pair_0015_rec_001,/Volumes/WD_BLACK/澜心社剪辑/lanxinse--/outputs/local_manual_review_video_pool/_visual_inputs/05_多动作组合_同一主题推进轻跟练收束/ALI007_live_cand_0015_pair_0015_rec_001/04_视觉证据_contact_sheet.jpg,/Volumes/WD_BLACK/澜心社剪辑/lanxinse--/outputs/local_manual_review_video_pool/_visual_inputs/05_多动作组合_同一主题推进轻跟练收束/ALI007_live_cand_0015_pair_0015_rec_001/05_20秒复核预览_preview_20s.mp4,"00:00:09.602,00:00:33.606,00:01:00.010,00:01:26.414,00:01:50.418",created,success,qwen3-vl-plus,weak_related_need_manual_review
ALI008,live_cand_0016,pair_0016,rec_001,工具/动作演示 + 发力口令 + 低压跟练收束,/Volumes/WD_BLACK/完整直播录屏/今年直播素材/5月13日直播素材.MP4,true,/Volumes/WD_BLACK/澜心社剪辑/lanxinse--/outputs/local_live_A_editor_package/04_工具动作演示_发力口令低压跟练收束/A008_live_cand_0016_pair_0016_rec_001/03_完整上下文_full_context.mp4,true,/Volumes/WD_BLACK/澜心社剪辑/lanxinse--/outputs/local_manual_review_video_pool/_visual_inputs/02_工具动作演示_发力口令低压跟练收束/ALI008_live_cand_0016_pair_0016_rec_001,/Volumes/WD_BLACK/澜心社剪辑/lanxinse--/outputs/local_manual_review_video_pool/_visual_inputs/02_工具动作演示_发力口令低压跟练收束/ALI008_live_cand_0016_pair_0016_rec_001/04_视觉证据_contact_sheet.jpg,/Volumes/WD_BLACK/澜心社剪辑/lanxinse--/outputs/local_manual_review_video_pool/_visual_inputs/02_工具动作演示_发力口令低压跟练收束/ALI008_live_cand_0016_pair_0016_rec_001/05_20秒复核预览_preview_20s.mp4,"00:00:09.602,00:00:33.606,00:01:00.010,00:01:26.414,00:01:50.418",created,success,qwen3-vl-plus,still_blocked_topic_break
ALI009,live_cand_0017,pair_0017,rec_001,多动作组合 + 同一主题推进 + 轻跟练收束,/Volumes/WD_BLACK/完整直播录屏/今年直播素材/5月13日直播素材.MP4,true,/Volumes/WD_BLACK/澜心社剪辑/lanxinse--/outputs/local_live_A_editor_package/05_多动作组合_同一主题推进轻跟练收束/A009_live_cand_0017_pair_0017_rec_001/03_完整上下文_full_context.mp4,true,/Volumes/WD_BLACK/澜心社剪辑/lanxinse--/outputs/local_manual_review_video_pool/_visual_inputs/05_多动作组合_同一主题推进轻跟练收束/ALI009_live_cand_0017_pair_0017_rec_001,/Volumes/WD_BLACK/澜心社剪辑/lanxinse--/outputs/local_manual_review_video_pool/_visual_inputs/05_多动作组合_同一主题推进轻跟练收束/ALI009_live_cand_0017_pair_0017_rec_001/04_视觉证据_contact_sheet.jpg,/Volumes/WD_BLACK/澜心社剪辑/lanxinse--/outputs/local_manual_review_video_pool/_visual_inputs/05_多动作组合_同一主题推进轻跟练收束/ALI009_live_cand_0017_pair_0017_rec_001/05_20秒复核预览_preview_20s.mp4,"00:00:09.602,00:00:33.606,00:01:00.010,00:01:26.414,00:01:50.418",created,success,qwen3-vl-plus,weak_related_need_manual_review
ALI010,live_cand_0018,pair_0018,rec_001,痛点/人群点名 + 单动作完整循环 + 坚持建议,/Volumes/WD_BLACK/完整直播录屏/今年直播素材/5月13日直播素材.MP4,true,/Volumes/WD_BLACK/澜心社剪辑/lanxinse--/outputs/local_live_A_editor_package/03_痛点人群点名_单动作完整循环坚持建议/A010_live_cand_0018_pair_0018_rec_001/03_完整上下文_full_context.mp4,true,/Volumes/WD_BLACK/澜心社剪辑/lanxinse--/outputs/local_manual_review_video_pool/_visual_inputs/03_痛点人群点名_单动作完整循环坚持建议/ALI010_live_cand_0018_pair_0018_rec_001,/Volumes/WD_BLACK/澜心社剪辑/lanxinse--/outputs/local_manual_review_video_pool/_visual_inputs/03_痛点人群点名_单动作完整循环坚持建议/ALI010_live_cand_0018_pair_0018_rec_001/04_视觉证据_contact_sheet.jpg,/Volumes/WD_BLACK/澜心社剪辑/lanxinse--/outputs/local_manual_review_video_pool/_visual_inputs/03_痛点人群点名_单动作完整循环坚持建议/ALI010_live_cand_0018_pair_0018_rec_001/05_20秒复核预览_preview_20s.mp4,"00:00:09.602,00:00:33.606,00:01:00.010,00:01:26.414,00:01:50.418",created,success,qwen3-vl-plus,still_blocked_topic_break
ALI011,live_cand_0019,pair_0019,rec_001,多动作组合 + 同一主题推进 + 轻跟练收束,/Volumes/WD_BLACK/完整直播录屏/今年直播素材/5月13日直播素材.MP4,true,/Volumes/WD_BLACK/澜心社剪辑/lanxinse--/outputs/local_live_A_editor_package/05_多动作组合_同一主题推进轻跟练收束/A011_live_cand_0019_pair_0019_rec_001/03_完整上下文_full_context.mp4,true,/Volumes/WD_BLACK/澜心社剪辑/lanxinse--/outputs/local_manual_review_video_pool/_visual_inputs/05_多动作组合_同一主题推进轻跟练收束/ALI011_live_cand_0019_pair_0019_rec_001,/Volumes/WD_BLACK/澜心社剪辑/lanxinse--/outputs/local_manual_review_video_pool/_visual_inputs/05_多动作组合_同一主题推进轻跟练收束/ALI011_live_cand_0019_pair_0019_rec_001/04_视觉证据_contact_sheet.jpg,/Volumes/WD_BLACK/澜心社剪辑/lanxinse--/outputs/local_manual_review_video_pool/_visual_inputs/05_多动作组合_同一主题推进轻跟练收束/ALI011_live_cand_0019_pair_0019_rec_001/05_20秒复核预览_preview_20s.mp4,"00:00:09.602,00:00:33.606,00:01:00.010,00:01:26.414,00:01:50.418",created,success,qwen3-vl-plus,weak_related_need_manual_review
ALI012,live_cand_0022,pair_0022,rec_001,多动作组合 + 同一主题推进 + 轻跟练收束,/Volumes/WD_BLACK/完整直播录屏/今年直播素材/5月13日直播素材.MP4,true,/Volumes/WD_BLACK/澜心社剪辑/lanxinse--/outputs/local_live_A_editor_package/05_多动作组合_同一主题推进轻跟练收束/A012_live_cand_0022_pair_0022_rec_001/03_完整上下文_full_context.mp4,true,/Volumes/WD_BLACK/澜心社剪辑/lanxinse--/outputs/local_manual_review_video_pool/_visual_inputs/05_多动作组合_同一主题推进轻跟练收束/ALI012_live_cand_0022_pair_0022_rec_001,/Volumes/WD_BLACK/澜心社剪辑/lanxinse--/outputs/local_manual_review_video_pool/_visual_inputs/05_多动作组合_同一主题推进轻跟练收束/ALI012_live_cand_0022_pair_0022_rec_001/04_视觉证据_contact_sheet.jpg,/Volumes/WD_BLACK/澜心社剪辑/lanxinse--/outputs/local_manual_review_video_pool/_visual_inputs/05_多动作组合_同一主题推进轻跟练收束/ALI012_live_cand_0022_pair_0022_rec_001/05_20秒复核预览_preview_20s.mp4,"00:00:09.602,00:00:33.606,00:01:00.010,00:01:26.414,00:01:50.418",created,success,qwen3-vl-plus,weak_related_need_manual_review
ALI013,live_cand_0023,pair_0023,rec_001,工具/动作演示 + 发力口令 + 低压跟练收束,/Volumes/WD_BLACK/完整直播录屏/今年直播素材/5月13日直播素材.MP4,true,/Volumes/WD_BLACK/澜心社剪辑/lanxinse--/outputs/local_live_A_editor_package/04_工具动作演示_发力口令低压跟练收束/A013_live_cand_0023_pair_0023_rec_001/03_完整上下文_full_context.mp4,true,/Volumes/WD_BLACK/澜心社剪辑/lanxinse--/outputs/local_manual_review_video_pool/_visual_inputs/02_工具动作演示_发力口令低压跟练收束/ALI013_live_cand_0023_pair_0023_rec_001,/Volumes/WD_BLACK/澜心社剪辑/lanxinse--/outputs/local_manual_review_video_pool/_visual_inputs/02_工具动作演示_发力口令低压跟练收束/ALI013_live_cand_0023_pair_0023_rec_001/04_视觉证据_contact_sheet.jpg,/Volumes/WD_BLACK/澜心社剪辑/lanxinse--/outputs/local_manual_review_video_pool/_visual_inputs/02_工具动作演示_发力口令低压跟练收束/ALI013_live_cand_0023_pair_0023_rec_001/05_20秒复核预览_preview_20s.mp4,"00:00:09.602,00:00:33.606,00:01:00.010,00:01:26.414,00:01:50.418",created,success,qwen3-vl-plus,weak_related_need_manual_review
ALI014,live_cand_0024,pair_0024,rec_001,工具/动作演示 + 发力口令 + 低压跟练收束,/Volumes/WD_BLACK/完整直播录屏/今年直播素材/5月13日直播素材.MP4,true,/Volumes/WD_BLACK/澜心社剪辑/lanxinse--/outputs/local_live_A_editor_package/04_工具动作演示_发力口令低压跟练收束/A014_live_cand_0024_pair_0024_rec_001/03_完整上下文_full_context.mp4,true,/Volumes/WD_BLACK/澜心社剪辑/lanxinse--/outputs/local_manual_review_video_pool/_visual_inputs/02_工具动作演示_发力口令低压跟练收束/ALI014_live_cand_0024_pair_0024_rec_001,/Volumes/WD_BLACK/澜心社剪辑/lanxinse--/outputs/local_manual_review_video_pool/_visual_inputs/02_工具动作演示_发力口令低压跟练收束/ALI014_live_cand_0024_pair_0024_rec_001/04_视觉证据_contact_sheet.jpg,/Volumes/WD_BLACK/澜心社剪辑/lanxinse--/outputs/local_manual_review_video_pool/_visual_inputs/02_工具动作演示_发力口令低压跟练收束/ALI014_live_cand_0024_pair_0024_rec_001/05_20秒复核预览_preview_20s.mp4,"00:00:09.602,00:00:33.606,00:01:00.010,00:01:26.414,00:01:50.418",created,success,qwen3-vl-plus,weak_related_need_manual_review
ALI015,live_cand_0025,pair_0025,rec_001,多动作组合 + 同一主题推进 + 轻跟练收束,/Volumes/WD_BLACK/完整直播录屏/今年直播素材/5月13日直播素材.MP4,true,/Volumes/WD_BLACK/澜心社剪辑/lanxinse--/outputs/local_live_A_editor_package/05_多动作组合_同一主题推进轻跟练收束/A015_live_cand_0025_pair_0025_rec_001/03_完整上下文_full_context.mp4,true,/Volumes/WD_BLACK/澜心社剪辑/lanxinse--/outputs/local_manual_review_video_pool/_visual_inputs/05_多动作组合_同一主题推进轻跟练收束/ALI015_live_cand_0025_pair_0025_rec_001,/Volumes/WD_BLACK/澜心社剪辑/lanxinse--/outputs/local_manual_review_video_pool/_visual_inputs/05_多动作组合_同一主题推进轻跟练收束/ALI015_live_cand_0025_pair_0025_rec_001/04_视觉证据_contact_sheet.jpg,/Volumes/WD_BLACK/澜心社剪辑/lanxinse--/outputs/local_manual_review_video_pool/_visual_inputs/05_多动作组合_同一主题推进轻跟练收束/ALI015_live_cand_0025_pair_0025_rec_001/05_20秒复核预览_preview_20s.mp4,"00:00:09.602,00:00:33.606,00:01:00.010,00:01:26.414,00:01:50.418",created,success,qwen3-vl-plus,weak_related_need_manual_review
ALI016,live_cand_0026,pair_0026,rec_001,工具/动作演示 + 发力口令 + 低压跟练收束,/Volumes/WD_BLACK/完整直播录屏/今年直播素材/5月13日直播素材.MP4,true,/Volumes/WD_BLACK/澜心社剪辑/lanxinse--/outputs/local_live_A_editor_package/04_工具动作演示_发力口令低压跟练收束/A016_live_cand_0026_pair_0026_rec_001/03_完整上下文_full_context.mp4,true,/Volumes/WD_BLACK/澜心社剪辑/lanxinse--/outputs/local_manual_review_video_pool/_visual_inputs/02_工具动作演示_发力口令低压跟练收束/ALI016_live_cand_0026_pair_0026_rec_001,/Volumes/WD_BLACK/澜心社剪辑/lanxinse--/outputs/local_manual_review_video_pool/_visual_inputs/02_工具动作演示_发力口令低压跟练收束/ALI016_live_cand_0026_pair_0026_rec_001/04_视觉证据_contact_sheet.jpg,/Volumes/WD_BLACK/澜心社剪辑/lanxinse--/outputs/local_manual_review_video_pool/_visual_inputs/02_工具动作演示_发力口令低压跟练收束/ALI016_live_cand_0026_pair_0026_rec_001/05_20秒复核预览_preview_20s.mp4,"00:00:09.602,00:00:33.606,00:01:00.010,00:01:26.414,00:01:50.418",created,success,qwen3-vl-plus,weak_related_need_manual_review
ALI017,live_cand_0027,pair_0027,rec_001,多动作组合 + 同一主题推进 + 轻跟练收束,/Volumes/WD_BLACK/完整直播录屏/今年直播素材/5月13日直播素材.MP4,true,/Volumes/WD_BLACK/澜心社剪辑/lanxinse--/outputs/local_live_A_editor_package/05_多动作组合_同一主题推进轻跟练收束/A017_live_cand_0027_pair_0027_rec_001/03_完整上下文_full_context.mp4,true,/Volumes/WD_BLACK/澜心社剪辑/lanxinse--/outputs/local_manual_review_video_pool/_visual_inputs/05_多动作组合_同一主题推进轻跟练收束/ALI017_live_cand_0027_pair_0027_rec_001,/Volumes/WD_BLACK/澜心社剪辑/lanxinse--/outputs/local_manual_review_video_pool/_visual_inputs/05_多动作组合_同一主题推进轻跟练收束/ALI017_live_cand_0027_pair_0027_rec_001/04_视觉证据_contact_sheet.jpg,/Volumes/WD_BLACK/澜心社剪辑/lanxinse--/outputs/local_manual_review_video_pool/_visual_inputs/05_多动作组合_同一主题推进轻跟练收束/ALI017_live_cand_0027_pair_0027_rec_001/05_20秒复核预览_preview_20s.mp4,"00:00:09.602,00:00:33.606,00:01:00.010,00:01:26.414,00:01:50.418",created,success,qwen3-vl-plus,weak_related_need_manual_review
ALI018,live_cand_0028,pair_0028,rec_001,多动作组合 + 同一主题推进 + 轻跟练收束,/Volumes/WD_BLACK/完整直播录屏/今年直播素材/5月13日直播素材.MP4,true,/Volumes/WD_BLACK/澜心社剪辑/lanxinse--/outputs/local_live_A_editor_package/05_多动作组合_同一主题推进轻跟练收束/A018_live_cand_0028_pair_0028_rec_001/03_完整上下文_full_context.mp4,true,/Volumes/WD_BLACK/澜心社剪辑/lanxinse--/outputs/local_manual_review_video_pool/_visual_inputs/05_多动作组合_同一主题推进轻跟练收束/ALI018_live_cand_0028_pair_0028_rec_001,/Volumes/WD_BLACK/澜心社剪辑/lanxinse--/outputs/local_manual_review_video_pool/_visual_inputs/05_多动作组合_同一主题推进轻跟练收束/ALI018_live_cand_0028_pair_0028_rec_001/04_视觉证据_contact_sheet.jpg,/Volumes/WD_BLACK/澜心社剪辑/lanxinse--/outputs/local_manual_review_video_pool/_visual_inputs/05_多动作组合_同一主题推进轻跟练收束/ALI018_live_cand_0028_pair_0028_rec_001/05_20秒复核预览_preview_20s.mp4,"00:00:09.602,00:00:33.606,00:01:00.010,00:01:26.414,00:01:50.418",created,success,qwen3-vl-plus,still_blocked_topic_break
ALI019,live_cand_0030,pair_0030,rec_001,误区/错误先抛 + 正确动作对比 + 原因解释,/Volumes/WD_BLACK/完整直播录屏/今年直播素材/5月13日直播素材.MP4,true,/Volumes/WD_BLACK/澜心社剪辑/lanxinse--/outputs/local_live_A_editor_package/01_误区错误纠正_错误动作正确动作原因解释/A019_live_cand_0030_pair_0030_rec_001/03_完整上下文_full_context.mp4,true,/Volumes/WD_BLACK/澜心社剪辑/lanxinse--/outputs/local_manual_review_video_pool/_visual_inputs/04_误区错误纠正_错误动作正确动作原因解释/ALI019_live_cand_0030_pair_0030_rec_001,/Volumes/WD_BLACK/澜心社剪辑/lanxinse--/outputs/local_manual_review_video_pool/_visual_inputs/04_误区错误纠正_错误动作正确动作原因解释/ALI019_live_cand_0030_pair_0030_rec_001/04_视觉证据_contact_sheet.jpg,/Volumes/WD_BLACK/澜心社剪辑/lanxinse--/outputs/local_manual_review_video_pool/_visual_inputs/04_误区错误纠正_错误动作正确动作原因解释/ALI019_live_cand_0030_pair_0030_rec_001/05_20秒复核预览_preview_20s.mp4,"00:00:09.602,00:00:33.606,00:01:00.010,00:01:26.414,00:01:50.418",created,success,qwen3-vl-plus,logic_mismatch_reject
ALI020,live_cand_0031,pair_0031,rec_001,多动作组合 + 同一主题推进 + 轻跟练收束,/Volumes/WD_BLACK/完整直播录屏/今年直播素材/5月13日直播素材.MP4,true,/Volumes/WD_BLACK/澜心社剪辑/lanxinse--/outputs/local_live_A_editor_package/05_多动作组合_同一主题推进轻跟练收束/A020_live_cand_0031_pair_0031_rec_001/03_完整上下文_full_context.mp4,true,/Volumes/WD_BLACK/澜心社剪辑/lanxinse--/outputs/local_manual_review_video_pool/_visual_inputs/05_多动作组合_同一主题推进轻跟练收束/ALI020_live_cand_0031_pair_0031_rec_001,/Volumes/WD_BLACK/澜心社剪辑/lanxinse--/outputs/local_manual_review_video_pool/_visual_inputs/05_多动作组合_同一主题推进轻跟练收束/ALI020_live_cand_0031_pair_0031_rec_001/04_视觉证据_contact_sheet.jpg,/Volumes/WD_BLACK/澜心社剪辑/lanxinse--/outputs/local_manual_review_video_pool/_visual_inputs/05_多动作组合_同一主题推进轻跟练收束/ALI020_live_cand_0031_pair_0031_rec_001/05_20秒复核预览_preview_20s.mp4,"00:00:09.602,00:00:33.606,00:01:00.010,00:01:26.414,00:01:50.418",created,success,qwen-vl-max,true_pair
ALI021,live_cand_0032,pair_0032,rec_001,多动作组合 + 同一主题推进 + 轻跟练收束,/Volumes/WD_BLACK/完整直播录屏/今年直播素材/5月13日直播素材.MP4,true,/Volumes/WD_BLACK/澜心社剪辑/lanxinse--/outputs/local_live_A_editor_package/05_多动作组合_同一主题推进轻跟练收束/A021_live_cand_0032_pair_0032_rec_001/03_完整上下文_full_context.mp4,true,/Volumes/WD_BLACK/澜心社剪辑/lanxinse--/outputs/local_manual_review_video_pool/_visual_inputs/05_多动作组合_同一主题推进轻跟练收束/ALI021_live_cand_0032_pair_0032_rec_001,/Volumes/WD_BLACK/澜心社剪辑/lanxinse--/outputs/local_manual_review_video_pool/_visual_inputs/05_多动作组合_同一主题推进轻跟练收束/ALI021_live_cand_0032_pair_0032_rec_001/04_视觉证据_contact_sheet.jpg,/Volumes/WD_BLACK/澜心社剪辑/lanxinse--/outputs/local_manual_review_video_pool/_visual_inputs/05_多动作组合_同一主题推进轻跟练收束/ALI021_live_cand_0032_pair_0032_rec_001/05_20秒复核预览_preview_20s.mp4,"00:00:09.602,00:00:33.606,00:01:00.010,00:01:26.414,00:01:50.418",created,success,qwen3-vl-plus,weak_related_need_manual_review
ALI022,live_cand_0033,pair_0033,rec_001,多动作组合 + 同一主题推进 + 轻跟练收束,/Volumes/WD_BLACK/完整直播录屏/今年直播素材/5月13日直播素材.MP4,true,/Volumes/WD_BLACK/澜心社剪辑/lanxinse--/outputs/local_live_A_editor_package/05_多动作组合_同一主题推进轻跟练收束/A022_live_cand_0033_pair_0033_rec_001/03_完整上下文_full_context.mp4,true,/Volumes/WD_BLACK/澜心社剪辑/lanxinse--/outputs/local_manual_review_video_pool/_visual_inputs/05_多动作组合_同一主题推进轻跟练收束/ALI022_live_cand_0033_pair_0033_rec_001,/Volumes/WD_BLACK/澜心社剪辑/lanxinse--/outputs/local_manual_review_video_pool/_visual_inputs/05_多动作组合_同一主题推进轻跟练收束/ALI022_live_cand_0033_pair_0033_rec_001/04_视觉证据_contact_sheet.jpg,/Volumes/WD_BLACK/澜心社剪辑/lanxinse--/outputs/local_manual_review_video_pool/_visual_inputs/05_多动作组合_同一主题推进轻跟练收束/ALI022_live_cand_0033_pair_0033_rec_001/05_20秒复核预览_preview_20s.mp4,"00:00:09.602,00:00:33.606,00:01:00.010,00:01:26.414,00:01:50.418",created,success,qwen3-vl-plus,weak_related_need_manual_review
ALI023,live_cand_0034,pair_0034,rec_001,误区/错误先抛 + 正确动作对比 + 原因解释,/Volumes/WD_BLACK/完整直播录屏/今年直播素材/5月13日直播素材.MP4,true,/Volumes/WD_BLACK/澜心社剪辑/lanxinse--/outputs/local_live_A_editor_package/01_误区错误纠正_错误动作正确动作原因解释/A023_live_cand_0034_pair_0034_rec_001/03_完整上下文_full_context.mp4,true,/Volumes/WD_BLACK/澜心社剪辑/lanxinse--/outputs/local_manual_review_video_pool/_visual_inputs/04_误区错误纠正_错误动作正确动作原因解释/ALI023_live_cand_0034_pair_0034_rec_001,/Volumes/WD_BLACK/澜心社剪辑/lanxinse--/outputs/local_manual_review_video_pool/_visual_inputs/04_误区错误纠正_错误动作正确动作原因解释/ALI023_live_cand_0034_pair_0034_rec_001/04_视觉证据_contact_sheet.jpg,/Volumes/WD_BLACK/澜心社剪辑/lanxinse--/outputs/local_manual_review_video_pool/_visual_inputs/04_误区错误纠正_错误动作正确动作原因解释/ALI023_live_cand_0034_pair_0034_rec_001/05_20秒复核预览_preview_20s.mp4,"00:00:09.602,00:00:33.606,00:01:00.010,00:01:26.414,00:01:50.418",created,success,qwen3-vl-plus,still_blocked_topic_break
ALI024,live_cand_0035,pair_0035,rec_001,多动作组合 + 同一主题推进 + 轻跟练收束,/Volumes/WD_BLACK/完整直播录屏/今年直播素材/5月13日直播素材.MP4,true,/Volumes/WD_BLACK/澜心社剪辑/lanxinse--/outputs/local_live_A_editor_package/05_多动作组合_同一主题推进轻跟练收束/A024_live_cand_0035_pair_0035_rec_001/03_完整上下文_full_context.mp4,true,/Volumes/WD_BLACK/澜心社剪辑/lanxinse--/outputs/local_manual_review_video_pool/_visual_inputs/05_多动作组合_同一主题推进轻跟练收束/ALI024_live_cand_0035_pair_0035_rec_001,/Volumes/WD_BLACK/澜心社剪辑/lanxinse--/outputs/local_manual_review_video_pool/_visual_inputs/05_多动作组合_同一主题推进轻跟练收束/ALI024_live_cand_0035_pair_0035_rec_001/04_视觉证据_contact_sheet.jpg,/Volumes/WD_BLACK/澜心社剪辑/lanxinse--/outputs/local_manual_review_video_pool/_visual_inputs/05_多动作组合_同一主题推进轻跟练收束/ALI024_live_cand_0035_pair_0035_rec_001/05_20秒复核预览_preview_20s.mp4,"00:00:09.602,00:00:33.606,00:01:00.010,00:01:26.414,00:01:50.418",created,success,qwen3-vl-plus,weak_related_need_manual_review
ALI025,live_cand_0036,pair_0036,rec_001,多动作组合 + 同一主题推进 + 轻跟练收束,/Volumes/WD_BLACK/完整直播录屏/今年直播素材/5月13日直播素材.MP4,true,/Volumes/WD_BLACK/澜心社剪辑/lanxinse--/outputs/local_live_A_editor_package/05_多动作组合_同一主题推进轻跟练收束/A025_live_cand_0036_pair_0036_rec_001/03_完整上下文_full_context.mp4,true,/Volumes/WD_BLACK/澜心社剪辑/lanxinse--/outputs/local_manual_review_video_pool/_visual_inputs/05_多动作组合_同一主题推进轻跟练收束/ALI025_live_cand_0036_pair_0036_rec_001,/Volumes/WD_BLACK/澜心社剪辑/lanxinse--/outputs/local_manual_review_video_pool/_visual_inputs/05_多动作组合_同一主题推进轻跟练收束/ALI025_live_cand_0036_pair_0036_rec_001/04_视觉证据_contact_sheet.jpg,/Volumes/WD_BLACK/澜心社剪辑/lanxinse--/outputs/local_manual_review_video_pool/_visual_inputs/05_多动作组合_同一主题推进轻跟练收束/ALI025_live_cand_0036_pair_0036_rec_001/05_20秒复核预览_preview_20s.mp4,"00:00:09.602,00:00:33.606,00:01:00.010,00:01:26.414,00:01:50.418",created,success,qwen3-vl-plus,weak_related_need_manual_review
ALI026,live_cand_0049,pair_0049,rec_001,多动作组合 + 同一主题推进 + 轻跟练收束,/Volumes/WD_BLACK/完整直播录屏/今年直播素材/5月13日直播素材.MP4,true,/Volumes/WD_BLACK/澜心社剪辑/lanxinse--/outputs/local_live_A_editor_package/05_多动作组合_同一主题推进轻跟练收束/A026_live_cand_0049_pair_0049_rec_001/03_完整上下文_full_context.mp4,true,/Volumes/WD_BLACK/澜心社剪辑/lanxinse--/outputs/local_manual_review_video_pool/_visual_inputs/05_多动作组合_同一主题推进轻跟练收束/ALI026_live_cand_0049_pair_0049_rec_001,/Volumes/WD_BLACK/澜心社剪辑/lanxinse--/outputs/local_manual_review_video_pool/_visual_inputs/05_多动作组合_同一主题推进轻跟练收束/ALI026_live_cand_0049_pair_0049_rec_001/04_视觉证据_contact_sheet.jpg,/Volumes/WD_BLACK/澜心社剪辑/lanxinse--/outputs/local_manual_review_video_pool/_visual_inputs/05_多动作组合_同一主题推进轻跟练收束/ALI026_live_cand_0049_pair_0049_rec_001/05_20秒复核预览_preview_20s.mp4,"00:00:09.602,00:00:33.606,00:01:00.010,00:01:26.414,00:01:50.418",created,success,qwen3-vl-plus,weak_related_need_manual_review
ALI027,live_cand_0051,pair_0051,rec_001,误区/错误先抛 + 正确动作对比 + 原因解释,/Volumes/WD_BLACK/完整直播录屏/今年直播素材/5月13日直播素材.MP4,true,/Volumes/WD_BLACK/澜心社剪辑/lanxinse--/outputs/local_live_A_editor_package/01_误区错误纠正_错误动作正确动作原因解释/A027_live_cand_0051_pair_0051_rec_001/03_完整上下文_full_context.mp4,true,/Volumes/WD_BLACK/澜心社剪辑/lanxinse--/outputs/local_manual_review_video_pool/_visual_inputs/04_误区错误纠正_错误动作正确动作原因解释/ALI027_live_cand_0051_pair_0051_rec_001,/Volumes/WD_BLACK/澜心社剪辑/lanxinse--/outputs/local_manual_review_video_pool/_visual_inputs/04_误区错误纠正_错误动作正确动作原因解释/ALI027_live_cand_0051_pair_0051_rec_001/04_视觉证据_contact_sheet.jpg,/Volumes/WD_BLACK/澜心社剪辑/lanxinse--/outputs/local_manual_review_video_pool/_visual_inputs/04_误区错误纠正_错误动作正确动作原因解释/ALI027_live_cand_0051_pair_0051_rec_001/05_20秒复核预览_preview_20s.mp4,"00:00:09.602,00:00:33.606,00:01:00.010,00:01:26.414,00:01:50.418",created,success,qwen3-vl-plus,weak_related_need_manual_review
ALI028,live_cand_0055,pair_0055,rec_002,误区/错误先抛 + 正确动作对比 + 原因解释,/Volumes/WD_BLACK/完整直播录屏/今年直播素材/C5824.MP4,true,/Volumes/WD_BLACK/澜心社剪辑/lanxinse--/outputs/local_live_A_editor_package/01_误区错误纠正_错误动作正确动作原因解释/A028_live_cand_0055_pair_0055_rec_002/03_完整上下文_full_context.mp4,true,/Volumes/WD_BLACK/澜心社剪辑/lanxinse--/outputs/local_manual_review_video_pool/_visual_inputs/04_误区错误纠正_错误动作正确动作原因解释/ALI028_live_cand_0055_pair_0055_rec_002,/Volumes/WD_BLACK/澜心社剪辑/lanxinse--/outputs/local_manual_review_video_pool/_visual_inputs/04_误区错误纠正_错误动作正确动作原因解释/ALI028_live_cand_0055_pair_0055_rec_002/04_视觉证据_contact_sheet.jpg,/Volumes/WD_BLACK/澜心社剪辑/lanxinse--/outputs/local_manual_review_video_pool/_visual_inputs/04_误区错误纠正_错误动作正确动作原因解释/ALI028_live_cand_0055_pair_0055_rec_002/05_20秒复核预览_preview_20s.mp4,"00:00:09.602,00:00:33.606,00:01:00.010,00:01:26.414,00:01:50.418",created,success,qwen3-vl-plus,still_blocked_topic_break
ALI029,live_cand_0058,pair_0058,rec_002,多动作组合 + 同一主题推进 + 轻跟练收束,/Volumes/WD_BLACK/完整直播录屏/今年直播素材/C5824.MP4,true,/Volumes/WD_BLACK/澜心社剪辑/lanxinse--/outputs/local_live_A_editor_package/05_多动作组合_同一主题推进轻跟练收束/A029_live_cand_0058_pair_0058_rec_002/03_完整上下文_full_context.mp4,true,/Volumes/WD_BLACK/澜心社剪辑/lanxinse--/outputs/local_manual_review_video_pool/_visual_inputs/05_多动作组合_同一主题推进轻跟练收束/ALI029_live_cand_0058_pair_0058_rec_002,/Volumes/WD_BLACK/澜心社剪辑/lanxinse--/outputs/local_manual_review_video_pool/_visual_inputs/05_多动作组合_同一主题推进轻跟练收束/ALI029_live_cand_0058_pair_0058_rec_002/04_视觉证据_contact_sheet.jpg,/Volumes/WD_BLACK/澜心社剪辑/lanxinse--/outputs/local_manual_review_video_pool/_visual_inputs/05_多动作组合_同一主题推进轻跟练收束/ALI029_live_cand_0058_pair_0058_rec_002/05_20秒复核预览_preview_20s.mp4,"00:00:09.602,00:00:33.606,00:01:00.010,00:01:26.414,00:01:50.418",created,success,qwen3-vl-plus,weak_related_need_manual_review
ALI030,live_cand_0063,pair_0063,rec_002,工具/动作演示 + 发力口令 + 低压跟练收束,/Volumes/WD_BLACK/完整直播录屏/今年直播素材/C5824.MP4,true,/Volumes/WD_BLACK/澜心社剪辑/lanxinse--/outputs/local_live_A_editor_package/04_工具动作演示_发力口令低压跟练收束/A030_live_cand_0063_pair_0063_rec_002/03_完整上下文_full_context.mp4,true,/Volumes/WD_BLACK/澜心社剪辑/lanxinse--/outputs/local_manual_review_video_pool/_visual_inputs/02_工具动作演示_发力口令低压跟练收束/ALI030_live_cand_0063_pair_0063_rec_002,/Volumes/WD_BLACK/澜心社剪辑/lanxinse--/outputs/local_manual_review_video_pool/_visual_inputs/02_工具动作演示_发力口令低压跟练收束/ALI030_live_cand_0063_pair_0063_rec_002/04_视觉证据_contact_sheet.jpg,/Volumes/WD_BLACK/澜心社剪辑/lanxinse--/outputs/local_manual_review_video_pool/_visual_inputs/02_工具动作演示_发力口令低压跟练收束/ALI030_live_cand_0063_pair_0063_rec_002/05_20秒复核预览_preview_20s.mp4,"00:00:09.602,00:00:33.606,00:01:00.010,00:01:26.414,00:01:50.418",created,success,qwen3-vl-plus,still_blocked_topic_break
ALI031,live_cand_0064,pair_0064,rec_002,误区/错误先抛 + 正确动作对比 + 原因解释,/Volumes/WD_BLACK/完整直播录屏/今年直播素材/C5824.MP4,true,/Volumes/WD_BLACK/澜心社剪辑/lanxinse--/outputs/local_live_A_editor_package/01_误区错误纠正_错误动作正确动作原因解释/A031_live_cand_0064_pair_0064_rec_002/03_完整上下文_full_context.mp4,true,/Volumes/WD_BLACK/澜心社剪辑/lanxinse--/outputs/local_manual_review_video_pool/_visual_inputs/04_误区错误纠正_错误动作正确动作原因解释/ALI031_live_cand_0064_pair_0064_rec_002,/Volumes/WD_BLACK/澜心社剪辑/lanxinse--/outputs/local_manual_review_video_pool/_visual_inputs/04_误区错误纠正_错误动作正确动作原因解释/ALI031_live_cand_0064_pair_0064_rec_002/04_视觉证据_contact_sheet.jpg,/Volumes/WD_BLACK/澜心社剪辑/lanxinse--/outputs/local_manual_review_video_pool/_visual_inputs/04_误区错误纠正_错误动作正确动作原因解释/ALI031_live_cand_0064_pair_0064_rec_002/05_20秒复核预览_preview_20s.mp4,"00:00:09.602,00:00:33.606,00:01:00.010,00:01:26.414,00:01:50.418",created,success,qwen3-vl-plus,still_blocked_topic_break
ALI032,live_cand_0065,pair_0065,rec_002,误区/错误先抛 + 正确动作对比 + 原因解释,/Volumes/WD_BLACK/完整直播录屏/今年直播素材/C5824.MP4,true,/Volumes/WD_BLACK/澜心社剪辑/lanxinse--/outputs/local_live_A_editor_package/01_误区错误纠正_错误动作正确动作原因解释/A032_live_cand_0065_pair_0065_rec_002/03_完整上下文_full_context.mp4,true,/Volumes/WD_BLACK/澜心社剪辑/lanxinse--/outputs/local_manual_review_video_pool/_visual_inputs/04_误区错误纠正_错误动作正确动作原因解释/ALI032_live_cand_0065_pair_0065_rec_002,/Volumes/WD_BLACK/澜心社剪辑/lanxinse--/outputs/local_manual_review_video_pool/_visual_inputs/04_误区错误纠正_错误动作正确动作原因解释/ALI032_live_cand_0065_pair_0065_rec_002/04_视觉证据_contact_sheet.jpg,/Volumes/WD_BLACK/澜心社剪辑/lanxinse--/outputs/local_manual_review_video_pool/_visual_inputs/04_误区错误纠正_错误动作正确动作原因解释/ALI032_live_cand_0065_pair_0065_rec_002/05_20秒复核预览_preview_20s.mp4,"00:00:09.602,00:00:33.606,00:01:00.010,00:01:26.414,00:01:50.418",created,success,qwen3-vl-plus,still_blocked_topic_break
ALI033,live_cand_0066,pair_0066,rec_002,痛点/人群点名 + 单动作完整循环 + 坚持建议,/Volumes/WD_BLACK/完整直播录屏/今年直播素材/C5824.MP4,true,/Volumes/WD_BLACK/澜心社剪辑/lanxinse--/outputs/local_live_A_editor_package/03_痛点人群点名_单动作完整循环坚持建议/A033_live_cand_0066_pair_0066_rec_002/03_完整上下文_full_context.mp4,true,/Volumes/WD_BLACK/澜心社剪辑/lanxinse--/outputs/local_manual_review_video_pool/_visual_inputs/03_痛点人群点名_单动作完整循环坚持建议/ALI033_live_cand_0066_pair_0066_rec_002,/Volumes/WD_BLACK/澜心社剪辑/lanxinse--/outputs/local_manual_review_video_pool/_visual_inputs/03_痛点人群点名_单动作完整循环坚持建议/ALI033_live_cand_0066_pair_0066_rec_002/04_视觉证据_contact_sheet.jpg,/Volumes/WD_BLACK/澜心社剪辑/lanxinse--/outputs/local_manual_review_video_pool/_visual_inputs/03_痛点人群点名_单动作完整循环坚持建议/ALI033_live_cand_0066_pair_0066_rec_002/05_20秒复核预览_preview_20s.mp4,"00:00:09.602,00:00:33.606,00:01:00.010,00:01:26.414,00:01:50.418",created,success,qwen3-vl-plus,weak_related_need_manual_review
ALI034,live_cand_0069,pair_0069,rec_002,痛点/人群点名 + 单动作完整循环 + 坚持建议,/Volumes/WD_BLACK/完整直播录屏/今年直播素材/C5824.MP4,true,/Volumes/WD_BLACK/澜心社剪辑/lanxinse--/outputs/local_live_A_editor_package/03_痛点人群点名_单动作完整循环坚持建议/A034_live_cand_0069_pair_0069_rec_002/03_完整上下文_full_context.mp4,true,/Volumes/WD_BLACK/澜心社剪辑/lanxinse--/outputs/local_manual_review_video_pool/_visual_inputs/03_痛点人群点名_单动作完整循环坚持建议/ALI034_live_cand_0069_pair_0069_rec_002,/Volumes/WD_BLACK/澜心社剪辑/lanxinse--/outputs/local_manual_review_video_pool/_visual_inputs/03_痛点人群点名_单动作完整循环坚持建议/ALI034_live_cand_0069_pair_0069_rec_002/04_视觉证据_contact_sheet.jpg,/Volumes/WD_BLACK/澜心社剪辑/lanxinse--/outputs/local_manual_review_video_pool/_visual_inputs/03_痛点人群点名_单动作完整循环坚持建议/ALI034_live_cand_0069_pair_0069_rec_002/05_20秒复核预览_preview_20s.mp4,"00:00:09.602,00:00:33.606,00:01:00.010,00:01:26.414,00:01:50.418",created,success,qwen3-vl-plus,weak_related_need_manual_review
ALI035,live_cand_0070,pair_0070,rec_002,多动作组合 + 同一主题推进 + 轻跟练收束,/Volumes/WD_BLACK/完整直播录屏/今年直播素材/C5824.MP4,true,/Volumes/WD_BLACK/澜心社剪辑/lanxinse--/outputs/local_live_A_editor_package/05_多动作组合_同一主题推进轻跟练收束/A035_live_cand_0070_pair_0070_rec_002/03_完整上下文_full_context.mp4,true,/Volumes/WD_BLACK/澜心社剪辑/lanxinse--/outputs/local_manual_review_video_pool/_visual_inputs/05_多动作组合_同一主题推进轻跟练收束/ALI035_live_cand_0070_pair_0070_rec_002,/Volumes/WD_BLACK/澜心社剪辑/lanxinse--/outputs/local_manual_review_video_pool/_visual_inputs/05_多动作组合_同一主题推进轻跟练收束/ALI035_live_cand_0070_pair_0070_rec_002/04_视觉证据_contact_sheet.jpg,/Volumes/WD_BLACK/澜心社剪辑/lanxinse--/outputs/local_manual_review_video_pool/_visual_inputs/05_多动作组合_同一主题推进轻跟练收束/ALI035_live_cand_0070_pair_0070_rec_002/05_20秒复核预览_preview_20s.mp4,"00:00:09.602,00:00:33.606,00:01:00.010,00:01:26.414,00:01:50.418",created,success,qwen3-vl-plus,weak_related_need_manual_review
ALI036,live_cand_0074,pair_0074,rec_002,痛点/人群点名 + 单动作完整循环 + 坚持建议,/Volumes/WD_BLACK/完整直播录屏/今年直播素材/C5824.MP4,true,/Volumes/WD_BLACK/澜心社剪辑/lanxinse--/outputs/local_live_A_editor_package/03_痛点人群点名_单动作完整循环坚持建议/A036_live_cand_0074_pair_0074_rec_002/03_完整上下文_full_context.mp4,true,/Volumes/WD_BLACK/澜心社剪辑/lanxinse--/outputs/local_manual_review_video_pool/_visual_inputs/03_痛点人群点名_单动作完整循环坚持建议/ALI036_live_cand_0074_pair_0074_rec_002,/Volumes/WD_BLACK/澜心社剪辑/lanxinse--/outputs/local_manual_review_video_pool/_visual_inputs/03_痛点人群点名_单动作完整循环坚持建议/ALI036_live_cand_0074_pair_0074_rec_002/04_视觉证据_contact_sheet.jpg,/Volumes/WD_BLACK/澜心社剪辑/lanxinse--/outputs/local_manual_review_video_pool/_visual_inputs/03_痛点人群点名_单动作完整循环坚持建议/ALI036_live_cand_0074_pair_0074_rec_002/05_20秒复核预览_preview_20s.mp4,"00:00:09.602,00:00:33.606,00:01:00.010,00:01:26.414,00:01:50.418",created,success,qwen3-vl-plus,true_pair
ALI037,live_cand_0079,pair_0079,rec_002,多动作组合 + 同一主题推进 + 轻跟练收束,/Volumes/WD_BLACK/完整直播录屏/今年直播素材/C5824.MP4,true,/Volumes/WD_BLACK/澜心社剪辑/lanxinse--/outputs/local_live_A_editor_package/05_多动作组合_同一主题推进轻跟练收束/A037_live_cand_0079_pair_0079_rec_002/03_完整上下文_full_context.mp4,true,/Volumes/WD_BLACK/澜心社剪辑/lanxinse--/outputs/local_manual_review_video_pool/_visual_inputs/05_多动作组合_同一主题推进轻跟练收束/ALI037_live_cand_0079_pair_0079_rec_002,/Volumes/WD_BLACK/澜心社剪辑/lanxinse--/outputs/local_manual_review_video_pool/_visual_inputs/05_多动作组合_同一主题推进轻跟练收束/ALI037_live_cand_0079_pair_0079_rec_002/04_视觉证据_contact_sheet.jpg,/Volumes/WD_BLACK/澜心社剪辑/lanxinse--/outputs/local_manual_review_video_pool/_visual_inputs/05_多动作组合_同一主题推进轻跟练收束/ALI037_live_cand_0079_pair_0079_rec_002/05_20秒复核预览_preview_20s.mp4,"00:00:09.602,00:00:33.606,00:01:00.010,00:01:26.414,00:01:50.418",created,success,qwen3-vl-plus,weak_related_need_manual_review
ALI038,live_cand_0081,pair_0081,rec_002,痛点/人群点名 + 单动作完整循环 + 坚持建议,/Volumes/WD_BLACK/完整直播录屏/今年直播素材/C5824.MP4,true,/Volumes/WD_BLACK/澜心社剪辑/lanxinse--/outputs/local_live_A_editor_package/03_痛点人群点名_单动作完整循环坚持建议/A038_live_cand_0081_pair_0081_rec_002/03_完整上下文_full_context.mp4,true,/Volumes/WD_BLACK/澜心社剪辑/lanxinse--/outputs/local_manual_review_video_pool/_visual_inputs/03_痛点人群点名_单动作完整循环坚持建议/ALI038_live_cand_0081_pair_0081_rec_002,/Volumes/WD_BLACK/澜心社剪辑/lanxinse--/outputs/local_manual_review_video_pool/_visual_inputs/03_痛点人群点名_单动作完整循环坚持建议/ALI038_live_cand_0081_pair_0081_rec_002/04_视觉证据_contact_sheet.jpg,/Volumes/WD_BLACK/澜心社剪辑/lanxinse--/outputs/local_manual_review_video_pool/_visual_inputs/03_痛点人群点名_单动作完整循环坚持建议/ALI038_live_cand_0081_pair_0081_rec_002/05_20秒复核预览_preview_20s.mp4,"00:00:09.602,00:00:33.606,00:01:00.010,00:01:26.414,00:01:50.418",created,success,qwen3-vl-plus,still_blocked_topic_break
ALI039,live_cand_0083,pair_0083,rec_002,多动作组合 + 同一主题推进 + 轻跟练收束,/Volumes/WD_BLACK/完整直播录屏/今年直播素材/C5824.MP4,true,/Volumes/WD_BLACK/澜心社剪辑/lanxinse--/outputs/local_live_A_editor_package/05_多动作组合_同一主题推进轻跟练收束/A039_live_cand_0083_pair_0083_rec_002/03_完整上下文_full_context.mp4,true,/Volumes/WD_BLACK/澜心社剪辑/lanxinse--/outputs/local_manual_review_video_pool/_visual_inputs/05_多动作组合_同一主题推进轻跟练收束/ALI039_live_cand_0083_pair_0083_rec_002,/Volumes/WD_BLACK/澜心社剪辑/lanxinse--/outputs/local_manual_review_video_pool/_visual_inputs/05_多动作组合_同一主题推进轻跟练收束/ALI039_live_cand_0083_pair_0083_rec_002/04_视觉证据_contact_sheet.jpg,/Volumes/WD_BLACK/澜心社剪辑/lanxinse--/outputs/local_manual_review_video_pool/_visual_inputs/05_多动作组合_同一主题推进轻跟练收束/ALI039_live_cand_0083_pair_0083_rec_002/05_20秒复核预览_preview_20s.mp4,"00:00:09.602,00:00:33.606,00:01:00.010,00:01:26.414,00:01:50.418",created,success,qwen3-vl-plus,still_blocked_topic_break
ALI040,live_cand_0084,pair_0084,rec_002,工具/动作演示 + 发力口令 + 低压跟练收束,/Volumes/WD_BLACK/完整直播录屏/今年直播素材/C5824.MP4,true,/Volumes/WD_BLACK/澜心社剪辑/lanxinse--/outputs/local_live_A_editor_package/04_工具动作演示_发力口令低压跟练收束/A040_live_cand_0084_pair_0084_rec_002/03_完整上下文_full_context.mp4,true,/Volumes/WD_BLACK/澜心社剪辑/lanxinse--/outputs/local_manual_review_video_pool/_visual_inputs/02_工具动作演示_发力口令低压跟练收束/ALI040_live_cand_0084_pair_0084_rec_002,/Volumes/WD_BLACK/澜心社剪辑/lanxinse--/outputs/local_manual_review_video_pool/_visual_inputs/02_工具动作演示_发力口令低压跟练收束/ALI040_live_cand_0084_pair_0084_rec_002/04_视觉证据_contact_sheet.jpg,/Volumes/WD_BLACK/澜心社剪辑/lanxinse--/outputs/local_manual_review_video_pool/_visual_inputs/02_工具动作演示_发力口令低压跟练收束/ALI040_live_cand_0084_pair_0084_rec_002/05_20秒复核预览_preview_20s.mp4,"00:00:09.602,00:00:33.606,00:01:00.010,00:01:26.414,00:01:50.418",created,success,qwen3-vl-plus,still_blocked_topic_break
ALI041,live_cand_0086,pair_0086,rec_002,多动作组合 + 同一主题推进 + 轻跟练收束,/Volumes/WD_BLACK/完整直播录屏/今年直播素材/C5824.MP4,true,/Volumes/WD_BLACK/澜心社剪辑/lanxinse--/outputs/local_live_A_editor_package/05_多动作组合_同一主题推进轻跟练收束/A041_live_cand_0086_pair_0086_rec_002/03_完整上下文_full_context.mp4,true,/Volumes/WD_BLACK/澜心社剪辑/lanxinse--/outputs/local_manual_review_video_pool/_visual_inputs/05_多动作组合_同一主题推进轻跟练收束/ALI041_live_cand_0086_pair_0086_rec_002,/Volumes/WD_BLACK/澜心社剪辑/lanxinse--/outputs/local_manual_review_video_pool/_visual_inputs/05_多动作组合_同一主题推进轻跟练收束/ALI041_live_cand_0086_pair_0086_rec_002/04_视觉证据_contact_sheet.jpg,/Volumes/WD_BLACK/澜心社剪辑/lanxinse--/outputs/local_manual_review_video_pool/_visual_inputs/05_多动作组合_同一主题推进轻跟练收束/ALI041_live_cand_0086_pair_0086_rec_002/05_20秒复核预览_preview_20s.mp4,"00:00:09.602,00:00:33.606,00:01:00.010,00:01:26.414,00:01:50.418",created,success,qwen3-vl-plus,weak_related_need_manual_review
ALI042,live_cand_0088,pair_0088,rec_002,多动作组合 + 同一主题推进 + 轻跟练收束,/Volumes/WD_BLACK/完整直播录屏/今年直播素材/C5824.MP4,true,/Volumes/WD_BLACK/澜心社剪辑/lanxinse--/outputs/local_live_A_editor_package/05_多动作组合_同一主题推进轻跟练收束/A042_live_cand_0088_pair_0088_rec_002/03_完整上下文_full_context.mp4,true,/Volumes/WD_BLACK/澜心社剪辑/lanxinse--/outputs/local_manual_review_video_pool/_visual_inputs/05_多动作组合_同一主题推进轻跟练收束/ALI042_live_cand_0088_pair_0088_rec_002,/Volumes/WD_BLACK/澜心社剪辑/lanxinse--/outputs/local_manual_review_video_pool/_visual_inputs/05_多动作组合_同一主题推进轻跟练收束/ALI042_live_cand_0088_pair_0088_rec_002/04_视觉证据_contact_sheet.jpg,/Volumes/WD_BLACK/澜心社剪辑/lanxinse--/outputs/local_manual_review_video_pool/_visual_inputs/05_多动作组合_同一主题推进轻跟练收束/ALI042_live_cand_0088_pair_0088_rec_002/05_20秒复核预览_preview_20s.mp4,"00:00:09.602,00:00:33.606,00:01:00.010,00:01:26.414,00:01:50.418",created,success,qwen3-vl-plus,weak_related_need_manual_review
ALI043,live_cand_0090,pair_0090,rec_002,工具/动作演示 + 发力口令 + 低压跟练收束,/Volumes/WD_BLACK/完整直播录屏/今年直播素材/C5824.MP4,true,/Volumes/WD_BLACK/澜心社剪辑/lanxinse--/outputs/local_live_A_editor_package/04_工具动作演示_发力口令低压跟练收束/A043_live_cand_0090_pair_0090_rec_002/03_完整上下文_full_context.mp4,true,/Volumes/WD_BLACK/澜心社剪辑/lanxinse--/outputs/local_manual_review_video_pool/_visual_inputs/02_工具动作演示_发力口令低压跟练收束/ALI043_live_cand_0090_pair_0090_rec_002,/Volumes/WD_BLACK/澜心社剪辑/lanxinse--/outputs/local_manual_review_video_pool/_visual_inputs/02_工具动作演示_发力口令低压跟练收束/ALI043_live_cand_0090_pair_0090_rec_002/04_视觉证据_contact_sheet.jpg,/Volumes/WD_BLACK/澜心社剪辑/lanxinse--/outputs/local_manual_review_video_pool/_visual_inputs/02_工具动作演示_发力口令低压跟练收束/ALI043_live_cand_0090_pair_0090_rec_002/05_20秒复核预览_preview_20s.mp4,"00:00:09.602,00:00:33.606,00:01:00.010,00:01:26.414,00:01:50.418",created,success,qwen3-vl-plus,still_blocked_topic_break
ALI044,live_cand_0095,pair_0095,rec_002,误区/错误先抛 + 正确动作对比 + 原因解释,/Volumes/WD_BLACK/完整直播录屏/今年直播素材/C5824.MP4,true,/Volumes/WD_BLACK/澜心社剪辑/lanxinse--/outputs/local_live_A_editor_package/01_误区错误纠正_错误动作正确动作原因解释/A044_live_cand_0095_pair_0095_rec_002/03_完整上下文_full_context.mp4,true,/Volumes/WD_BLACK/澜心社剪辑/lanxinse--/outputs/local_manual_review_video_pool/_visual_inputs/04_误区错误纠正_错误动作正确动作原因解释/ALI044_live_cand_0095_pair_0095_rec_002,/Volumes/WD_BLACK/澜心社剪辑/lanxinse--/outputs/local_manual_review_video_pool/_visual_inputs/04_误区错误纠正_错误动作正确动作原因解释/ALI044_live_cand_0095_pair_0095_rec_002/04_视觉证据_contact_sheet.jpg,/Volumes/WD_BLACK/澜心社剪辑/lanxinse--/outputs/local_manual_review_video_pool/_visual_inputs/04_误区错误纠正_错误动作正确动作原因解释/ALI044_live_cand_0095_pair_0095_rec_002/05_20秒复核预览_preview_20s.mp4,"00:00:09.602,00:00:33.606,00:01:00.010,00:01:26.414,00:01:50.418",created,success,qwen3-vl-plus,weak_related_need_manual_review
ALI045,live_cand_0096,pair_0096,rec_002,误区/错误先抛 + 正确动作对比 + 原因解释,/Volumes/WD_BLACK/完整直播录屏/今年直播素材/C5824.MP4,true,/Volumes/WD_BLACK/澜心社剪辑/lanxinse--/outputs/local_live_A_editor_package/01_误区错误纠正_错误动作正确动作原因解释/A045_live_cand_0096_pair_0096_rec_002/03_完整上下文_full_context.mp4,true,/Volumes/WD_BLACK/澜心社剪辑/lanxinse--/outputs/local_manual_review_video_pool/_visual_inputs/04_误区错误纠正_错误动作正确动作原因解释/ALI045_live_cand_0096_pair_0096_rec_002,/Volumes/WD_BLACK/澜心社剪辑/lanxinse--/outputs/local_manual_review_video_pool/_visual_inputs/04_误区错误纠正_错误动作正确动作原因解释/ALI045_live_cand_0096_pair_0096_rec_002/04_视觉证据_contact_sheet.jpg,/Volumes/WD_BLACK/澜心社剪辑/lanxinse--/outputs/local_manual_review_video_pool/_visual_inputs/04_误区错误纠正_错误动作正确动作原因解释/ALI045_live_cand_0096_pair_0096_rec_002/05_20秒复核预览_preview_20s.mp4,"00:00:09.602,00:00:33.606,00:01:00.010,00:01:26.414,00:01:50.418",created,success,qwen3-vl-plus,still_blocked_topic_break
ALI046,live_cand_0097,pair_0097,rec_002,多动作组合 + 同一主题推进 + 轻跟练收束,/Volumes/WD_BLACK/完整直播录屏/今年直播素材/C5824.MP4,true,/Volumes/WD_BLACK/澜心社剪辑/lanxinse--/outputs/local_live_A_editor_package/05_多动作组合_同一主题推进轻跟练收束/A046_live_cand_0097_pair_0097_rec_002/03_完整上下文_full_context.mp4,true,/Volumes/WD_BLACK/澜心社剪辑/lanxinse--/outputs/local_manual_review_video_pool/_visual_inputs/05_多动作组合_同一主题推进轻跟练收束/ALI046_live_cand_0097_pair_0097_rec_002,/Volumes/WD_BLACK/澜心社剪辑/lanxinse--/outputs/local_manual_review_video_pool/_visual_inputs/05_多动作组合_同一主题推进轻跟练收束/ALI046_live_cand_0097_pair_0097_rec_002/04_视觉证据_contact_sheet.jpg,/Volumes/WD_BLACK/澜心社剪辑/lanxinse--/outputs/local_manual_review_video_pool/_visual_inputs/05_多动作组合_同一主题推进轻跟练收束/ALI046_live_cand_0097_pair_0097_rec_002/05_20秒复核预览_preview_20s.mp4,"00:00:09.602,00:00:33.606,00:01:00.010,00:01:26.414,00:01:50.418",created,success,qwen3-vl-plus,still_blocked_topic_break
ALI047,live_cand_0100,pair_0100,rec_002,误区/错误先抛 + 正确动作对比 + 原因解释,/Volumes/WD_BLACK/完整直播录屏/今年直播素材/C5824.MP4,true,/Volumes/WD_BLACK/澜心社剪辑/lanxinse--/outputs/local_live_A_editor_package/01_误区错误纠正_错误动作正确动作原因解释/A047_live_cand_0100_pair_0100_rec_002/03_完整上下文_full_context.mp4,true,/Volumes/WD_BLACK/澜心社剪辑/lanxinse--/outputs/local_manual_review_video_pool/_visual_inputs/04_误区错误纠正_错误动作正确动作原因解释/ALI047_live_cand_0100_pair_0100_rec_002,/Volumes/WD_BLACK/澜心社剪辑/lanxinse--/outputs/local_manual_review_video_pool/_visual_inputs/04_误区错误纠正_错误动作正确动作原因解释/ALI047_live_cand_0100_pair_0100_rec_002/04_视觉证据_contact_sheet.jpg,/Volumes/WD_BLACK/澜心社剪辑/lanxinse--/outputs/local_manual_review_video_pool/_visual_inputs/04_误区错误纠正_错误动作正确动作原因解释/ALI047_live_cand_0100_pair_0100_rec_002/05_20秒复核预览_preview_20s.mp4,"00:00:09.602,00:00:33.606,00:01:00.010,00:01:26.414,00:01:50.418",created,success,qwen3-vl-plus,still_blocked_topic_break
ALI048,live_cand_0107,pair_0107,rec_003,多动作组合 + 同一主题推进 + 轻跟练收束,/Volumes/WD_BLACK/完整直播录屏/今年直播素材/C5825.MP4,true,/Volumes/WD_BLACK/澜心社剪辑/lanxinse--/outputs/local_live_A_editor_package/05_多动作组合_同一主题推进轻跟练收束/A048_live_cand_0107_pair_0107_rec_003/03_完整上下文_full_context.mp4,true,/Volumes/WD_BLACK/澜心社剪辑/lanxinse--/outputs/local_manual_review_video_pool/_visual_inputs/05_多动作组合_同一主题推进轻跟练收束/ALI048_live_cand_0107_pair_0107_rec_003,/Volumes/WD_BLACK/澜心社剪辑/lanxinse--/outputs/local_manual_review_video_pool/_visual_inputs/05_多动作组合_同一主题推进轻跟练收束/ALI048_live_cand_0107_pair_0107_rec_003/04_视觉证据_contact_sheet.jpg,/Volumes/WD_BLACK/澜心社剪辑/lanxinse--/outputs/local_manual_review_video_pool/_visual_inputs/05_多动作组合_同一主题推进轻跟练收束/ALI048_live_cand_0107_pair_0107_rec_003/05_20秒复核预览_preview_20s.mp4,"00:00:09.602,00:00:33.606,00:01:00.010,00:01:26.414,00:01:50.418",created,success,qwen3-vl-plus,weak_related_need_manual_review
ALI049,live_cand_0110,pair_0110,rec_003,多动作组合 + 同一主题推进 + 轻跟练收束,/Volumes/WD_BLACK/完整直播录屏/今年直播素材/C5825.MP4,true,/Volumes/WD_BLACK/澜心社剪辑/lanxinse--/outputs/local_live_A_editor_package/05_多动作组合_同一主题推进轻跟练收束/A049_live_cand_0110_pair_0110_rec_003/03_完整上下文_full_context.mp4,true,/Volumes/WD_BLACK/澜心社剪辑/lanxinse--/outputs/local_manual_review_video_pool/_visual_inputs/05_多动作组合_同一主题推进轻跟练收束/ALI049_live_cand_0110_pair_0110_rec_003,/Volumes/WD_BLACK/澜心社剪辑/lanxinse--/outputs/local_manual_review_video_pool/_visual_inputs/05_多动作组合_同一主题推进轻跟练收束/ALI049_live_cand_0110_pair_0110_rec_003/04_视觉证据_contact_sheet.jpg,/Volumes/WD_BLACK/澜心社剪辑/lanxinse--/outputs/local_manual_review_video_pool/_visual_inputs/05_多动作组合_同一主题推进轻跟练收束/ALI049_live_cand_0110_pair_0110_rec_003/05_20秒复核预览_preview_20s.mp4,"00:00:09.602,00:00:33.606,00:01:00.010,00:01:26.414,00:01:50.418",created,success,qwen3-vl-plus,weak_related_need_manual_review
ALI050,live_cand_0112,pair_0112,rec_003,误区/错误先抛 + 正确动作对比 + 原因解释,/Volumes/WD_BLACK/完整直播录屏/今年直播素材/C5825.MP4,true,/Volumes/WD_BLACK/澜心社剪辑/lanxinse--/outputs/local_live_A_editor_package/01_误区错误纠正_错误动作正确动作原因解释/A050_live_cand_0112_pair_0112_rec_003/03_完整上下文_full_context.mp4,true,/Volumes/WD_BLACK/澜心社剪辑/lanxinse--/outputs/local_manual_review_video_pool/_visual_inputs/04_误区错误纠正_错误动作正确动作原因解释/ALI050_live_cand_0112_pair_0112_rec_003,/Volumes/WD_BLACK/澜心社剪辑/lanxinse--/outputs/local_manual_review_video_pool/_visual_inputs/04_误区错误纠正_错误动作正确动作原因解释/ALI050_live_cand_0112_pair_0112_rec_003/04_视觉证据_contact_sheet.jpg,/Volumes/WD_BLACK/澜心社剪辑/lanxinse--/outputs/local_manual_review_video_pool/_visual_inputs/04_误区错误纠正_错误动作正确动作原因解释/ALI050_live_cand_0112_pair_0112_rec_003/05_20秒复核预览_preview_20s.mp4,"00:00:09.602,00:00:33.606,00:01:00.010,00:01:26.414,00:01:50.418",created,success,qwen3-vl-plus,still_blocked_topic_break
