video_id,file_name,original_structure_formula,video_type,audience_trigger_type,audience_detail,age_trigger,identity_trigger,body_state_trigger,pain_point_trigger,result_trigger,risk_trigger,opening_style,opening_trigger_condition,opening_abrupt_risk,middle_delivery_type,middle_evidence_type,middle_fulfillment_level,ending_style,ending_trigger_condition,ending_abrupt_risk,transition_rule,rough_cut_start_advice,rough_cut_end_advice,discard_condition,manual_review_items,confidence,evidence
fv_0001,30+产后妈妈居家必练动作.mp4,人群点名 + 痛点放大 + 单动作演示 + 坚持建议,body_care_knowledge,身体状态点名,30岁/30+女性；产后妈妈/宝妈；漏尿/漏水/漏气人群；盆底松弛/盆底无力；盆底高张/疼痛不适,30岁/30+女性,产后妈妈/宝妈,漏尿/漏水/漏气人群；盆底松弛/盆底无力；盆底高张/疼痛不适,漏尿漏水尴尬；盆底松弛无力；盆底高张疼痛,盆底紧致/八爪鱼/抓握力；漏尿漏水改善,医学/健康边界风险；效果承诺风险,结果承诺前置型,适合结果很明确且中段能展示过程的素材；本条结果锚点：盆底紧致/八爪鱼/抓握力；漏尿漏水改善。,如果只有结果字幕，没有动作过程或证据，开头会像硬广告。 风险词需要克制处理：医学/健康边界风险；效果承诺风险。,分步口令/计数教学；图解/解剖辅助说明,字幕口令/次数证据；图示/标注证据；效果对比或结果提示证据,高：开头问题、中段动作/解释、结尾收束基本闭环,轻行动/跟练指令收束,适合中段已经交付动作或原因后，用低压跟练、收藏、咨询入口收住。,如果中段未兑现，结尾直接行动号召会像硬转化。,结果前置后必须接过程证据或动作演示，结尾只能轻重申结果，不能再叠加新承诺。,从结果承诺和动作起势同时出现处开始，若前面有适用人群要一并保留。,留到跟练/收藏/咨询等轻行动完整出现；若出现强转化，交人工决定是否删减。,痛点没有被原因、动作或证据兑现时放弃，不能靠字幕硬接。,‘漏尿松弛’‘高张疼痛’等医学表述需临床依据确认；‘100次’频次是否适配个体差异需专业复核,high_existing_analysis,"时间码：00:00:00.000, 00:00:02.122, 00:00:04.244, 00:00:06.367, 00:00:08.489, 00:00:10.611；关键帧：F1-2: 背对坐姿提臀，字幕‘漏尿松弛’；F3: 侧身坐姿，字幕‘高张疼痛’；F4: 同F3姿势延续；F5-6: 正面坐姿上下震颤，字幕‘盆底Jz’；所有帧右下角小字标注‘本方法为辅助改善手段’；证据索引：F1-2: 背对坐姿提臀，字幕‘漏尿松弛’"
fv_0002,35岁以后都去练不管生完多久了每天100个 小肚子平了 臀翘了最重要的是可以锻炼盆底肌.mp4,人群点名 + 低门槛动作 + 坚持建议,sports_teaching,身体状态点名,35岁以后女性；产后妈妈/宝妈；盆底松弛/盆底无力；小腹凸/悬垂腹/腹压问题；臀凹陷/妈妈臀/扁平臀；练错动作/误区人群,35岁以后女性,产后妈妈/宝妈,盆底松弛/盆底无力；小腹凸/悬垂腹/腹压问题；臀凹陷/妈妈臀/扁平臀；练错动作/误区人群,盆底松弛无力；小腹凸/腹压/悬垂腹；妈妈臀/臀凹陷/臀扁平；假胯宽/骨盆外翻/体态问题,小腹平/肚子平；臀翘/臀饱满/蜜桃臀；盆底紧致/八爪鱼/抓握力,效果承诺风险,结果承诺前置型,适合结果很明确且中段能展示过程的素材；本条结果锚点：小腹平/肚子平；臀翘/臀饱满/蜜桃臀；盆底紧致/八爪鱼/抓握力。,如果只有结果字幕，没有动作过程或证据，开头会像硬广告。 风险词需要克制处理：效果承诺风险。,单动作循环演示,连续动作帧证据,高：开头问题、中段动作/解释、结尾收束基本闭环,结果/价值重申收束,适合结果前置或痛点解决类视频，用结果回扣前文价值。,如果结果承诺没有过程证据，结尾会显得夸大。,结果前置后必须接过程证据或动作演示，结尾只能轻重申结果，不能再叠加新承诺。,从结果承诺和动作起势同时出现处开始，若前面有适用人群要一并保留。,留到结果回扣前文价值，不要额外拼接新结果。,动作被遮挡、缺发力点/方向/次数，或只剩结果口号时放弃。,‘小肚子平了 臀翘了’‘锻炼盆底肌’等效果承诺需医学依据支持；‘每天100个’是否适合产后/高龄人群需专业复核,high_existing_analysis,"时间码：00:00:00.000, 00:00:02.350, 00:00:04.700, 00:00:07.049, 00:00:09.399, 00:00:11.749；关键帧：帧1-3（0-4.7s）：背对坐姿，双手扶椅，骨盆后倾启动；帧4-6（7-11.7s）：转为正脸，手放腰腹，强调核心参与与呼吸配合；全程字幕一致强化‘35+’‘100个’‘盆底肌’关键词；证据索引：帧1-3（0-4.7s）：背对坐姿，双手扶椅，骨盆后倾启动"
fv_0003,4月17日(1).mp4,错误动作 + 正确动作 + 原因解释,sports_teaching,动作状态点名,练错动作/误区人群,无显式年龄,无显式身份,练错动作/误区人群,练错动作/误区,无明确结果触发,效果承诺风险,误区/错误先抛型,适合已有错误动作、错误认知或反面案例的素材，开头后必须马上解释为什么错。,如果只保留错误/恐吓画面，后面不接同一问题的原因和正确做法，会突兀。 风险词需要克制处理：效果承诺风险。,错误-正确对比拆解；分步口令/计数教学；图解/解剖辅助说明,对比画面/反例证据；字幕口令/次数证据；图示/标注证据,中：结构可用，但画面/说话/桥接仍需人工复核,动作完成/视觉定型收束,适合动作教学类素材，保留动作完成位或定型姿态。,如果动作还没完成就切掉，结尾会断。,错误/误区开头后必须接同一错误的原因解释，再接正确动作；结尾用定型或安全提醒。,从错误动作或误区字幕完整出现处开始，保留观众能识别错误的画面。,留到动作定型或最后一次完整循环结束，避免切在半个动作。,看不出错误和正确差异，或错误后没有解释/正确动作时放弃。,需确认是否含语音讲解；业务事实待确认：动作是否针对特定健康问题（如肩颈矫正），是否存在效果承诺表述,medium_existing_analysis,"时间码：00:00:00.000, 00:00:05.471, 00:00:10.941, 00:00:16.412, 00:00:21.882, 00:00:27.353；关键帧：帧1：真人正面标准拉伸；帧2：手绘坐姿错误示范；帧3：真人站立错误姿势（耸肩/手位不当）；帧4：真人正确动态动作（开合+呼吸）；帧5：手绘侧视肩颈细节修正；帧6：真人侧视收尾定型；证据索引：帧1：真人正面标准拉伸"
fv_0004,5月26日 (2).mp4,人群点名 + 低门槛动作 + 坚持建议,sports_teaching,身份点名,30岁/30+女性；产后妈妈/宝妈；女性/姐妹,30岁/30+女性,产后妈妈/宝妈；女性/姐妹,无显式身体状态,假胯宽/骨盆外翻/体态问题,盆底紧致/八爪鱼/抓握力；腰细/胯小/腿细,无明确风险触发,结果承诺前置型,适合结果很明确且中段能展示过程的素材；本条结果锚点：盆底紧致/八爪鱼/抓握力；腰细/胯小/腿细。,如果只有结果字幕，没有动作过程或证据，开头会像硬广告。,单动作循环演示,连续动作帧证据,中：结构可用，但画面/说话/桥接仍需人工复核,轻行动/跟练指令收束,适合中段已经交付动作或原因后，用低压跟练、收藏、咨询入口收住。,如果中段未兑现，结尾直接行动号召会像硬转化。,结果前置后必须接过程证据或动作演示，结尾只能轻重申结果，不能再叠加新承诺。,从结果承诺和动作起势同时出现处开始，若前面有适用人群要一并保留。,留到跟练/收藏/咨询等轻行动完整出现；若出现强转化，交人工决定是否删减。,动作被遮挡、缺发力点/方向/次数，或只剩结果口号时放弃。,‘越练越紧’效果承诺需医学依据确认；动作是否适用于产后/盆底肌受损人群待专业审核,medium_existing_analysis,"时间码：00:00:00.000, 00:00:02.443, 00:00:04.885, 00:00:07.328, 00:00:09.770, 00:00:12.213；关键帧：帧1-2：背影坐姿+文字钩子；帧3-4：屈膝开胯过渡；帧5-6：手推膝外展+回正循环；全程同一场景/人物/道具（粉色球），动作幅度小、易模仿；证据索引：帧1-2：背影坐姿+文字钩子"
fv_0005,5月26日(1).mp4,错误动作 + 正确动作 + 原因解释,movement_correction,身体状态点名,盆底松弛/盆底无力；练错动作/误区人群,无显式年龄,无显式身份,盆底松弛/盆底无力；练错动作/误区人群,盆底松弛无力；练错动作/误区,盆底紧致/八爪鱼/抓握力,效果承诺风险,误区/错误先抛型,适合已有错误动作、错误认知或反面案例的素材，开头后必须马上解释为什么错。,如果只保留错误/恐吓画面，后面不接同一问题的原因和正确做法，会突兀。 风险词需要克制处理：效果承诺风险。,分步口令/计数教学；图解/解剖辅助说明,字幕口令/次数证据；图示/标注证据,高：开头问题、中段动作/解释、结尾收束基本闭环,动作完成/视觉定型收束,适合动作教学类素材，保留动作完成位或定型姿态。,如果动作还没完成就切掉，结尾会断。,错误/误区开头后必须接同一错误的原因解释，再接正确动作；结尾用定型或安全提醒。,从错误动作或误区字幕完整出现处开始，保留观众能识别错误的画面。,留到动作定型或最后一次完整循环结束，避免切在半个动作。,看不出错误和正确差异，或错误后没有解释/正确动作时放弃。,业务事实待确认：盆底肌训练效果承诺表述,high_existing_analysis,"时间码：00:00:00.000,00:00:02.828,00:00:05.656,00:00:08.485,00:00:11.313,00:00:14.141；关键帧：0s侧身紧张态+标题；2.8s开始坐姿准备；5.7s吸气展开；8.5s呼气收紧；11.3s转向镜头讲解；14.1s定格口型强调呼吸指令；证据索引：0s侧身紧张态+标题"
fv_0006,5月26日.mp4,痛点可视化 + 解决方案 + 效果对比 + 行动指令,body_care_knowledge,身体状态点名,盆底松弛/盆底无力,无显式年龄,无显式身份,盆底松弛/盆底无力,盆底松弛无力,无明确结果触发,无明确风险触发,结果承诺前置型,适合结果很明确且中段能展示过程的素材；本条结果锚点：无明确结果触发。,如果只有结果字幕，没有动作过程或证据，开头会像硬广告。,分步口令/计数教学；图解/解剖辅助说明,字幕口令/次数证据；图示/标注证据,高：开头问题、中段动作/解释、结尾收束基本闭环,轻行动/跟练指令收束,适合中段已经交付动作或原因后，用低压跟练、收藏、咨询入口收住。,如果中段未兑现，结尾直接行动号召会像硬转化。,结果前置后必须接过程证据或动作演示，结尾只能轻重申结果，不能再叠加新承诺。,从结果承诺和动作起势同时出现处开始，若前面有适用人群要一并保留。,留到跟练/收藏/咨询等轻行动完整出现；若出现强转化，交人工决定是否删减。,痛点没有被原因、动作或证据兑现时放弃，不能靠字幕硬接。,盆底肌训练效果承诺需业务事实待确认,high_existing_analysis,时间码：00:00:00.000–00:00:14.141；关键帧：6帧均为同一人坐姿演示盆底肌瑜伽球练习，字幕统一强调‘练了就知道有多累’，每帧配呼吸指令与解剖图示；证据索引：6帧均为同一人坐姿演示盆底肌瑜伽球练习，字幕统一强调‘练了就知道有多累’，每帧配呼吸指令与解剖图示
fv_0007,5月27日 (1).mp4,错误动作 + 正确动作 + 原因解释,movement_correction,身份点名,女性/姐妹；练错动作/误区人群,无显式年龄,女性/姐妹,练错动作/误区人群,假胯宽/骨盆外翻/体态问题；练错动作/误区,无明确结果触发,越练越糟风险,误区/错误先抛型,适合已有错误动作、错误认知或反面案例的素材，开头后必须马上解释为什么错。,如果只保留错误/恐吓画面，后面不接同一问题的原因和正确做法，会突兀。 风险词需要克制处理：越练越糟风险。,错误-正确对比拆解,对比画面/反例证据,高：开头问题、中段动作/解释、结尾收束基本闭环,轻行动/跟练指令收束,适合中段已经交付动作或原因后，用低压跟练、收藏、咨询入口收住。,如果中段未兑现，结尾直接行动号召会像硬转化。,错误/误区开头后必须接同一错误的原因解释，再接正确动作；结尾用定型或安全提醒。,从错误动作或误区字幕完整出现处开始，保留观众能识别错误的画面。,留到跟练/收藏/咨询等轻行动完整出现；若出现强转化，交人工决定是否删减。,看不出错误和正确差异，或错误后没有解释/正确动作时放弃。,凯格尔训练效果承诺需业务事实待确认,high_existing_analysis,"时间码：00:00:00,00:00:04,00:00:09,00:00:13,00:00:18,00:00:22；关键帧：六帧均为同一女性在室内地毯上用粉色球演示凯格尔相关动作，字幕统一为‘别再瞎练凯格尔 每天睡前跟练5分钟’；前3帧含正面/侧视/背视角度变化，后3帧强化坐姿细节与呼吸配合；证据索引：六帧均为同一女性在室内地毯上用粉色球演示凯格尔相关动作，字幕统一为‘别再瞎练凯格尔 每天睡前跟练5分钟’"
fv_0008,5月27日.mp4,错误动作 + 正确动作 + 原因解释,movement_correction,动作状态点名,练错动作/误区人群,无显式年龄,无显式身份,练错动作/误区人群,练错动作/误区,无明确结果触发,无明确风险触发,误区/错误先抛型,适合已有错误动作、错误认知或反面案例的素材，开头后必须马上解释为什么错。,如果只保留错误/恐吓画面，后面不接同一问题的原因和正确做法，会突兀。,错误-正确对比拆解；分步口令/计数教学；单动作循环演示,对比画面/反例证据；字幕口令/次数证据；连续动作帧证据,高：开头问题、中段动作/解释、结尾收束基本闭环,结果/价值重申收束,适合结果前置或痛点解决类视频，用结果回扣前文价值。,如果结果承诺没有过程证据，结尾会显得夸大。,错误/误区开头后必须接同一错误的原因解释，再接正确动作；结尾用定型或安全提醒。,从错误动作或误区字幕完整出现处开始，保留观众能识别错误的画面。,留到结果回扣前文价值，不要额外拼接新结果。,看不出错误和正确差异，或错误后没有解释/正确动作时放弃。,业务事实待确认,high_existing_analysis,时间码：00:00:00.000-00:00:16.509；关键帧：六帧均为同一人坐姿训练动作，从侧面/后侧多角度展示臀部发力错误与调整过程，字幕重复训练频次与常见错误提示；证据索引：六帧均为同一人坐姿训练动作，从侧面/后侧多角度展示臀部发力错误与调整过程，字幕重复训练频次与常见错误提示
fv_0009,70%女性中招的盆底肌误区.mp4,人群点名 + 痛点放大 + 单动作演示 + 坚持建议,pitfall_warning,身份点名,女性/姐妹；漏尿/漏水/漏气人群；练错动作/误区人群,无显式年龄,女性/姐妹,漏尿/漏水/漏气人群；练错动作/误区人群,漏尿漏水尴尬；练错动作/误区,盆底紧致/八爪鱼/抓握力,高发误区/比例刺激；越练越糟风险；医学/健康边界风险,误区/错误先抛型,适合已有错误动作、错误认知或反面案例的素材，开头后必须马上解释为什么错。,如果只保留错误/恐吓画面，后面不接同一问题的原因和正确做法，会突兀。 风险词需要克制处理：高发误区/比例刺激；越练越糟风险；医学/健康边界风险。,错误-正确对比拆解；原因解释/归因讲解,对比画面/反例证据；口播或字幕解释证据,高：开头问题、中段动作/解释、结尾收束基本闭环,风险提醒收束,适合误区、禁忌、健康边界较强的内容，结尾要留到提醒说完。,如果前文没有解释风险来源，结尾突然提醒会像吓人。,错误/误区开头后必须接同一错误的原因解释，再接正确动作；结尾用定型或安全提醒。,从错误动作或误区字幕完整出现处开始，保留观众能识别错误的画面。,必须留到风险提醒/注意事项完整说完，必要时向后多留3-10秒。,痛点没有被原因、动作或证据兑现时放弃，不能靠字幕硬接。,业务事实待确认：70%数据来源、‘越练越严重’临床依据,high_existing_analysis,"时间码：00:00:00,00:00:13,00:00:26,00:00:39,00:00:52,00:01:05；关键帧：六帧均为同一主讲人坐姿讲解，字幕依次呈现：干涩漏尿→很多人不知道→都是有紧缩的→情绪长期处一种→要解决起来→可能越练越严重；证据索引：六帧均为同一主讲人坐姿讲解，字幕依次呈现：干涩漏尿→很多人不知道→都是有紧缩的→情绪长期处一种→要解决起来→可能越练越严重"
fv_0010,Z宫下垂盆底无力就练臀桥呼吸.mp4,痛点问题 + 原因解释 + 方法交付,sports_teaching,身体状态点名,盆底松弛/盆底无力；膨出/脱垂/下垂,无显式年龄,无显式身份,盆底松弛/盆底无力；膨出/脱垂/下垂,盆底松弛无力；膨出脱垂/下垂,盆底紧致/八爪鱼/抓握力,医学/健康边界风险；效果承诺风险,结果承诺前置型,适合结果很明确且中段能展示过程的素材；本条结果锚点：盆底紧致/八爪鱼/抓握力。,如果只有结果字幕，没有动作过程或证据，开头会像硬广告。 风险词需要克制处理：医学/健康边界风险；效果承诺风险。,分步口令/计数教学；图解/解剖辅助说明,字幕口令/次数证据；图示/标注证据,高：开头问题、中段动作/解释、结尾收束基本闭环,结果/价值重申收束,适合结果前置或痛点解决类视频，用结果回扣前文价值。,如果结果承诺没有过程证据，结尾会显得夸大。,结果前置后必须接过程证据或动作演示，结尾只能轻重申结果，不能再叠加新承诺。,从结果承诺和动作起势同时出现处开始，若前面有适用人群要一并保留。,留到结果回扣前文价值，不要额外拼接新结果。,痛点没有被原因、动作或证据兑现时放弃，不能靠字幕硬接。,业务事实待确认：宫下垂与臀桥呼吸的医学关联性,high_existing_analysis,"时间码：00:00:00,00:00:15,00:00:31,00:00:47,00:01:03,00:01:19；关键帧：六帧依次显示：标题+解剖图→起始位→收会阴→盆底肌向中收紧→吸气→数数节奏（1987654321）；证据索引：六帧依次显示：标题+解剖图→起始位→收会阴→盆底肌向中收紧→吸气→数数节奏（1987654321）"
fv_0011,产后漏尿能自己好吗.mp4,痛点可视化 + 解决方案 + 效果对比 + 行动指令,body_care_knowledge,身体状态点名,产后妈妈/宝妈；漏尿/漏水/漏气人群；盆底松弛/盆底无力,无显式年龄,产后妈妈/宝妈,漏尿/漏水/漏气人群；盆底松弛/盆底无力,漏尿漏水尴尬；盆底松弛无力,无明确结果触发,医学/健康边界风险；效果承诺风险,痛点可视化/问题先抛型,适合能把身体困扰具体化的素材；本条痛点锚点：漏尿漏水尴尬；盆底松弛无力。,如果痛点太大但中段只给无关动作，开头会显得焦虑化且不兑现。 风险词需要克制处理：医学/健康边界风险；效果承诺风险。,分步口令/计数教学；原因解释/归因讲解,字幕口令/次数证据；口播或字幕解释证据,高：开头问题、中段动作/解释、结尾收束基本闭环,轻行动/跟练指令收束,适合中段已经交付动作或原因后，用低压跟练、收藏、咨询入口收住。,如果中段未兑现，结尾直接行动号召会像硬转化。,痛点开头后必须接原因、动作或可见方案，结尾用跟练/注意事项收住。,向前保留痛点出现前的主语和第一帧痛点画面，不能只截结果词。,留到跟练/收藏/咨询等轻行动完整出现；若出现强转化，交人工决定是否删减。,痛点没有被原因、动作或证据兑现时放弃，不能靠字幕硬接。,业务事实待确认：漏尿自愈可能性、腹直肌修复有效性,high_existing_analysis,"时间码：00:00:00, 00:00:23, 00:00:47, 00:01:10, 00:01:34, 00:01:57；关键帧：00:00:00痛点引入；00:00:23阶段描述；00:00:47症状强化；00:01:10问题归类（腹压/松弛等）；00:01:34提出修复需求；00:01:57总结基本性与行动暗示；证据索引：00:00:00痛点引入"
fv_0012,你的小肚子凸可能不是胖.mp4,错误动作 + 正确动作 + 原因解释,movement_correction,身体状态点名,女性/姐妹；盆底松弛/盆底无力；小腹凸/悬垂腹/腹压问题；练错动作/误区人群,无显式年龄,女性/姐妹,盆底松弛/盆底无力；小腹凸/悬垂腹/腹压问题；练错动作/误区人群,盆底松弛无力；小腹凸/腹压/悬垂腹；假胯宽/骨盆外翻/体态问题；练错动作/误区,无明确结果触发,高发误区/比例刺激,误区/错误先抛型,适合已有错误动作、错误认知或反面案例的素材，开头后必须马上解释为什么错。,如果只保留错误/恐吓画面，后面不接同一问题的原因和正确做法，会突兀。 风险词需要克制处理：高发误区/比例刺激。,错误-正确对比拆解；分步口令/计数教学；单动作循环演示,对比画面/反例证据；字幕口令/次数证据；连续动作帧证据,高：开头问题、中段动作/解释、结尾收束基本闭环,结果/价值重申收束,适合结果前置或痛点解决类视频，用结果回扣前文价值。,如果结果承诺没有过程证据，结尾会显得夸大。,错误/误区开头后必须接同一错误的原因解释，再接正确动作；结尾用定型或安全提醒。,从错误动作或误区字幕完整出现处开始，保留观众能识别错误的画面。,留到结果回扣前文价值，不要额外拼接新结果。,看不出错误和正确差异，或错误后没有解释/正确动作时放弃。,业务事实待确认：小肚子凸与非肥胖关联性,high_existing_analysis,"时间码：00:00:00.000,00:00:11.104,00:00:22.208,00:00:33.311,00:00:44.415,00:00:55.519；关键帧：6帧均为同一女性在室内做弓步交替动作，字幕提示‘左右交替进行 10次一组做3组’，叠加数字1/4/5/8/9指示进度；无换装、换景、说话口型变化；证据索引：6帧均为同一女性在室内做弓步交替动作，字幕提示‘左右交替进行 10次一组做3组’，叠加数字1/4/5/8/9指示进度"
fv_0013,先减肥还是先改善漏尿.mp4,痛点问题 + 原因解释 + 方法交付,body_care_knowledge,身份点名,女性/姐妹；漏尿/漏水/漏气人群,无显式年龄,女性/姐妹,漏尿/漏水/漏气人群,漏尿漏水尴尬,无明确结果触发,医学/健康边界风险；效果承诺风险,痛点可视化/问题先抛型,适合能把身体困扰具体化的素材；本条痛点锚点：漏尿漏水尴尬。,如果痛点太大但中段只给无关动作，开头会显得焦虑化且不兑现。 风险词需要克制处理：医学/健康边界风险；效果承诺风险。,原因解释/归因讲解,口播或字幕解释证据,高：开头问题、中段动作/解释、结尾收束基本闭环,轻行动/跟练指令收束,适合中段已经交付动作或原因后，用低压跟练、收藏、咨询入口收住。,如果中段未兑现，结尾直接行动号召会像硬转化。,痛点开头后必须接原因、动作或可见方案，结尾用跟练/注意事项收住。,向前保留痛点出现前的主语和第一帧痛点画面，不能只截结果词。,留到跟练/收藏/咨询等轻行动完整出现；若出现强转化，交人工决定是否删减。,痛点没有被原因、动作或证据兑现时放弃，不能靠字幕硬接。,业务事实待确认：漏尿与减肥的医学优先级关系,high_existing_analysis,"时间码：00:00:00,00:00:12,00:00:24,00:00:36,00:00:48,00:01:00；关键帧：00:00:00提问冲突；00:00:12定义漏尿；00:00:24指出现象普遍；00:00:36谈影响；00:00:48强调依据；00:01:00给出明确结论；证据索引：00:00:00提问冲突"
fv_0014,别再疯狂练收紧可能越练越漏尿.mp4,痛点问题 + 原因解释 + 方法交付,body_care_knowledge,身体状态点名,漏尿/漏水/漏气人群；盆底松弛/盆底无力；练错动作/误区人群,无显式年龄,无显式身份,漏尿/漏水/漏气人群；盆底松弛/盆底无力；练错动作/误区人群,漏尿漏水尴尬；盆底松弛无力；练错动作/误区,盆底紧致/八爪鱼/抓握力,越练越糟风险；单一方法过度承诺；医学/健康边界风险,结果承诺前置型,适合结果很明确且中段能展示过程的素材；本条结果锚点：盆底紧致/八爪鱼/抓握力。,如果只有结果字幕，没有动作过程或证据，开头会像硬广告。 风险词需要克制处理：越练越糟风险；单一方法过度承诺；医学/健康边界风险。,原因解释/归因讲解,口播或字幕解释证据,高：开头问题、中段动作/解释、结尾收束基本闭环,轻行动/跟练指令收束,适合中段已经交付动作或原因后，用低压跟练、收藏、咨询入口收住。,如果中段未兑现，结尾直接行动号召会像硬转化。,结果前置后必须接过程证据或动作演示，结尾只能轻重申结果，不能再叠加新承诺。,从结果承诺和动作起势同时出现处开始，若前面有适用人群要一并保留。,留到跟练/收藏/咨询等轻行动完整出现；若出现强转化，交人工决定是否删减。,痛点没有被原因、动作或证据兑现时放弃，不能靠字幕硬接。,业务事实待确认：漏尿与收紧训练的因果关系需医学依据,high_existing_analysis,"时间码：00:00:00,00:00:08.754,00:00:17.508,00:00:26.261,00:00:35.015,00:00:43.769；关键帧：00:00:00‘我还漏尿’点题；00:00:08.754提时间成本；00:00:17.5强调‘收放自如’；00:00:26.261纠正‘不是单纯紧’；00:00:35.015提出‘先放松’；00:00:43.769落脚‘不知怎样去做’促行动；证据索引：00:00:00‘我还漏尿’点题"
fv_0015,单纯练凯格尔能改善漏尿吗.mp4,痛点问题 + 原因解释 + 方法交付,body_care_knowledge,身份点名,女性/姐妹；漏尿/漏水/漏气人群；练错动作/误区人群,无显式年龄,女性/姐妹,漏尿/漏水/漏气人群；练错动作/误区人群,漏尿漏水尴尬；练错动作/误区,漏尿漏水改善,单一方法过度承诺；医学/健康边界风险；效果承诺风险,结果承诺前置型,适合结果很明确且中段能展示过程的素材；本条结果锚点：漏尿漏水改善。,如果只有结果字幕，没有动作过程或证据，开头会像硬广告。 风险词需要克制处理：单一方法过度承诺；医学/健康边界风险；效果承诺风险。,分步口令/计数教学；原因解释/归因讲解,字幕口令/次数证据；口播或字幕解释证据,高：开头问题、中段动作/解释、结尾收束基本闭环,轻行动/跟练指令收束,适合中段已经交付动作或原因后，用低压跟练、收藏、咨询入口收住。,如果中段未兑现，结尾直接行动号召会像硬转化。,结果前置后必须接过程证据或动作演示，结尾只能轻重申结果，不能再叠加新承诺。,从结果承诺和动作起势同时出现处开始，若前面有适用人群要一并保留。,留到跟练/收藏/咨询等轻行动完整出现；若出现强转化，交人工决定是否删减。,痛点没有被原因、动作或证据兑现时放弃，不能靠字幕硬接。,业务事实待确认：凯格尔对漏尿改善效果需临床依据支撑,high_existing_analysis,"时间码：00:00:00,00:00:36,00:01:13,00:01:50,00:02:27,00:03:04；关键帧：00:00:00痛点陈述；00:00:36追问现状；00:01:13引出方法；00:01:50建议轻运动；00:02:27条件假设；00:03:04行动号召；证据索引：00:00:00痛点陈述"
fv_0016,妈妈臀 臀凹陷一个动作饱满臀部.mp4,人群点名 + 痛点放大 + 单动作演示 + 坚持建议,body_care_knowledge,身份点名,产后妈妈/宝妈；女性/姐妹；臀凹陷/妈妈臀/扁平臀,无显式年龄,产后妈妈/宝妈；女性/姐妹,臀凹陷/妈妈臀/扁平臀,妈妈臀/臀凹陷/臀扁平,臀翘/臀饱满/蜜桃臀,单一方法过度承诺；效果承诺风险,结果承诺前置型,适合结果很明确且中段能展示过程的素材；本条结果锚点：臀翘/臀饱满/蜜桃臀。,如果只有结果字幕，没有动作过程或证据，开头会像硬广告。 风险词需要克制处理：单一方法过度承诺；效果承诺风险。,错误-正确对比拆解；单动作循环演示,对比画面/反例证据；连续动作帧证据；效果对比或结果提示证据,中：结构可用，但画面/说话/桥接仍需人工复核,轻行动/跟练指令收束,适合中段已经交付动作或原因后，用低压跟练、收藏、咨询入口收住。,如果中段未兑现，结尾直接行动号召会像硬转化。,结果前置后必须接过程证据或动作演示，结尾只能轻重申结果，不能再叠加新承诺。,从结果承诺和动作起势同时出现处开始，若前面有适用人群要一并保留。,留到跟练/收藏/咨询等轻行动完整出现；若出现强转化，交人工决定是否删减。,痛点没有被原因、动作或证据兑现时放弃，不能靠字幕硬接。,臀部形态改善效果承诺需业务事实待确认,medium_existing_analysis,时间码：00:00:00.000-00:00:13.305；关键帧：6帧均为女性背对镜头坐椅夹球，左侧插图展示臀部前后对比，字幕统一为‘每天坚持这个动作 臀饱满了’；证据索引：6帧均为女性背对镜头坐椅夹球，左侧插图展示臀部前后对比，字幕统一为‘每天坚持这个动作 臀饱满了’
fv_0017,30岁的女性练八爪鱼要多久6.2（4）.mp4,人群点名 + 低门槛动作 + 坚持建议,sports_teaching,年龄点名,30岁/30+女性；女性/姐妹,30岁/30+女性,女性/姐妹,无显式身体状态,无明确痛点触发,盆底紧致/八爪鱼/抓握力,单一方法过度承诺,结果承诺前置型,适合结果很明确且中段能展示过程的素材；本条结果锚点：盆底紧致/八爪鱼/抓握力。,如果只有结果字幕，没有动作过程或证据，开头会像硬广告。 风险词需要克制处理：单一方法过度承诺。,错误-正确对比拆解；分步口令/计数教学；单动作循环演示,对比画面/反例证据；字幕口令/次数证据；连续动作帧证据,高：开头问题、中段动作/解释、结尾收束基本闭环,轻行动/跟练指令收束,适合中段已经交付动作或原因后，用低压跟练、收藏、咨询入口收住。,如果中段未兑现，结尾直接行动号召会像硬转化。,结果前置后必须接过程证据或动作演示，结尾只能轻重申结果，不能再叠加新承诺。,从结果承诺和动作起势同时出现处开始，若前面有适用人群要一并保留。,留到跟练/收藏/咨询等轻行动完整出现；若出现强转化，交人工决定是否删减。,动作被遮挡、缺发力点/方向/次数，或只剩结果口号时放弃。,‘练八爪鱼’术语业务事实待确认；效果周期承诺需合规复核,high_existing_analysis,"时间码：00:00:00.000,00:00:03.511,00:00:07.022,00:00:10.532,00:00:14.043,00:00:17.554；关键帧：1.标题提问；2.动作演示+快慢周期对比；3.强调盆底肌训练；4.简化门槛‘只需要一个’；5.号召跟练；6.私信入口；证据索引：1.标题提问"
fv_0018,40岁女性练八爪鱼需要多久呢.mp4,人群点名 + 低门槛动作 + 坚持建议,sports_teaching,年龄点名,40岁/40+女性；女性/姐妹,40岁/40+女性,女性/姐妹,无显式身体状态,假胯宽/骨盆外翻/体态问题,盆底紧致/八爪鱼/抓握力,效果承诺风险,结果承诺前置型,适合结果很明确且中段能展示过程的素材；本条结果锚点：盆底紧致/八爪鱼/抓握力。,如果只有结果字幕，没有动作过程或证据，开头会像硬广告。 风险词需要克制处理：效果承诺风险。,分步口令/计数教学；图解/解剖辅助说明；原因解释/归因讲解,字幕口令/次数证据；图示/标注证据；口播或字幕解释证据,高：开头问题、中段动作/解释、结尾收束基本闭环,轻行动/跟练指令收束,适合中段已经交付动作或原因后，用低压跟练、收藏、咨询入口收住。,如果中段未兑现，结尾直接行动号召会像硬转化。,结果前置后必须接过程证据或动作演示，结尾只能轻重申结果，不能再叠加新承诺。,从结果承诺和动作起势同时出现处开始，若前面有适用人群要一并保留。,留到跟练/收藏/咨询等轻行动完整出现；若出现强转化，交人工决定是否删减。,动作被遮挡、缺发力点/方向/次数，或只剩结果口号时放弃。,‘八爪鱼’效果承诺需业务事实待确认,high_existing_analysis,"时间码：00:00, 00:03, 00:06, 00:10, 00:13, 00:16；关键帧：00:00跪姿准备；00:03加图示‘一周慢两周’；00:06仰卧抬腿；00:10侧卧动作；00:13平躺解释；00:16坐姿收尾；证据索引：00:00跪姿准备"
fv_0019,40岁女性练出J致的盆底肌需要多久？6.1.mp4,痛点问题 + 原因解释 + 方法交付,body_care_knowledge,年龄点名,40岁/40+女性；女性/姐妹；盆底松弛/盆底无力,40岁/40+女性,女性/姐妹,盆底松弛/盆底无力,盆底松弛无力,盆底紧致/八爪鱼/抓握力,效果承诺风险,结果承诺前置型,适合结果很明确且中段能展示过程的素材；本条结果锚点：盆底紧致/八爪鱼/抓握力。,如果只有结果字幕，没有动作过程或证据，开头会像硬广告。 风险词需要克制处理：效果承诺风险。,错误-正确对比拆解；分步口令/计数教学；图解/解剖辅助说明；原因解释/归因讲解,对比画面/反例证据；字幕口令/次数证据；图示/标注证据；口播或字幕解释证据；效果对比或结果提示证据,高：开头问题、中段动作/解释、结尾收束基本闭环,轻行动/跟练指令收束,适合中段已经交付动作或原因后，用低压跟练、收藏、咨询入口收住。,如果中段未兑现，结尾直接行动号召会像硬转化。,结果前置后必须接过程证据或动作演示，结尾只能轻重申结果，不能再叠加新承诺。,从结果承诺和动作起势同时出现处开始，若前面有适用人群要一并保留。,留到跟练/收藏/咨询等轻行动完整出现；若出现强转化，交人工决定是否删减。,痛点没有被原因、动作或证据兑现时放弃，不能靠字幕硬接。,‘练出J致’‘还能找回’等效果承诺需业务事实待确认,high_existing_analysis,"时间码：00:00,00:03,00:07,00:11,00:14,00:18；关键帧：00:00提问+人群；00:03演示坐姿+时间答案；00:07对比年龄差异；00:11追问原因；00:14解释原理；00:18强调可逆性；证据索引：00:00提问+人群"
fv_0020,40岁女性都想拥有灵动蜜桃臀6.15.mp4,人群点名 + 痛点放大 + 单动作演示 + 坚持建议,body_care_knowledge,年龄点名,40岁/40+女性；女性/姐妹；臀凹陷/妈妈臀/扁平臀,40岁/40+女性,女性/姐妹,臀凹陷/妈妈臀/扁平臀,假胯宽/骨盆外翻/体态问题,臀翘/臀饱满/蜜桃臀,效果承诺风险,结果承诺前置型,适合结果很明确且中段能展示过程的素材；本条结果锚点：臀翘/臀饱满/蜜桃臀。,如果只有结果字幕，没有动作过程或证据，开头会像硬广告。 风险词需要克制处理：效果承诺风险。,原因解释/归因讲解,口播或字幕解释证据,高：开头问题、中段动作/解释、结尾收束基本闭环,结果/价值重申收束,适合结果前置或痛点解决类视频，用结果回扣前文价值。,如果结果承诺没有过程证据，结尾会显得夸大。,结果前置后必须接过程证据或动作演示，结尾只能轻重申结果，不能再叠加新承诺。,从结果承诺和动作起势同时出现处开始，若前面有适用人群要一并保留。,留到结果回扣前文价值，不要额外拼接新结果。,痛点没有被原因、动作或证据兑现时放弃，不能靠字幕硬接。,‘蜜桃臀’效果承诺需业务事实待确认,high_existing_analysis,"时间码：00:00, 00:03.64, 00:07.27, 00:10.91, 00:14.55, 00:18.18；关键帧：00:00背影点题；00:03.64侧后方动作初现；00:07.27强调‘不分年龄’；00:10.91提问式引导；00:14.55特写卷纸示意训练工具；00:18.18正面坐姿收束；证据索引：00:00背影点题"
fv_0021,40岁的女性修复盆底肌要多久.mp4,痛点问题 + 原因解释 + 方法交付,body_care_knowledge,年龄点名,40岁/40+女性；女性/姐妹；盆底松弛/盆底无力,40岁/40+女性,女性/姐妹,盆底松弛/盆底无力,盆底松弛无力,盆底紧致/八爪鱼/抓握力,效果承诺风险,结果承诺前置型,适合结果很明确且中段能展示过程的素材；本条结果锚点：盆底紧致/八爪鱼/抓握力。,如果只有结果字幕，没有动作过程或证据，开头会像硬广告。 风险词需要克制处理：效果承诺风险。,图解/解剖辅助说明；原因解释/归因讲解,图示/标注证据；口播或字幕解释证据,高：开头问题、中段动作/解释、结尾收束基本闭环,轻行动/跟练指令收束,适合中段已经交付动作或原因后，用低压跟练、收藏、咨询入口收住。,如果中段未兑现，结尾直接行动号召会像硬转化。,结果前置后必须接过程证据或动作演示，结尾只能轻重申结果，不能再叠加新承诺。,从结果承诺和动作起势同时出现处开始，若前面有适用人群要一并保留。,留到跟练/收藏/咨询等轻行动完整出现；若出现强转化，交人工决定是否删减。,痛点没有被原因、动作或证据兑现时放弃，不能靠字幕硬接。,修复时长承诺、效果关联性需业务事实待确认,high_existing_analysis,"时间码：00:00:00.000, 00:00:03.697, 00:00:07.393, 00:00:11.090, 00:00:14.786, 00:00:18.483；关键帧：帧1：标题提问+人物正面坐姿；帧2：给出时间范围‘快7天半个月’；帧3：否定年龄相关性；帧4：聚焦‘精致已婚女人’群体；帧5：解释普遍认知；帧6：转向背部视角+工具图示暗示解决方案；证据索引：帧1：标题提问+人物正面坐姿"
fv_0022,40岁的女性修复盆底肌要多久？.mp4,痛点问题 + 原因解释 + 方法交付,body_care_knowledge,年龄点名,40岁/40+女性；女性/姐妹,40岁/40+女性,女性/姐妹,无显式身体状态,无明确痛点触发,盆底紧致/八爪鱼/抓握力,效果承诺风险,结果承诺前置型,适合结果很明确且中段能展示过程的素材；本条结果锚点：盆底紧致/八爪鱼/抓握力。,如果只有结果字幕，没有动作过程或证据，开头会像硬广告。 风险词需要克制处理：效果承诺风险。,图解/解剖辅助说明；原因解释/归因讲解,图示/标注证据；口播或字幕解释证据；效果对比或结果提示证据,高：开头问题、中段动作/解释、结尾收束基本闭环,轻行动/跟练指令收束,适合中段已经交付动作或原因后，用低压跟练、收藏、咨询入口收住。,如果中段未兑现，结尾直接行动号召会像硬转化。,结果前置后必须接过程证据或动作演示，结尾只能轻重申结果，不能再叠加新承诺。,从结果承诺和动作起势同时出现处开始，若前面有适用人群要一并保留。,留到跟练/收藏/咨询等轻行动完整出现；若出现强转化，交人工决定是否删减。,痛点没有被原因、动作或证据兑现时放弃，不能靠字幕硬接。,业务事实待确认：修复时长、包裹感等效果描述需医学依据,high_existing_analysis,"时间码：00:00, 00:03.7, 00:07.4, 00:11.1, 00:14.8, 00:18.5；关键帧：00:00提问+人群；00:03.7时间承诺；00:07.4年龄无关；00:11.1已婚痛点；00:14.8经验共识；00:18.5效果感知；证据索引：00:00提问+人群"
fv_0023,40岁的女性练出八爪鱼要多久.mp4,人群点名 + 痛点放大 + 单动作演示 + 坚持建议,body_care_knowledge,年龄点名,40岁/40+女性；女性/姐妹；盆底松弛/盆底无力,40岁/40+女性,女性/姐妹,盆底松弛/盆底无力,盆底松弛无力,盆底紧致/八爪鱼/抓握力,无明确风险触发,结果承诺前置型,适合结果很明确且中段能展示过程的素材；本条结果锚点：盆底紧致/八爪鱼/抓握力。,如果只有结果字幕，没有动作过程或证据，开头会像硬广告。,单动作循环演示；图解/解剖辅助说明；原因解释/归因讲解,连续动作帧证据；图示/标注证据；口播或字幕解释证据,高：开头问题、中段动作/解释、结尾收束基本闭环,结果/价值重申收束,适合结果前置或痛点解决类视频，用结果回扣前文价值。,如果结果承诺没有过程证据，结尾会显得夸大。,结果前置后必须接过程证据或动作演示，结尾只能轻重申结果，不能再叠加新承诺。,从结果承诺和动作起势同时出现处开始，若前面有适用人群要一并保留。,留到结果回扣前文价值，不要额外拼接新结果。,痛点没有被原因、动作或证据兑现时放弃，不能靠字幕硬接。,‘八爪鱼’为非医学术语，效果承诺需业务事实待确认,high_existing_analysis,"时间码：00:00, 00:03, 00:06, 00:10, 00:13, 00:16；关键帧：00:00标题提问；00:03起四足跪姿垫膝练习；00:06加文字‘和年龄无关’；00:10出现盆底肌图示；00:13强调‘练过盆底肌’；00:16总结‘还会有八爪鱼般’；证据索引：00:00标题提问"
fv_0024,40岁的女性练出八爪鱼需要多久？.mp4,痛点问题 + 原因解释 + 方法交付,knowledge_explainer,年龄点名,40岁/40+女性；女性/姐妹,40岁/40+女性,女性/姐妹,无显式身体状态,无明确痛点触发,盆底紧致/八爪鱼/抓握力；体态改善/抗衰状态,无明确风险触发,结果承诺前置型,适合结果很明确且中段能展示过程的素材；本条结果锚点：盆底紧致/八爪鱼/抓握力；体态改善/抗衰状态。,如果只有结果字幕，没有动作过程或证据，开头会像硬广告。,分步口令/计数教学；图解/解剖辅助说明；原因解释/归因讲解,字幕口令/次数证据；图示/标注证据；口播或字幕解释证据,高：开头问题、中段动作/解释、结尾收束基本闭环,轻行动/跟练指令收束,适合中段已经交付动作或原因后，用低压跟练、收藏、咨询入口收住。,如果中段未兑现，结尾直接行动号召会像硬转化。,结果前置后必须接过程证据或动作演示，结尾只能轻重申结果，不能再叠加新承诺。,从结果承诺和动作起势同时出现处开始，若前面有适用人群要一并保留。,留到跟练/收藏/咨询等轻行动完整出现；若出现强转化，交人工决定是否删减。,痛点没有被原因、动作或证据兑现时放弃，不能靠字幕硬接。,‘八爪鱼’效果承诺需标注业务事实待确认,high_existing_analysis,"时间码：00:00,00:03,00:06,00:10,00:13,00:16；关键帧：00:00设问；00:03提‘一周慢两周’；00:06比年龄；00:10问高段位女性；00:13释盆底肌；00:16展抓握力关联；证据索引：00:00设问"
fv_0025,40＋的女性修复盆底肌要多久6.15.mp4,人群点名 + 痛点放大 + 单动作演示 + 坚持建议,body_care_knowledge,年龄点名,40岁/40+女性；女性/姐妹；盆底松弛/盆底无力,40岁/40+女性,女性/姐妹,盆底松弛/盆底无力,盆底松弛无力,盆底紧致/八爪鱼/抓握力,效果承诺风险,结果承诺前置型,适合结果很明确且中段能展示过程的素材；本条结果锚点：盆底紧致/八爪鱼/抓握力。,如果只有结果字幕，没有动作过程或证据，开头会像硬广告。 风险词需要克制处理：效果承诺风险。,分步口令/计数教学,字幕口令/次数证据,高：开头问题、中段动作/解释、结尾收束基本闭环,轻行动/跟练指令收束,适合中段已经交付动作或原因后，用低压跟练、收藏、咨询入口收住。,如果中段未兑现，结尾直接行动号召会像硬转化。,结果前置后必须接过程证据或动作演示，结尾只能轻重申结果，不能再叠加新承诺。,从结果承诺和动作起势同时出现处开始，若前面有适用人群要一并保留。,留到跟练/收藏/咨询等轻行动完整出现；若出现强转化，交人工决定是否删减。,痛点没有被原因、动作或证据兑现时放弃，不能靠字幕硬接。,修复周期数据来源待确认；效果承诺需合规审查,high_existing_analysis,"时间码：00:00:00.000, 00:00:03.757, 00:00:07.514, 00:00:11.271, 00:00:15.028, 00:00:18.785；关键帧：左上：坐姿训练+痛点提问；中上：椅上动作+周期提示；右上：跪姿球压+年龄关联；左下：侧卧特写+婚姻人群设问；中下：坐姿收尾+经验背书；右下：放松姿态+开放结尾；证据索引：左上：坐姿训练+痛点提问"
fv_0026,40＋的姐妹练出紧致的盆底肌.mp4,人群点名 + 低门槛动作 + 坚持建议,body_care_knowledge,身体状态点名,40岁/40+女性；女性/姐妹；漏尿/漏水/漏气人群；盆底松弛/盆底无力,40岁/40+女性,女性/姐妹,漏尿/漏水/漏气人群；盆底松弛/盆底无力,漏尿漏水尴尬；盆底松弛无力,盆底紧致/八爪鱼/抓握力,医学/健康边界风险；效果承诺风险,结果承诺前置型,适合结果很明确且中段能展示过程的素材；本条结果锚点：盆底紧致/八爪鱼/抓握力。,如果只有结果字幕，没有动作过程或证据，开头会像硬广告。 风险词需要克制处理：医学/健康边界风险；效果承诺风险。,错误-正确对比拆解；分步口令/计数教学,对比画面/反例证据；字幕口令/次数证据；效果对比或结果提示证据,高：开头问题、中段动作/解释、结尾收束基本闭环,风险提醒收束,适合误区、禁忌、健康边界较强的内容，结尾要留到提醒说完。,如果前文没有解释风险来源，结尾突然提醒会像吓人。,结果前置后必须接过程证据或动作演示，结尾只能轻重申结果，不能再叠加新承诺。,从结果承诺和动作起势同时出现处开始，若前面有适用人群要一并保留。,必须留到风险提醒/注意事项完整说完，必要时向后多留3-10秒。,动作被遮挡、缺发力点/方向/次数，或只剩结果口号时放弃。,盆底肌训练效果承诺需医学依据，业务事实待确认,high_existing_analysis,"时间码：00:00:00.000,00:00:05.410,00:00:10.820,00:00:16.231,00:00:21.641,00:00:27.051；关键帧：1.正面坐姿拍击100次；2.背面坐姿强调坚持；3.对比松弛后果；4.前后晃动100次；5.魔力转圈100次；6.点出漏尿隐患；证据索引：1.正面坐姿拍击100次"
fv_0027,5月15日.mp4,错误动作 + 正确动作 + 原因解释,movement_correction,动作状态点名,练错动作/误区人群,无显式年龄,无显式身份,练错动作/误区人群,假胯宽/骨盆外翻/体态问题；练错动作/误区,无明确结果触发,效果承诺风险,误区/错误先抛型,适合已有错误动作、错误认知或反面案例的素材，开头后必须马上解释为什么错。,如果只保留错误/恐吓画面，后面不接同一问题的原因和正确做法，会突兀。 风险词需要克制处理：效果承诺风险。,错误-正确对比拆解；分步口令/计数教学；单动作循环演示,对比画面/反例证据；字幕口令/次数证据；连续动作帧证据,高：开头问题、中段动作/解释、结尾收束基本闭环,结果/价值重申收束,适合结果前置或痛点解决类视频，用结果回扣前文价值。,如果结果承诺没有过程证据，结尾会显得夸大。,错误/误区开头后必须接同一错误的原因解释，再接正确动作；结尾用定型或安全提醒。,从错误动作或误区字幕完整出现处开始，保留观众能识别错误的画面。,留到结果回扣前文价值，不要额外拼接新结果。,看不出错误和正确差异，或错误后没有解释/正确动作时放弃。,业务事实待确认：臀桥对‘肚子小了’‘胳膊瘦了’的因果关系,high_existing_analysis,时间码：00:00:00.000-00:00:20.039；关键帧：全片同一场景，人物做臀桥动作；每帧含主画面+两小图对比（塌腰/挺脊），字幕重复核心要点；动作从起始→顶峰→回落循环演示；证据索引：全片同一场景，人物做臀桥动作
fv_0028,5月16日.mp4,错误动作 + 正确动作 + 原因解释,movement_correction,身体状态点名,盆底松弛/盆底无力；练错动作/误区人群,无显式年龄,无显式身份,盆底松弛/盆底无力；练错动作/误区人群,盆底松弛无力；练错动作/误区,无明确结果触发,无明确风险触发,误区/错误先抛型,适合已有错误动作、错误认知或反面案例的素材，开头后必须马上解释为什么错。,如果只保留错误/恐吓画面，后面不接同一问题的原因和正确做法，会突兀。,分步口令/计数教学,字幕口令/次数证据,高：开头问题、中段动作/解释、结尾收束基本闭环,结果/价值重申收束,适合结果前置或痛点解决类视频，用结果回扣前文价值。,如果结果承诺没有过程证据，结尾会显得夸大。,错误/误区开头后必须接同一错误的原因解释，再接正确动作；结尾用定型或安全提醒。,从错误动作或误区字幕完整出现处开始，保留观众能识别错误的画面。,留到结果回扣前文价值，不要额外拼接新结果。,看不出错误和正确差异，或错误后没有解释/正确动作时放弃。,业务事实待确认,high_existing_analysis,"时间码：00:00:00.000, 00:00:05.229, 00:00:10.458, 00:00:15.687, 00:00:20.916, 00:00:26.145；关键帧：00:00:00：跪姿持球准备；00:05:22：俯身滚动；00:10:45：回滚调整；00:15:68：放松阶段；00:20:91：侧卧收束；00:26:14：平躺紧致定格；证据索引：00:00:00：跪姿持球准备"
fv_0029,一个动作让你练出紧致的盆底肌.mp4,人群点名 + 低门槛动作 + 坚持建议,sports_teaching,身体状态点名,盆底松弛/盆底无力,无显式年龄,无显式身份,盆底松弛/盆底无力,盆底松弛无力,盆底紧致/八爪鱼/抓握力,单一方法过度承诺；效果承诺风险,结果承诺前置型,适合结果很明确且中段能展示过程的素材；本条结果锚点：盆底紧致/八爪鱼/抓握力。,如果只有结果字幕，没有动作过程或证据，开头会像硬广告。 风险词需要克制处理：单一方法过度承诺；效果承诺风险。,错误-正确对比拆解；分步口令/计数教学；图解/解剖辅助说明,对比画面/反例证据；字幕口令/次数证据；图示/标注证据；效果对比或结果提示证据,高：开头问题、中段动作/解释、结尾收束基本闭环,轻行动/跟练指令收束,适合中段已经交付动作或原因后，用低压跟练、收藏、咨询入口收住。,如果中段未兑现，结尾直接行动号召会像硬转化。,结果前置后必须接过程证据或动作演示，结尾只能轻重申结果，不能再叠加新承诺。,从结果承诺和动作起势同时出现处开始，若前面有适用人群要一并保留。,留到跟练/收藏/咨询等轻行动完整出现；若出现强转化，交人工决定是否删减。,动作被遮挡、缺发力点/方向/次数，或只剩结果口号时放弃。,盆底肌紧致效果属医疗宣称，业务事实待确认,high_existing_analysis,"时间码：00:00:00.000,00:00:05.967,00:00:11.935,00:00:17.902,00:00:23.870,00:00:29.837；关键帧：0s标题+起始躺姿；6s屈膝准备位；12s插入修复前后图+吸气放松；18s维持姿势；24s强调5分钟练习；30s结束定格；证据索引：0s标题+起始躺姿"
fv_0030,一个小球四个动作轻松瘦腰翘臀6.2（2）.mp4,人群点名 + 低门槛动作 + 坚持建议,sports_teaching,身体状态点名,产后妈妈/宝妈；盆底松弛/盆底无力；臀凹陷/妈妈臀/扁平臀；练错动作/误区人群,无显式年龄,产后妈妈/宝妈,盆底松弛/盆底无力；臀凹陷/妈妈臀/扁平臀；练错动作/误区人群,盆底松弛无力；妈妈臀/臀凹陷/臀扁平；练错动作/误区,无明确结果触发,单一方法过度承诺；效果承诺风险,痛点可视化/问题先抛型,适合能把身体困扰具体化的素材；本条痛点锚点：盆底松弛无力；妈妈臀/臀凹陷/臀扁平；练错动作/误区。,如果痛点太大但中段只给无关动作，开头会显得焦虑化且不兑现。 风险词需要克制处理：单一方法过度承诺；效果承诺风险。,错误-正确对比拆解；分步口令/计数教学；多动作组合演示,对比画面/反例证据；字幕口令/次数证据；多动作段落证据；效果对比或结果提示证据,高：开头问题、中段动作/解释、结尾收束基本闭环,结果/价值重申收束,适合结果前置或痛点解决类视频，用结果回扣前文价值。,如果结果承诺没有过程证据，结尾会显得夸大。,痛点开头后必须接原因、动作或可见方案，结尾用跟练/注意事项收住。,向前保留痛点出现前的主语和第一帧痛点画面，不能只截结果词。,留到结果回扣前文价值，不要额外拼接新结果。,动作被遮挡、缺发力点/方向/次数，或只剩结果口号时放弃。,效果承诺表述需合规审查；业务事实待确认,high_existing_analysis,"时间码：00:00:00.000,00:00:04.124,00:00:08.248,00:00:12.371,00:00:16.495,00:00:20.619；关键帧：0s坐小球错误姿势→4s调整后坐姿+字幕效果→8s换椅坐姿→12s左右摆臀动作→16s正面坐球示范→20s臀部对比图+幽默文案；证据索引：0s坐小球错误姿势→4s调整后坐姿+字幕效果→8s换椅坐姿→12s左右摆臀动作→16s正面坐球示范→20s臀部对比图+幽默文案"
fv_0031,一个小球帮你练出少女腹.mp4,人群点名 + 低门槛动作 + 坚持建议,sports_teaching,身份点名,女性/姐妹；盆底松弛/盆底无力,无显式年龄,女性/姐妹,盆底松弛/盆底无力,盆底松弛无力,小腹平/肚子平,单一方法过度承诺,结果承诺前置型,适合结果很明确且中段能展示过程的素材；本条结果锚点：小腹平/肚子平。,如果只有结果字幕，没有动作过程或证据，开头会像硬广告。 风险词需要克制处理：单一方法过度承诺。,分步口令/计数教学；图解/解剖辅助说明,字幕口令/次数证据；图示/标注证据,高：开头问题、中段动作/解释、结尾收束基本闭环,轻行动/跟练指令收束,适合中段已经交付动作或原因后，用低压跟练、收藏、咨询入口收住。,如果中段未兑现，结尾直接行动号召会像硬转化。,结果前置后必须接过程证据或动作演示，结尾只能轻重申结果，不能再叠加新承诺。,从结果承诺和动作起势同时出现处开始，若前面有适用人群要一并保留。,留到跟练/收藏/咨询等轻行动完整出现；若出现强转化，交人工决定是否删减。,动作被遮挡、缺发力点/方向/次数，或只剩结果口号时放弃。,‘少女腹’效果承诺需医学依据；动作安全性待确认,high_existing_analysis,时间码：00:00:00.000–00:00:10.077；关键帧：6帧均显示女性背对镜头坐瑜伽球上做呼吸后仰动作，字幕统一为‘西方回春术’+每日百次+越练越致；左下角图标随呼吸阶段变化（鱼→鸟→箭头等）；证据索引：6帧均显示女性背对镜头坐瑜伽球上做呼吸后仰动作，字幕统一为‘西方回春术’+每日百次+越练越致
fv_0032,一个瑜伽小球告别小肚腩妈妈臀.mp4,人群点名 + 痛点放大 + 单动作演示 + 坚持建议,body_care_knowledge,身份点名,产后妈妈/宝妈；女性/姐妹；臀凹陷/妈妈臀/扁平臀,无显式年龄,产后妈妈/宝妈；女性/姐妹,臀凹陷/妈妈臀/扁平臀,妈妈臀/臀凹陷/臀扁平；假胯宽/骨盆外翻/体态问题,臀翘/臀饱满/蜜桃臀；腰细/胯小/腿细；体态改善/抗衰状态,效果承诺风险,结果承诺前置型,适合结果很明确且中段能展示过程的素材；本条结果锚点：臀翘/臀饱满/蜜桃臀；腰细/胯小/腿细；体态改善/抗衰状态。,如果只有结果字幕，没有动作过程或证据，开头会像硬广告。 风险词需要克制处理：效果承诺风险。,错误-正确对比拆解；单动作循环演示,对比画面/反例证据；连续动作帧证据；效果对比或结果提示证据,高：开头问题、中段动作/解释、结尾收束基本闭环,轻行动/跟练指令收束,适合中段已经交付动作或原因后，用低压跟练、收藏、咨询入口收住。,如果中段未兑现，结尾直接行动号召会像硬转化。,结果前置后必须接过程证据或动作演示，结尾只能轻重申结果，不能再叠加新承诺。,从结果承诺和动作起势同时出现处开始，若前面有适用人群要一并保留。,留到跟练/收藏/咨询等轻行动完整出现；若出现强转化，交人工决定是否删减。,痛点没有被原因、动作或证据兑现时放弃，不能靠字幕硬接。,效果承诺‘腰细了臀翘了’需业务事实待确认,high_existing_analysis,时间码：00:00:00.000-00:00:15.209；关键帧：6帧均为女性背对镜头坐瑜伽球上做骨盆卷动，左下角小图对比臀部形态，字幕统一强调适用人群、动作时长与预期效果；证据索引：6帧均为女性背对镜头坐瑜伽球上做骨盆卷动，左下角小图对比臀部形态，字幕统一强调适用人群、动作时长与预期效果
fv_0033,一个瑜伽小球告别臀凹陷6.4.mp4,痛点可视化 + 解决方案 + 效果对比 + 行动指令,body_care_knowledge,年龄点名,40岁/40+女性；女性/姐妹；臀凹陷/妈妈臀/扁平臀,40岁/40+女性,女性/姐妹,臀凹陷/妈妈臀/扁平臀,妈妈臀/臀凹陷/臀扁平；假胯宽/骨盆外翻/体态问题,臀翘/臀饱满/蜜桃臀；腰细/胯小/腿细；体态改善/抗衰状态,效果承诺风险,结果承诺前置型,适合结果很明确且中段能展示过程的素材；本条结果锚点：臀翘/臀饱满/蜜桃臀；腰细/胯小/腿细；体态改善/抗衰状态。,如果只有结果字幕，没有动作过程或证据，开头会像硬广告。 风险词需要克制处理：效果承诺风险。,单动作循环演示,连续动作帧证据；效果对比或结果提示证据,高：开头问题、中段动作/解释、结尾收束基本闭环,轻行动/跟练指令收束,适合中段已经交付动作或原因后，用低压跟练、收藏、咨询入口收住。,如果中段未兑现，结尾直接行动号召会像硬转化。,结果前置后必须接过程证据或动作演示，结尾只能轻重申结果，不能再叠加新承诺。,从结果承诺和动作起势同时出现处开始，若前面有适用人群要一并保留。,留到跟练/收藏/咨询等轻行动完整出现；若出现强转化，交人工决定是否删减。,痛点没有被原因、动作或证据兑现时放弃，不能靠字幕硬接。,臀凹陷改善效果承诺需业务事实待确认,high_existing_analysis,时间码：00:00:00.000-00:00:11.122；关键帧：6帧均为同一女性在室内用瑜伽球做坐姿开胯动作，字幕重复‘每天15分钟瑜伽小球’等效果承诺语；证据索引：6帧均为同一女性在室内用瑜伽球做坐姿开胯动作，字幕重复‘每天15分钟瑜伽小球’等效果承诺语
fv_0034,一个瑜伽小球告别跑跳漏氵尴尬6.3（2）.mp4,反面案例 + 原因解释 + 正确做法,mistake_demonstration,身份点名,产后妈妈/宝妈；漏尿/漏水/漏气人群；练错动作/误区人群,无显式年龄,产后妈妈/宝妈,漏尿/漏水/漏气人群；练错动作/误区人群,漏尿漏水尴尬；练错动作/误区,漏尿漏水改善,医学/健康边界风险；效果承诺风险,结果承诺前置型,适合结果很明确且中段能展示过程的素材；本条结果锚点：漏尿漏水改善。,如果只有结果字幕，没有动作过程或证据，开头会像硬广告。 风险词需要克制处理：医学/健康边界风险；效果承诺风险。,错误-正确对比拆解；分步口令/计数教学；图解/解剖辅助说明,对比画面/反例证据；字幕口令/次数证据；图示/标注证据；效果对比或结果提示证据,高：开头问题、中段动作/解释、结尾收束基本闭环,轻行动/跟练指令收束,适合中段已经交付动作或原因后，用低压跟练、收藏、咨询入口收住。,如果中段未兑现，结尾直接行动号召会像硬转化。,结果前置后必须接过程证据或动作演示，结尾只能轻重申结果，不能再叠加新承诺。,从结果承诺和动作起势同时出现处开始，若前面有适用人群要一并保留。,留到跟练/收藏/咨询等轻行动完整出现；若出现强转化，交人工决定是否删减。,如果开头痛点/人群、中段交付、结尾收束不属于同一问题，放弃该片段。,漏尿机制医学解释待确认；效果承诺需合规审查,high_existing_analysis,"时间码：00:00,00:04,00:08,00:12,00:16,00:20；关键帧：00:00表情痛苦配'生了多'；00:04坐球示范；00:08解剖图+健康结论；00:12'前后移动100次'；00:16'左右提'；00:20'跑跳漏水的尴尬'配插画；证据索引：00:00表情痛苦配'生了多'"
fv_0035,一个瑜伽小球练出灵动的八爪鱼6.1（3）.mp4,痛点可视化 + 解决方案 + 效果对比 + 行动指令,sports_teaching,动作状态点名,练错动作/误区人群,无显式年龄,无显式身份,练错动作/误区人群,练错动作/误区,盆底紧致/八爪鱼/抓握力,效果承诺风险,结果承诺前置型,适合结果很明确且中段能展示过程的素材；本条结果锚点：盆底紧致/八爪鱼/抓握力。,如果只有结果字幕，没有动作过程或证据，开头会像硬广告。 风险词需要克制处理：效果承诺风险。,错误-正确对比拆解；分步口令/计数教学；图解/解剖辅助说明,对比画面/反例证据；字幕口令/次数证据；图示/标注证据；效果对比或结果提示证据,高：开头问题、中段动作/解释、结尾收束基本闭环,结果/价值重申收束,适合结果前置或痛点解决类视频，用结果回扣前文价值。,如果结果承诺没有过程证据，结尾会显得夸大。,结果前置后必须接过程证据或动作演示，结尾只能轻重申结果，不能再叠加新承诺。,从结果承诺和动作起势同时出现处开始，若前面有适用人群要一并保留。,留到结果回扣前文价值，不要额外拼接新结果。,痛点没有被原因、动作或证据兑现时放弃，不能靠字幕硬接。,‘八爪鱼’‘人爪鱼’等效果表述需业务事实待确认,high_existing_analysis,"时间码：00:00:00,00:00:03,00:00:06,00:00:10,00:00:13,00:00:16；关键帧：00:00:00正面坐姿+标题；00:00:03加盆底肌图示；00:00:06背对坐姿；00:00:10打喷嚏动画；00:00:13侧身动作；00:00:16‘人爪鱼’图示+完成态；证据索引：00:00:00正面坐姿+标题"
fv_0036,一个瑜伽小球练出灵动的八爪鱼6.8（（3）.mp4,人群点名 + 低门槛动作 + 坚持建议,sports_teaching,身份点名,产后妈妈/宝妈；女性/姐妹；盆底松弛/盆底无力,无显式年龄,产后妈妈/宝妈；女性/姐妹,盆底松弛/盆底无力,盆底松弛无力；假胯宽/骨盆外翻/体态问题,盆底紧致/八爪鱼/抓握力；腰细/胯小/腿细,效果承诺风险,结果承诺前置型,适合结果很明确且中段能展示过程的素材；本条结果锚点：盆底紧致/八爪鱼/抓握力；腰细/胯小/腿细。,如果只有结果字幕，没有动作过程或证据，开头会像硬广告。 风险词需要克制处理：效果承诺风险。,分步口令/计数教学；单动作循环演示；图解/解剖辅助说明,字幕口令/次数证据；连续动作帧证据；图示/标注证据；效果对比或结果提示证据,高：开头问题、中段动作/解释、结尾收束基本闭环,轻行动/跟练指令收束,适合中段已经交付动作或原因后，用低压跟练、收藏、咨询入口收住。,如果中段未兑现，结尾直接行动号召会像硬转化。,结果前置后必须接过程证据或动作演示，结尾只能轻重申结果，不能再叠加新承诺。,从结果承诺和动作起势同时出现处开始，若前面有适用人群要一并保留。,留到跟练/收藏/咨询等轻行动完整出现；若出现强转化，交人工决定是否删减。,动作被遮挡、缺发力点/方向/次数，或只剩结果口号时放弃。,‘练出灵动的八爪鱼’效果承诺需业务事实待确认,high_existing_analysis,时间码：00:00:00.000–00:00:31.904；关键帧：6帧均显示同一女性用瑜伽球做坐姿动态练习，字幕标注动作名称与改善部位（盆底松弛/产后胯宽），标题反复强调‘一个瑜伽小球练出灵动的八爪鱼’；证据索引：6帧均显示同一女性用瑜伽球做坐姿动态练习，字幕标注动作名称与改善部位（盆底松弛/产后胯宽），标题反复强调‘一个瑜伽小球练出灵动的八爪鱼’
fv_0037,一个瑜伽小球练出紧致八爪鱼.mp4,人群点名 + 低门槛动作 + 坚持建议,sports_teaching,身体状态点名,盆底松弛/盆底无力,无显式年龄,无显式身份,盆底松弛/盆底无力,盆底松弛无力,盆底紧致/八爪鱼/抓握力,无明确风险触发,结果承诺前置型,适合结果很明确且中段能展示过程的素材；本条结果锚点：盆底紧致/八爪鱼/抓握力。,如果只有结果字幕，没有动作过程或证据，开头会像硬广告。,分步口令/计数教学；单动作循环演示；图解/解剖辅助说明,字幕口令/次数证据；连续动作帧证据；图示/标注证据；效果对比或结果提示证据,高：开头问题、中段动作/解释、结尾收束基本闭环,结果/价值重申收束,适合结果前置或痛点解决类视频，用结果回扣前文价值。,如果结果承诺没有过程证据，结尾会显得夸大。,结果前置后必须接过程证据或动作演示，结尾只能轻重申结果，不能再叠加新承诺。,从结果承诺和动作起势同时出现处开始，若前面有适用人群要一并保留。,留到结果回扣前文价值，不要额外拼接新结果。,动作被遮挡、缺发力点/方向/次数，或只剩结果口号时放弃。,‘紧致八爪鱼’效果承诺需业务事实待确认,high_existing_analysis,时间码：00:00:00.000–00:00:23.173；关键帧：六帧依次展示坐姿+瑜伽球的四类基础动作循环，字幕统一标注动作名与‘每天放松五分钟’；证据索引：六帧依次展示坐姿+瑜伽球的四类基础动作循环，字幕统一标注动作名与‘每天放松五分钟’
fv_0038,一个瑜伽小球练出美丽的八爪鱼.mp4,人群点名 + 低门槛动作 + 坚持建议,sports_teaching,身体状态点名,女性/姐妹；盆底松弛/盆底无力；小腹凸/悬垂腹/腹压问题；臀凹陷/妈妈臀/扁平臀,无显式年龄,女性/姐妹,盆底松弛/盆底无力；小腹凸/悬垂腹/腹压问题；臀凹陷/妈妈臀/扁平臀,盆底松弛无力；小腹凸/腹压/悬垂腹；妈妈臀/臀凹陷/臀扁平,小腹平/肚子平；臀翘/臀饱满/蜜桃臀；盆底紧致/八爪鱼/抓握力,效果承诺风险,结果承诺前置型,适合结果很明确且中段能展示过程的素材；本条结果锚点：小腹平/肚子平；臀翘/臀饱满/蜜桃臀；盆底紧致/八爪鱼/抓握力。,如果只有结果字幕，没有动作过程或证据，开头会像硬广告。 风险词需要克制处理：效果承诺风险。,分步口令/计数教学；单动作循环演示,字幕口令/次数证据；连续动作帧证据,高：开头问题、中段动作/解释、结尾收束基本闭环,轻行动/跟练指令收束,适合中段已经交付动作或原因后，用低压跟练、收藏、咨询入口收住。,如果中段未兑现，结尾直接行动号召会像硬转化。,结果前置后必须接过程证据或动作演示，结尾只能轻重申结果，不能再叠加新承诺。,从结果承诺和动作起势同时出现处开始，若前面有适用人群要一并保留。,留到跟练/收藏/咨询等轻行动完整出现；若出现强转化，交人工决定是否删减。,动作被遮挡、缺发力点/方向/次数，或只剩结果口号时放弃。,‘盆底肌致了’效果承诺需业务事实待确认,high_existing_analysis,时间码：00:00:00.000–00:00:15.069；关键帧：6帧展示同一女性在瑜伽球上完成‘呼气前倾-吸气后坐’循环动作，字幕统一强调每日100次+盆底肌收益；证据索引：6帧展示同一女性在瑜伽球上完成‘呼气前倾-吸气后坐’循环动作，字幕统一强调每日100次+盆底肌收益
fv_0039,一个瑜伽小球练出美丽的盆底肌6.1（4）.mp4,人群点名 + 低门槛动作 + 坚持建议,sports_teaching,身体状态点名,漏尿/漏水/漏气人群,无显式年龄,无显式身份,漏尿/漏水/漏气人群,漏尿漏水尴尬,无明确结果触发,无明确风险触发,痛点可视化/问题先抛型,适合能把身体困扰具体化的素材；本条痛点锚点：漏尿漏水尴尬。,如果痛点太大但中段只给无关动作，开头会显得焦虑化且不兑现。,分步口令/计数教学；单动作循环演示,字幕口令/次数证据；连续动作帧证据；效果对比或结果提示证据,高：开头问题、中段动作/解释、结尾收束基本闭环,动作完成/视觉定型收束,适合动作教学类素材，保留动作完成位或定型姿态。,如果动作还没完成就切掉，结尾会断。,痛点开头后必须接原因、动作或可见方案，结尾用跟练/注意事项收住。,向前保留痛点出现前的主语和第一帧痛点画面，不能只截结果词。,留到动作定型或最后一次完整循环结束，避免切在半个动作。,动作被遮挡、缺发力点/方向/次数，或只剩结果口号时放弃。,盆底肌训练效果承诺需业务事实待确认,high_existing_analysis,时间码：00:00:00.000-00:00:17.670；关键帧：0s:标题+坐姿准备；3.5s:前后移动100次；7.1s:每日左右练习提示；10.6s:魔力转圈100次；14.1s:每日上下练习提示；17.7s:跑跳漏水类比收尾；证据索引：0s:标题+坐姿准备
fv_0040,一个瑜伽小球练出美丽的马甲线6.2.mp4,痛点可视化 + 解决方案 + 效果对比 + 行动指令,sports_teaching,动作状态点名,练错动作/误区人群,无显式年龄,无显式身份,练错动作/误区人群,假胯宽/骨盆外翻/体态问题；练错动作/误区；抗衰/好状态焦虑,小腹平/肚子平；体态改善/抗衰状态,高发误区/比例刺激；效果承诺风险,误区/错误先抛型,适合已有错误动作、错误认知或反面案例的素材，开头后必须马上解释为什么错。,如果只保留错误/恐吓画面，后面不接同一问题的原因和正确做法，会突兀。 风险词需要克制处理：高发误区/比例刺激；效果承诺风险。,分步口令/计数教学；图解/解剖辅助说明,字幕口令/次数证据；图示/标注证据；效果对比或结果提示证据,高：开头问题、中段动作/解释、结尾收束基本闭环,轻行动/跟练指令收束,适合中段已经交付动作或原因后，用低压跟练、收藏、咨询入口收住。,如果中段未兑现，结尾直接行动号召会像硬转化。,错误/误区开头后必须接同一错误的原因解释，再接正确动作；结尾用定型或安全提醒。,从错误动作或误区字幕完整出现处开始，保留观众能识别错误的画面。,留到跟练/收藏/咨询等轻行动完整出现；若出现强转化，交人工决定是否删减。,痛点没有被原因、动作或证据兑现时放弃，不能靠字幕硬接。,马甲线效果承诺需标注业务事实待确认,high_existing_analysis,"时间码：00:00:00,00:00:02,00:00:04,00:00:06,00:00:09,00:00:11；关键帧：00:00:00抗衰误区引出；00:00:02花儿离开解剖示意；00:00:04年龄无关强调；00:00:06省下大几w科技费；00:00:09练出八小鱼动作；00:00:11髋灵活+屁股翘了效果反馈；证据索引：00:00:00抗衰误区引出"
fv_0041,一个瑜伽小球肚子平了臀饱满6.10.mp4,结果前置 + 操作过程 + 注意事项,sports_teaching,身体状态点名,盆底松弛/盆底无力；小腹凸/悬垂腹/腹压问题；臀凹陷/妈妈臀/扁平臀,无显式年龄,无显式身份,盆底松弛/盆底无力；小腹凸/悬垂腹/腹压问题；臀凹陷/妈妈臀/扁平臀,盆底松弛无力；妈妈臀/臀凹陷/臀扁平,小腹平/肚子平；臀翘/臀饱满/蜜桃臀,效果承诺风险,结果承诺前置型,适合结果很明确且中段能展示过程的素材；本条结果锚点：小腹平/肚子平；臀翘/臀饱满/蜜桃臀。,如果只有结果字幕，没有动作过程或证据，开头会像硬广告。 风险词需要克制处理：效果承诺风险。,分步口令/计数教学；单动作循环演示,字幕口令/次数证据；连续动作帧证据；效果对比或结果提示证据,高：开头问题、中段动作/解释、结尾收束基本闭环,风险提醒收束,适合误区、禁忌、健康边界较强的内容，结尾要留到提醒说完。,如果前文没有解释风险来源，结尾突然提醒会像吓人。,结果前置后必须接过程证据或动作演示，结尾只能轻重申结果，不能再叠加新承诺。,从结果承诺和动作起势同时出现处开始，若前面有适用人群要一并保留。,必须留到风险提醒/注意事项完整说完，必要时向后多留3-10秒。,如果开头痛点/人群、中段交付、结尾收束不属于同一问题，放弃该片段。,效果承诺‘肚子平了臀饱满’需业务事实待确认,high_existing_analysis,时间码：00:00:00.000–00:00:15.580；关键帧：0s跪姿持球；3s坐小凳；6s侧身准备；9s俯身压球；12s动态挤压；15s维持姿势，全程字幕一致强调低门槛+结果；证据索引：0s跪姿持球
fv_0042,一个瑜伽小球肚子平了臀饱满了6.17.mp4,痛点可视化 + 解决方案 + 效果对比 + 行动指令,sports_teaching,身体状态点名,漏尿/漏水/漏气人群；小腹凸/悬垂腹/腹压问题；臀凹陷/妈妈臀/扁平臀,无显式年龄,无显式身份,漏尿/漏水/漏气人群；小腹凸/悬垂腹/腹压问题；臀凹陷/妈妈臀/扁平臀,漏尿漏水尴尬；小腹凸/腹压/悬垂腹；妈妈臀/臀凹陷/臀扁平；假胯宽/骨盆外翻/体态问题,小腹平/肚子平；臀翘/臀饱满/蜜桃臀,效果承诺风险,结果承诺前置型,适合结果很明确且中段能展示过程的素材；本条结果锚点：小腹平/肚子平；臀翘/臀饱满/蜜桃臀。,如果只有结果字幕，没有动作过程或证据，开头会像硬广告。 风险词需要克制处理：效果承诺风险。,分步口令/计数教学；图解/解剖辅助说明,字幕口令/次数证据；图示/标注证据,高：开头问题、中段动作/解释、结尾收束基本闭环,风险提醒收束,适合误区、禁忌、健康边界较强的内容，结尾要留到提醒说完。,如果前文没有解释风险来源，结尾突然提醒会像吓人。,结果前置后必须接过程证据或动作演示，结尾只能轻重申结果，不能再叠加新承诺。,从结果承诺和动作起势同时出现处开始，若前面有适用人群要一并保留。,必须留到风险提醒/注意事项完整说完，必要时向后多留3-10秒。,痛点没有被原因、动作或证据兑现时放弃，不能靠字幕硬接。,效果承诺‘肚子平了臀饱满了’需业务事实待确认,high_existing_analysis,"时间码：00:00:00,00:00:03,00:00:06,00:00:10,00:00:13,00:00:16；关键帧：00:00:00背影坐球显臀型；00:00:03转正面+小腹文字；00:00:06盆底肌图解；00:00:10魔力转圈100次；00:00:13上下拍打100次；00:00:16跑跳漏水警示图；证据索引：00:00:00背影坐球显臀型"
fv_0043,一个瑜伽球练出八爪鱼.mp4,人群点名 + 低门槛动作 + 坚持建议,sports_teaching,泛人群/场景点名,未显式细分_基于画面或标题待复核,无显式年龄,无显式身份,无显式身体状态,无明确痛点触发,盆底紧致/八爪鱼/抓握力,无明确风险触发,结果承诺前置型,适合结果很明确且中段能展示过程的素材；本条结果锚点：盆底紧致/八爪鱼/抓握力。,如果只有结果字幕，没有动作过程或证据，开头会像硬广告。,分步口令/计数教学；图解/解剖辅助说明,字幕口令/次数证据；图示/标注证据,高：开头问题、中段动作/解释、结尾收束基本闭环,结果/价值重申收束,适合结果前置或痛点解决类视频，用结果回扣前文价值。,如果结果承诺没有过程证据，结尾会显得夸大。,结果前置后必须接过程证据或动作演示，结尾只能轻重申结果，不能再叠加新承诺。,从结果承诺和动作起势同时出现处开始，若前面有适用人群要一并保留。,留到结果回扣前文价值，不要额外拼接新结果。,动作被遮挡、缺发力点/方向/次数，或只剩结果口号时放弃。,‘练出八爪鱼’效果承诺需业务事实待确认,high_existing_analysis,时间码：00:00:00.000-00:00:13.142；关键帧：6帧均含标题‘一个瑜伽球练出八爪鱼’及6个标注部位动作小图；人物着黄裤白上衣，用瑜伽球做不同体位支撑；背景为浅色地毯，无场景切换；证据索引：6帧均含标题‘一个瑜伽球练出八爪鱼’及6个标注部位动作小图
fv_0044,一分钟握力测试多少次才算及格呢 切片.mp4,痛点问题 + 原因解释 + 方法交付,knowledge_explainer,动作状态点名,练错动作/误区人群,无显式年龄,无显式身份,练错动作/误区人群,练错动作/误区,无明确结果触发,无明确风险触发,痛点可视化/问题先抛型,适合能把身体困扰具体化的素材；本条痛点锚点：练错动作/误区。,如果痛点太大但中段只给无关动作，开头会显得焦虑化且不兑现。,错误-正确对比拆解；分步口令/计数教学,对比画面/反例证据；字幕口令/次数证据,高：开头问题、中段动作/解释、结尾收束基本闭环,风险提醒收束,适合误区、禁忌、健康边界较强的内容，结尾要留到提醒说完。,如果前文没有解释风险来源，结尾突然提醒会像吓人。,痛点开头后必须接原因、动作或可见方案，结尾用跟练/注意事项收住。,向前保留痛点出现前的主语和第一帧痛点画面，不能只截结果词。,必须留到风险提醒/注意事项完整说完，必要时向后多留3-10秒。,痛点没有被原因、动作或证据兑现时放弃，不能靠字幕硬接。,握力测试标准数值是否具医学依据？业务事实待确认,high_existing_analysis,"时间码：00:00:00,00:00:30,00:01:00,00:01:31,00:02:01,00:02:31；关键帧：00:00:00：提问式字幕+收缩动作；00:00:30：持设备讲解状态分类；00:01:00：质疑单一解法；00:01:31：指出橡皮筋未彻底放松；00:02:01：强调注意事项；00:02:31：总结需注意点；证据索引：00:00:00：提问式字幕+收缩动作"
fv_0045,一咳嗽就失控这个动作告别尴尬.mp4,错误动作 + 正确动作 + 原因解释,movement_correction,身体状态点名,漏尿/漏水/漏气人群；盆底松弛/盆底无力；练错动作/误区人群,无显式年龄,无显式身份,漏尿/漏水/漏气人群；盆底松弛/盆底无力；练错动作/误区人群,漏尿漏水尴尬；盆底松弛无力；练错动作/误区,漏尿漏水改善,医学/健康边界风险；效果承诺风险,误区/错误先抛型,适合已有错误动作、错误认知或反面案例的素材，开头后必须马上解释为什么错。,如果只保留错误/恐吓画面，后面不接同一问题的原因和正确做法，会突兀。 风险词需要克制处理：医学/健康边界风险；效果承诺风险。,分步口令/计数教学,字幕口令/次数证据,高：开头问题、中段动作/解释、结尾收束基本闭环,结果/价值重申收束,适合结果前置或痛点解决类视频，用结果回扣前文价值。,如果结果承诺没有过程证据，结尾会显得夸大。,错误/误区开头后必须接同一错误的原因解释，再接正确动作；结尾用定型或安全提醒。,从错误动作或误区字幕完整出现处开始，保留观众能识别错误的画面。,留到结果回扣前文价值，不要额外拼接新结果。,看不出错误和正确差异，或错误后没有解释/正确动作时放弃。,业务事实待确认：咳嗽时使用球体训练的有效性及适用边界,high_existing_analysis,"时间码：00:00:00.000,00:00:09.627,00:00:19.254,00:00:28.881,00:00:38.508,00:00:48.135；关键帧：T0:气球爆破模拟失控；T1:坐球感压；T2:模拟吸气；T3:呼气收紧；T4:收放节奏；T5:限制跳跃反应；证据索引：T0:气球爆破模拟失控"
fv_0046,一招动态臀桥收腰收胯收盆底6.4（3）.mp4,人群点名 + 低门槛动作 + 坚持建议,sports_teaching,泛人群/场景点名,未显式细分_基于画面或标题待复核,无显式年龄,无显式身份,无显式身体状态,假胯宽/骨盆外翻/体态问题,腰细/胯小/腿细,无明确风险触发,结果承诺前置型,适合结果很明确且中段能展示过程的素材；本条结果锚点：腰细/胯小/腿细。,如果只有结果字幕，没有动作过程或证据，开头会像硬广告。,分步口令/计数教学,字幕口令/次数证据,高：开头问题、中段动作/解释、结尾收束基本闭环,结果/价值重申收束,适合结果前置或痛点解决类视频，用结果回扣前文价值。,如果结果承诺没有过程证据，结尾会显得夸大。,结果前置后必须接过程证据或动作演示，结尾只能轻重申结果，不能再叠加新承诺。,从结果承诺和动作起势同时出现处开始，若前面有适用人群要一并保留。,留到结果回扣前文价值，不要额外拼接新结果。,动作被遮挡、缺发力点/方向/次数，或只剩结果口号时放弃。,效果承诺‘收腰收胯收盆底’需业务事实待确认,high_existing_analysis,"时间码：00:00:00,00:00:06.817,00:00:13.635,00:00:20.452,00:00:27.270,00:00:34.087；关键帧：帧1：仰卧准备位+标题；帧2：屈膝开胯；帧3：呼气启动；帧4：臀桥顶峰；帧5：维持顶峰；帧6：缓慢回落+收腹收盆底字幕；证据索引：帧1：仰卧准备位+标题"
fv_0047,三个动作帮你唤醒身体好状态.mp4,人群点名 + 低门槛动作 + 坚持建议,body_care_knowledge,身体状态点名,盆底松弛/盆底无力,无显式年龄,无显式身份,盆底松弛/盆底无力,盆底松弛无力；抗衰/好状态焦虑,盆底紧致/八爪鱼/抓握力；体态改善/抗衰状态,无明确风险触发,结果承诺前置型,适合结果很明确且中段能展示过程的素材；本条结果锚点：盆底紧致/八爪鱼/抓握力；体态改善/抗衰状态。,如果只有结果字幕，没有动作过程或证据，开头会像硬广告。,分步口令/计数教学；单动作循环演示；多动作组合演示,字幕口令/次数证据；连续动作帧证据；多动作段落证据,高：开头问题、中段动作/解释、结尾收束基本闭环,轻行动/跟练指令收束,适合中段已经交付动作或原因后，用低压跟练、收藏、咨询入口收住。,如果中段未兑现，结尾直接行动号召会像硬转化。,结果前置后必须接过程证据或动作演示，结尾只能轻重申结果，不能再叠加新承诺。,从结果承诺和动作起势同时出现处开始，若前面有适用人群要一并保留。,留到跟练/收藏/咨询等轻行动完整出现；若出现强转化，交人工决定是否删减。,动作被遮挡、缺发力点/方向/次数，或只剩结果口号时放弃。,业务事实待确认：盆底肌锻炼与‘抗衰’‘省科技费’的因果关系,high_existing_analysis,"时间码：00:00:00.000,00:00:03.469,00:00:06.938,00:00:10.407,00:00:13.876,00:00:17.345；关键帧：0s跪坐压球；3.5s侧卧压球；6.9s起身伸展；10.4s侧卧换边；13.9s仰卧抬腿；17.3s仰卧收尾。全程黄裤白上衣，字幕一致强调盆底肌激活益处；证据索引：0s跪坐压球"
fv_0048,不管生了几个就练这几个动作6.15.mp4,人群点名 + 低门槛动作 + 坚持建议,sports_teaching,身份点名,产后妈妈/宝妈；练错动作/误区人群,无显式年龄,产后妈妈/宝妈,练错动作/误区人群,无明确痛点触发,无明确结果触发,效果承诺风险,人群身份点名型,适合年龄、身份、产后状态或身体目标明确的素材，开头后要接该人群的真实问题。,如果只喊人群标签，后文没有该人群专属问题或动作条件，会突兀。 风险词需要克制处理：效果承诺风险。,分步口令/计数教学；图解/解剖辅助说明,字幕口令/次数证据；图示/标注证据；效果对比或结果提示证据,高：开头问题、中段动作/解释、结尾收束基本闭环,轻行动/跟练指令收束,适合中段已经交付动作或原因后，用低压跟练、收藏、咨询入口收住。,如果中段未兑现，结尾直接行动号召会像硬转化。,人群点名后必须接该人群的身体状态或动作条件，中段不能换成泛动作。,从年龄/身份/身体状态点名完整出现处开始，至少保留一帧人物或动作预告。,留到跟练/收藏/咨询等轻行动完整出现；若出现强转化，交人工决定是否删减。,动作被遮挡、缺发力点/方向/次数，或只剩结果口号时放弃。,业务事实待确认：产后修复效果承诺需医学依据,high_existing_analysis,"时间码：00:00:00.000, 00:00:04.867, 00:00:09.734, 00:00:14.600, 00:00:19.467, 00:00:24.334；关键帧：0s跪姿手托颈；4.87s同姿加‘前后移动100次’；9.73s坐椅提臀；14.6s跪姿上下动；19.47s坐姿深蹲；24.33s笑指‘跑’字促行动；证据索引：0s跪姿手托颈"
fv_0049,产后假跨宽这一式越练越J.mp4,人群点名 + 低门槛动作 + 坚持建议,sports_teaching,身份点名,产后妈妈/宝妈,无显式年龄,产后妈妈/宝妈,无显式身体状态,假胯宽/骨盆外翻/体态问题,无明确结果触发,无明确风险触发,结果承诺前置型,适合结果很明确且中段能展示过程的素材；本条结果锚点：无明确结果触发。,如果只有结果字幕，没有动作过程或证据，开头会像硬广告。,分步口令/计数教学,字幕口令/次数证据；效果对比或结果提示证据,高：开头问题、中段动作/解释、结尾收束基本闭环,动作完成/视觉定型收束,适合动作教学类素材，保留动作完成位或定型姿态。,如果动作还没完成就切掉，结尾会断。,结果前置后必须接过程证据或动作演示，结尾只能轻重申结果，不能再叠加新承诺。,从结果承诺和动作起势同时出现处开始，若前面有适用人群要一并保留。,留到动作定型或最后一次完整循环结束，避免切在半个动作。,动作被遮挡、缺发力点/方向/次数，或只剩结果口号时放弃。,业务事实待确认：‘越练越紧’效果承诺需医学依据,high_existing_analysis,"时间码：00:00:00.000,00:00:05.327,00:00:10.653,00:00:15.980,00:00:21.306,00:00:26.633；关键帧：1.点名产后人群+效果承诺；2.双手抱脚尖准备；3.配合呼吸调息；4.吸气向下打开；5.髋部内挤压；6.微笑反馈‘马上感受到’；证据索引：1.点名产后人群+效果承诺"
fv_0050,产后小腹下垂练这一式收固盆底.mp4,痛点问题 + 原因解释 + 方法交付,body_care_knowledge,身体状态点名,产后妈妈/宝妈；小腹凸/悬垂腹/腹压问题；膨出/脱垂/下垂,无显式年龄,产后妈妈/宝妈,小腹凸/悬垂腹/腹压问题；膨出/脱垂/下垂,小腹凸/腹压/悬垂腹；膨出脱垂/下垂,无明确结果触发,无明确风险触发,痛点可视化/问题先抛型,适合能把身体困扰具体化的素材；本条痛点锚点：小腹凸/腹压/悬垂腹；膨出脱垂/下垂。,如果痛点太大但中段只给无关动作，开头会显得焦虑化且不兑现。,分步口令/计数教学,字幕口令/次数证据,高：开头问题、中段动作/解释、结尾收束基本闭环,动作完成/视觉定型收束,适合动作教学类素材，保留动作完成位或定型姿态。,如果动作还没完成就切掉，结尾会断。,痛点开头后必须接原因、动作或可见方案，结尾用跟练/注意事项收住。,向前保留痛点出现前的主语和第一帧痛点画面，不能只截结果词。,留到动作定型或最后一次完整循环结束，避免切在半个动作。,痛点没有被原因、动作或证据兑现时放弃，不能靠字幕硬接。,效果承诺‘收固盆底’需业务事实待确认,high_existing_analysis,"时间码：00:00:00.000,00:00:14.694,00:00:29.387,00:00:44.081,00:00:58.774,00:01:13.468；关键帧：1.痛点标题+侧身准备；2.呼气时机；3.起身启动；4.收放呼吸；5.提耻骨要点；6.下腹部热感反馈；证据索引：1.痛点标题+侧身准备"
fv_0051,产后尴尬漏氵一个动作帮你改变.mp4,痛点可视化 + 解决方案 + 效果对比 + 行动指令,body_care_knowledge,身份点名,产后妈妈/宝妈；漏尿/漏水/漏气人群,无显式年龄,产后妈妈/宝妈,漏尿/漏水/漏气人群,漏尿漏水尴尬,漏尿漏水改善,单一方法过度承诺；效果承诺风险,结果承诺前置型,适合结果很明确且中段能展示过程的素材；本条结果锚点：漏尿漏水改善。,如果只有结果字幕，没有动作过程或证据，开头会像硬广告。 风险词需要克制处理：单一方法过度承诺；效果承诺风险。,分步口令/计数教学；单动作循环演示,字幕口令/次数证据；连续动作帧证据,高：开头问题、中段动作/解释、结尾收束基本闭环,轻行动/跟练指令收束,适合中段已经交付动作或原因后，用低压跟练、收藏、咨询入口收住。,如果中段未兑现，结尾直接行动号召会像硬转化。,结果前置后必须接过程证据或动作演示，结尾只能轻重申结果，不能再叠加新承诺。,从结果承诺和动作起势同时出现处开始，若前面有适用人群要一并保留。,留到跟练/收藏/咨询等轻行动完整出现；若出现强转化，交人工决定是否删减。,痛点没有被原因、动作或证据兑现时放弃，不能靠字幕硬接。,业务事实待确认：漏气改善效果是否具医学依据,high_existing_analysis,"时间码：00:00:00,00:00:12,00:00:24,00:00:37,00:00:49,00:01:02；关键帧：T0痛点标题；T12起始姿势；T24提尾骨呼吸；T37放松过渡；T49强调盆底肌力量；T62呼吁重复与分享；证据索引：T0痛点标题"
fv_0052,产后尴尬漏氵只需一个小球帮你.mp4,痛点问题 + 原因解释 + 方法交付,body_care_knowledge,身份点名,产后妈妈/宝妈；漏尿/漏水/漏气人群,无显式年龄,产后妈妈/宝妈,漏尿/漏水/漏气人群,漏尿漏水尴尬,漏尿漏水改善,单一方法过度承诺；效果承诺风险,结果承诺前置型,适合结果很明确且中段能展示过程的素材；本条结果锚点：漏尿漏水改善。,如果只有结果字幕，没有动作过程或证据，开头会像硬广告。 风险词需要克制处理：单一方法过度承诺；效果承诺风险。,分步口令/计数教学；单动作循环演示；图解/解剖辅助说明；原因解释/归因讲解,字幕口令/次数证据；连续动作帧证据；图示/标注证据；口播或字幕解释证据,高：开头问题、中段动作/解释、结尾收束基本闭环,动作完成/视觉定型收束,适合动作教学类素材，保留动作完成位或定型姿态。,如果动作还没完成就切掉，结尾会断。,结果前置后必须接过程证据或动作演示，结尾只能轻重申结果，不能再叠加新承诺。,从结果承诺和动作起势同时出现处开始，若前面有适用人群要一并保留。,留到动作定型或最后一次完整循环结束，避免切在半个动作。,痛点没有被原因、动作或证据兑现时放弃，不能靠字幕硬接。,业务事实待确认：小球对产后漏气的实际效果；医学机制表述准确性,high_existing_analysis,"时间码：00:00:00.000,00:00:03.673,00:00:07.347,00:00:11.020,00:00:14.694,00:00:18.367；关键帧：T0:坐球+字幕点题；T1:侧坐+‘一坐很费劲’；T2:持杯坐球+‘所以多练小球’；T3:转圈100次指令；T4:‘因为你这样上下’动作示范；T5:插图标注‘如果漏水尴尬的问题’；证据索引：T0:坐球+字幕点题"
fv_0053,产后扁平臀.mp4,痛点可视化 + 解决方案 + 效果对比 + 行动指令,body_care_knowledge,身份点名,产后妈妈/宝妈；臀凹陷/妈妈臀/扁平臀,无显式年龄,产后妈妈/宝妈,臀凹陷/妈妈臀/扁平臀,妈妈臀/臀凹陷/臀扁平；假胯宽/骨盆外翻/体态问题,无明确结果触发,无明确风险触发,痛点可视化/问题先抛型,适合能把身体困扰具体化的素材；本条痛点锚点：妈妈臀/臀凹陷/臀扁平；假胯宽/骨盆外翻/体态问题。,如果痛点太大但中段只给无关动作，开头会显得焦虑化且不兑现。,错误-正确对比拆解；图解/解剖辅助说明,对比画面/反例证据；图示/标注证据；效果对比或结果提示证据,高：开头问题、中段动作/解释、结尾收束基本闭环,轻行动/跟练指令收束,适合中段已经交付动作或原因后，用低压跟练、收藏、咨询入口收住。,如果中段未兑现，结尾直接行动号召会像硬转化。,痛点开头后必须接原因、动作或可见方案，结尾用跟练/注意事项收住。,向前保留痛点出现前的主语和第一帧痛点画面，不能只截结果词。,留到跟练/收藏/咨询等轻行动完整出现；若出现强转化，交人工决定是否删减。,痛点没有被原因、动作或证据兑现时放弃，不能靠字幕硬接。,‘练出圆润桃臀’效果承诺需业务事实待确认,high_existing_analysis,"时间码：00:00:00.000,00:00:04.017,00:00:08.034,00:00:12.051,00:00:16.068,00:00:20.085；关键帧：帧1跪姿夹球起始；帧2动态夹球+‘越练越好看’；帧3背视臀部+解剖图+‘胯部多余肉肉’；帧4仰卧夹球；帧5骨盆示意图+‘慢慢变JZ’；帧6侧卧夹球+‘也能练出圆润桃臀’；证据索引：帧1跪姿夹球起始"
fv_0054,产后漏尿尴尬.mp4,痛点可视化 + 解决方案 + 效果对比 + 行动指令,body_care_knowledge,身份点名,产后妈妈/宝妈；漏尿/漏水/漏气人群；练错动作/误区人群,无显式年龄,产后妈妈/宝妈,漏尿/漏水/漏气人群；练错动作/误区人群,漏尿漏水尴尬；练错动作/误区,无明确结果触发,医学/健康边界风险,痛点可视化/问题先抛型,适合能把身体困扰具体化的素材；本条痛点锚点：漏尿漏水尴尬；练错动作/误区。,如果痛点太大但中段只给无关动作，开头会显得焦虑化且不兑现。 风险词需要克制处理：医学/健康边界风险。,错误-正确对比拆解；分步口令/计数教学；图解/解剖辅助说明；原因解释/归因讲解,对比画面/反例证据；字幕口令/次数证据；图示/标注证据；口播或字幕解释证据；效果对比或结果提示证据,高：开头问题、中段动作/解释、结尾收束基本闭环,风险提醒收束,适合误区、禁忌、健康边界较强的内容，结尾要留到提醒说完。,如果前文没有解释风险来源，结尾突然提醒会像吓人。,痛点开头后必须接原因、动作或可见方案，结尾用跟练/注意事项收住。,向前保留痛点出现前的主语和第一帧痛点画面，不能只截结果词。,必须留到风险提醒/注意事项完整说完，必要时向后多留3-10秒。,痛点没有被原因、动作或证据兑现时放弃，不能靠字幕硬接。,漏尿效果承诺需医学依据；解剖图标注准确性待确认,high_existing_analysis,"时间码：00:00:00,00:00:04.57,00:00:09.14,00:00:13.71,00:00:18.28,00:00:22.85；关键帧：F1:提臀动作示范；F2:归因久坐；F3:盆底肌图示+文字；F4:转圈训练；F5:继续训练；F6:漏尿尴尬结果；证据索引：F1:提臀动作示范"
fv_0055,产后漏水不用愁一个小球帮你改变.mp4,痛点可视化 + 解决方案 + 效果对比 + 行动指令,problem_solution,身份点名,产后妈妈/宝妈；漏尿/漏水/漏气人群,无显式年龄,产后妈妈/宝妈,漏尿/漏水/漏气人群,漏尿漏水尴尬,漏尿漏水改善,单一方法过度承诺；医学/健康边界风险,结果承诺前置型,适合结果很明确且中段能展示过程的素材；本条结果锚点：漏尿漏水改善。,如果只有结果字幕，没有动作过程或证据，开头会像硬广告。 风险词需要克制处理：单一方法过度承诺；医学/健康边界风险。,分步口令/计数教学；单动作循环演示；图解/解剖辅助说明,字幕口令/次数证据；连续动作帧证据；图示/标注证据,高：开头问题、中段动作/解释、结尾收束基本闭环,风险提醒收束,适合误区、禁忌、健康边界较强的内容，结尾要留到提醒说完。,如果前文没有解释风险来源，结尾突然提醒会像吓人。,结果前置后必须接过程证据或动作演示，结尾只能轻重申结果，不能再叠加新承诺。,从结果承诺和动作起势同时出现处开始，若前面有适用人群要一并保留。,必须留到风险提醒/注意事项完整说完，必要时向后多留3-10秒。,痛点没有被原因、动作或证据兑现时放弃，不能靠字幕硬接。,业务事实待确认：小球对产后漏尿效果无临床依据,high_existing_analysis,"时间码：00:00:00,00:00:05,00:00:10,00:00:15,00:00:20,00:00:25；关键帧：00:00坐姿引出问题；00:05展示盆底肌图+提臀100次；00:10左右提臀；00:15装球100次；00:20坐球提醒；00:25完成坐姿反馈；证据索引：00:00坐姿引出问题"
fv_0056,产后盆底高张一个动作帮你改善.mp4,人群点名 + 痛点放大 + 单动作演示 + 坚持建议,body_care_knowledge,身份点名,产后妈妈/宝妈；盆底高张/疼痛不适,无显式年龄,产后妈妈/宝妈,盆底高张/疼痛不适,盆底高张疼痛,无明确结果触发,单一方法过度承诺；医学/健康边界风险；效果承诺风险,痛点可视化/问题先抛型,适合能把身体困扰具体化的素材；本条痛点锚点：盆底高张疼痛。,如果痛点太大但中段只给无关动作，开头会显得焦虑化且不兑现。 风险词需要克制处理：单一方法过度承诺；医学/健康边界风险；效果承诺风险。,分步口令/计数教学,字幕口令/次数证据,高：开头问题、中段动作/解释、结尾收束基本闭环,轻行动/跟练指令收束,适合中段已经交付动作或原因后，用低压跟练、收藏、咨询入口收住。,如果中段未兑现，结尾直接行动号召会像硬转化。,痛点开头后必须接原因、动作或可见方案，结尾用跟练/注意事项收住。,向前保留痛点出现前的主语和第一帧痛点画面，不能只截结果词。,留到跟练/收藏/咨询等轻行动完整出现；若出现强转化，交人工决定是否删减。,痛点没有被原因、动作或证据兑现时放弃，不能靠字幕硬接。,业务事实待确认：盆底高张是否适用该动作；效果承诺需医学依据,high_existing_analysis,"时间码：00:00:00.000,00:00:04.310,00:00:08.619,00:00:12.929,00:00:17.238,00:00:21.548；关键帧：0s标题定调；4.3s微笑引导；8.6s手抱脚尖；12.9s膝部微动；17.2s闭眼专注；21.5s收尾感受；证据索引：0s标题定调"
fv_0057,产后膨出脱垂只需一个动作搞定.mp4,人群点名 + 痛点放大 + 单动作演示 + 坚持建议,body_care_knowledge,身份点名,产后妈妈/宝妈；膨出/脱垂/下垂,无显式年龄,产后妈妈/宝妈,膨出/脱垂/下垂,膨出脱垂/下垂,无明确结果触发,单一方法过度承诺；医学/健康边界风险,痛点可视化/问题先抛型,适合能把身体困扰具体化的素材；本条痛点锚点：膨出脱垂/下垂。,如果痛点太大但中段只给无关动作，开头会显得焦虑化且不兑现。 风险词需要克制处理：单一方法过度承诺；医学/健康边界风险。,分步口令/计数教学,字幕口令/次数证据,高：开头问题、中段动作/解释、结尾收束基本闭环,动作完成/视觉定型收束,适合动作教学类素材，保留动作完成位或定型姿态。,如果动作还没完成就切掉，结尾会断。,痛点开头后必须接原因、动作或可见方案，结尾用跟练/注意事项收住。,向前保留痛点出现前的主语和第一帧痛点画面，不能只截结果词。,留到动作定型或最后一次完整循环结束，避免切在半个动作。,痛点没有被原因、动作或证据兑现时放弃，不能靠字幕硬接。,效果承诺‘只需一个动作搞定’需业务事实待确认,high_existing_analysis,"时间码：00:00:00,00:00:14,00:00:29,00:00:44,00:00:59,00:01:14；关键帧：00:00:00侧身准备；00:00:14吸气；00:00:29收盆底；00:00:44耻骨上提；00:00:59腹下翻；00:01:14收放完成微笑；证据索引：00:00:00侧身准备"
fv_0058,产后臀凹陷一个动作帮你改变.mp4,痛点可视化 + 解决方案 + 效果对比 + 行动指令,body_care_knowledge,身份点名,产后妈妈/宝妈；女性/姐妹；盆底松弛/盆底无力；臀凹陷/妈妈臀/扁平臀,无显式年龄,产后妈妈/宝妈；女性/姐妹,盆底松弛/盆底无力；臀凹陷/妈妈臀/扁平臀,盆底松弛无力；妈妈臀/臀凹陷/臀扁平；假胯宽/骨盆外翻/体态问题,无明确结果触发,单一方法过度承诺；效果承诺风险,结果承诺前置型,适合结果很明确且中段能展示过程的素材；本条结果锚点：无明确结果触发。,如果只有结果字幕，没有动作过程或证据，开头会像硬广告。 风险词需要克制处理：单一方法过度承诺；效果承诺风险。,分步口令/计数教学；单动作循环演示,字幕口令/次数证据；连续动作帧证据,高：开头问题、中段动作/解释、结尾收束基本闭环,轻行动/跟练指令收束,适合中段已经交付动作或原因后，用低压跟练、收藏、咨询入口收住。,如果中段未兑现，结尾直接行动号召会像硬转化。,结果前置后必须接过程证据或动作演示，结尾只能轻重申结果，不能再叠加新承诺。,从结果承诺和动作起势同时出现处开始，若前面有适用人群要一并保留。,留到跟练/收藏/咨询等轻行动完整出现；若出现强转化，交人工决定是否删减。,痛点没有被原因、动作或证据兑现时放弃，不能靠字幕硬接。,业务事实待确认：臀凹陷是否可单动作改变；效果承诺需医学依据,high_existing_analysis,时间码：00:00:00.000-00:00:12.980；关键帧：六帧均显示女性仰卧屈膝夹球做臀桥，字幕统一强调‘骨盆核心收紧’与呼吸节奏，动作从起始位→顶峰→回落循环；证据索引：六帧均显示女性仰卧屈膝夹球做臀桥，字幕统一强调‘骨盆核心收紧’与呼吸节奏，动作从起始位→顶峰→回落循环
fv_0059,产后骨盆外翻一个动作告别困扰.mp4,人群点名 + 痛点放大 + 单动作演示 + 坚持建议,body_care_knowledge,身份点名,产后妈妈/宝妈；女性/姐妹,无显式年龄,产后妈妈/宝妈；女性/姐妹,无显式身体状态,假胯宽/骨盆外翻/体态问题,无明确结果触发,单一方法过度承诺；效果承诺风险,痛点可视化/问题先抛型,适合能把身体困扰具体化的素材；本条痛点锚点：假胯宽/骨盆外翻/体态问题。,如果痛点太大但中段只给无关动作，开头会显得焦虑化且不兑现。 风险词需要克制处理：单一方法过度承诺；效果承诺风险。,分步口令/计数教学,字幕口令/次数证据,高：开头问题、中段动作/解释、结尾收束基本闭环,轻行动/跟练指令收束,适合中段已经交付动作或原因后，用低压跟练、收藏、咨询入口收住。,如果中段未兑现，结尾直接行动号召会像硬转化。,痛点开头后必须接原因、动作或可见方案，结尾用跟练/注意事项收住。,向前保留痛点出现前的主语和第一帧痛点画面，不能只截结果词。,留到跟练/收藏/咨询等轻行动完整出现；若出现强转化，交人工决定是否删减。,痛点没有被原因、动作或证据兑现时放弃，不能靠字幕硬接。,效果承诺‘告别困扰’需业务事实待确认,high_existing_analysis,"时间码：00:00:00,00:00:08,00:00:16,00:00:24,00:00:33,00:00:41；关键帧：六帧均为同一女性坐姿演示抱膝动作，字幕依次为：痛点标题→‘首先’→‘在这个姿势下’→‘用盆底肌带动’→‘放在手肘处’→‘左右各1分钟’；证据索引：六帧均为同一女性坐姿演示抱膝动作，字幕依次为：痛点标题→‘首先’→‘在这个姿势下’→‘用盆底肌带动’→‘放在手肘处’→‘左右各1分钟’"
fv_0060,产后骨盆外翻一个动作帮你回正6.11.mp4,人群点名 + 痛点放大 + 单动作演示 + 坚持建议,movement_correction,身份点名,产后妈妈/宝妈；女性/姐妹,无显式年龄,产后妈妈/宝妈；女性/姐妹,无显式身体状态,假胯宽/骨盆外翻/体态问题,无明确结果触发,单一方法过度承诺,痛点可视化/问题先抛型,适合能把身体困扰具体化的素材；本条痛点锚点：假胯宽/骨盆外翻/体态问题。,如果痛点太大但中段只给无关动作，开头会显得焦虑化且不兑现。 风险词需要克制处理：单一方法过度承诺。,分步口令/计数教学,字幕口令/次数证据,高：开头问题、中段动作/解释、结尾收束基本闭环,动作完成/视觉定型收束,适合动作教学类素材，保留动作完成位或定型姿态。,如果动作还没完成就切掉，结尾会断。,痛点开头后必须接原因、动作或可见方案，结尾用跟练/注意事项收住。,向前保留痛点出现前的主语和第一帧痛点画面，不能只截结果词。,留到动作定型或最后一次完整循环结束，避免切在半个动作。,痛点没有被原因、动作或证据兑现时放弃，不能靠字幕硬接。,业务事实待确认：骨盆外翻诊断标准、单动作矫正有效性,high_existing_analysis,"时间码：00:00:00,00:00:14.995,00:00:29.991,00:00:44.986,00:00:59.982,00:01:14.977；关键帧：六帧均展示同一女性盘坐演示骨盆调整动作，字幕依次为痛点陈述、动作要领、节奏引导、收放指令；证据索引：六帧均展示同一女性盘坐演示骨盆调整动作，字幕依次为痛点陈述、动作要领、节奏引导、收放指令"
fv_0061,会跳舞的臀你想拥有吗？.mp4,人群点名 + 低门槛动作 + 坚持建议,body_care_knowledge,身体状态点名,盆底松弛/盆底无力,无显式年龄,无显式身份,盆底松弛/盆底无力,盆底松弛无力；假胯宽/骨盆外翻/体态问题,臀翘/臀饱满/蜜桃臀,效果承诺风险,结果承诺前置型,适合结果很明确且中段能展示过程的素材；本条结果锚点：臀翘/臀饱满/蜜桃臀。,如果只有结果字幕，没有动作过程或证据，开头会像硬广告。 风险词需要克制处理：效果承诺风险。,分步口令/计数教学,字幕口令/次数证据；效果对比或结果提示证据,高：开头问题、中段动作/解释、结尾收束基本闭环,轻行动/跟练指令收束,适合中段已经交付动作或原因后，用低压跟练、收藏、咨询入口收住。,如果中段未兑现，结尾直接行动号召会像硬转化。,结果前置后必须接过程证据或动作演示，结尾只能轻重申结果，不能再叠加新承诺。,从结果承诺和动作起势同时出现处开始，若前面有适用人群要一并保留。,留到跟练/收藏/咨询等轻行动完整出现；若出现强转化，交人工决定是否删减。,动作被遮挡、缺发力点/方向/次数，或只剩结果口号时放弃。,‘完美臀’‘会跳舞的臀’等效果承诺需业务事实待确认,high_existing_analysis,时间码：00:00:00.000-00:00:10.634；关键帧：0s：坐姿侧视+‘想要拥有完美臀’；2s：坐姿后视+‘首要疏通灵活胯部’；4s：同姿+‘日常坚持练习这个动作’；6s：跪姿+‘既能塑形’；8s：同姿+‘又能收紧腰线’；10s：同姿+‘由内而外改善身材比例’；证据索引：0s：坐姿侧视+‘想要拥有完美臀’
fv_0062,会跳舞的蜜桃臀你想要拥有吗？6.11.mp4,人群点名 + 低门槛动作 + 坚持建议,body_care_knowledge,身体状态点名,盆底松弛/盆底无力；臀凹陷/妈妈臀/扁平臀,无显式年龄,无显式身份,盆底松弛/盆底无力；臀凹陷/妈妈臀/扁平臀,盆底松弛无力,臀翘/臀饱满/蜜桃臀；腰细/胯小/腿细,效果承诺风险,结果承诺前置型,适合结果很明确且中段能展示过程的素材；本条结果锚点：臀翘/臀饱满/蜜桃臀；腰细/胯小/腿细。,如果只有结果字幕，没有动作过程或证据，开头会像硬广告。 风险词需要克制处理：效果承诺风险。,多角度动作演示+功能说明,效果对比或结果提示证据,高：开头问题、中段动作/解释、结尾收束基本闭环,轻行动/跟练指令收束,适合中段已经交付动作或原因后，用低压跟练、收藏、咨询入口收住。,如果中段未兑现，结尾直接行动号召会像硬转化。,结果前置后必须接过程证据或动作演示，结尾只能轻重申结果，不能再叠加新承诺。,从结果承诺和动作起势同时出现处开始，若前面有适用人群要一并保留。,留到跟练/收藏/咨询等轻行动完整出现；若出现强转化，交人工决定是否删减。,动作被遮挡、缺发力点/方向/次数，或只剩结果口号时放弃。,‘蜜桃臀’效果承诺需业务事实待确认,high_existing_analysis,时间码：00:00:00.000-00:00:10.634；关键帧：0s背坐显臀线；2s侧笑展腰臀；4s同姿强调练习；6s侧坐塑形；8s后视收腰；10s俯身调比例；证据索引：0s背坐显臀线
fv_0063,停水停电这个动作帮你改变.mp4,错误动作 + 正确动作 + 原因解释,movement_correction,动作状态点名,练错动作/误区人群,无显式年龄,无显式身份,练错动作/误区人群,练错动作/误区,无明确结果触发,无明确风险触发,误区/错误先抛型,适合已有错误动作、错误认知或反面案例的素材，开头后必须马上解释为什么错。,如果只保留错误/恐吓画面，后面不接同一问题的原因和正确做法，会突兀。,分步口令/计数教学；原因解释/归因讲解,字幕口令/次数证据；口播或字幕解释证据；效果对比或结果提示证据,高：开头问题、中段动作/解释、结尾收束基本闭环,结果/价值重申收束,适合结果前置或痛点解决类视频，用结果回扣前文价值。,如果结果承诺没有过程证据，结尾会显得夸大。,错误/误区开头后必须接同一错误的原因解释，再接正确动作；结尾用定型或安全提醒。,从错误动作或误区字幕完整出现处开始，保留观众能识别错误的画面。,留到结果回扣前文价值，不要额外拼接新结果。,看不出错误和正确差异，或错误后没有解释/正确动作时放弃。,业务事实待确认,high_existing_analysis,"时间码：00:00:00.000,00:00:12.660,00:00:25.319,00:00:37.979,00:00:50.638,00:01:03.298；关键帧：00:00:00：痛点提问；00:00:12：拨开动作；00:00:25：动作命名；00:00:37：收放指令；00:00:50：盆底带动；00:01:03：效果反馈；证据索引：00:00:00：痛点提问"
fv_0064,前壁膨出一个小球帮你改变.mp4,痛点可视化 + 解决方案 + 效果对比 + 行动指令,body_care_knowledge,身体状态点名,膨出/脱垂/下垂,无显式年龄,无显式身份,膨出/脱垂/下垂,膨出脱垂/下垂；假胯宽/骨盆外翻/体态问题,无明确结果触发,单一方法过度承诺；医学/健康边界风险,结果承诺前置型,适合结果很明确且中段能展示过程的素材；本条结果锚点：无明确结果触发。,如果只有结果字幕，没有动作过程或证据，开头会像硬广告。 风险词需要克制处理：单一方法过度承诺；医学/健康边界风险。,分步口令/计数教学,字幕口令/次数证据,高：开头问题、中段动作/解释、结尾收束基本闭环,轻行动/跟练指令收束,适合中段已经交付动作或原因后，用低压跟练、收藏、咨询入口收住。,如果中段未兑现，结尾直接行动号召会像硬转化。,结果前置后必须接过程证据或动作演示，结尾只能轻重申结果，不能再叠加新承诺。,从结果承诺和动作起势同时出现处开始，若前面有适用人群要一并保留。,留到跟练/收藏/咨询等轻行动完整出现；若出现强转化，交人工决定是否删减。,痛点没有被原因、动作或证据兑现时放弃，不能靠字幕硬接。,业务事实待确认：前壁膨出与小球训练的医学关联性,high_existing_analysis,"时间码：00:00:00,00:00:08,00:00:17,00:00:26,00:00:35,00:00:44；关键帧：1.指天示意+字幕‘都跟我做’；2.坐姿感受‘发力的感觉’；3.箭头指示‘耻骨向下压’；4.手推耻骨‘往后耻骨往上’；5.手按球‘让这个球帮你滚起来’；6.握拳微笑‘能紧能松’；证据索引：1.指天示意+字幕‘都跟我做’"
fv_0065,口子闭合不上一个小球告别困扰.mp4,痛点问题 + 原因解释 + 方法交付,problem_solution,身体状态点名,盆底松弛/盆底无力,无显式年龄,无显式身份,盆底松弛/盆底无力,盆底松弛无力,无明确结果触发,单一方法过度承诺；效果承诺风险,痛点可视化/问题先抛型,适合能把身体困扰具体化的素材；本条痛点锚点：盆底松弛无力。,如果痛点太大但中段只给无关动作，开头会显得焦虑化且不兑现。 风险词需要克制处理：单一方法过度承诺；效果承诺风险。,分步口令/计数教学,字幕口令/次数证据,高：开头问题、中段动作/解释、结尾收束基本闭环,结果/价值重申收束,适合结果前置或痛点解决类视频，用结果回扣前文价值。,如果结果承诺没有过程证据，结尾会显得夸大。,痛点开头后必须接原因、动作或可见方案，结尾用跟练/注意事项收住。,向前保留痛点出现前的主语和第一帧痛点画面，不能只截结果词。,留到结果回扣前文价值，不要额外拼接新结果。,痛点没有被原因、动作或证据兑现时放弃，不能靠字幕硬接。,业务事实待确认：小球对‘口子闭合不上’的医学有效性,high_existing_analysis,"时间码：00:00:00,00:00:09.636,00:00:19.272,00:00:28.909,00:00:38.545,00:00:48.181；关键帧：0s：嘴微张示意问题；9.6s：手比划中后端；19.3s：坐小球准备；28.9s：左右滚动动作；38.5s：球辅助发力说明；48.2s：强调动作针对性；证据索引：0s：嘴微张示意问题"
fv_0066,只练这几个动作拥有八爪鱼般抓握力6.15.mp4,人群点名 + 痛点放大 + 单动作演示 + 坚持建议,sports_teaching,年龄点名,40岁/40+女性；女性/姐妹,40岁/40+女性,女性/姐妹,无显式身体状态,无明确痛点触发,盆底紧致/八爪鱼/抓握力；体态改善/抗衰状态,无明确风险触发,结果承诺前置型,适合结果很明确且中段能展示过程的素材；本条结果锚点：盆底紧致/八爪鱼/抓握力；体态改善/抗衰状态。,如果只有结果字幕，没有动作过程或证据，开头会像硬广告。,分步口令/计数教学；原因解释/归因讲解,字幕口令/次数证据；口播或字幕解释证据,高：开头问题、中段动作/解释、结尾收束基本闭环,轻行动/跟练指令收束,适合中段已经交付动作或原因后，用低压跟练、收藏、咨询入口收住。,如果中段未兑现，结尾直接行动号召会像硬转化。,结果前置后必须接过程证据或动作演示，结尾只能轻重申结果，不能再叠加新承诺。,从结果承诺和动作起势同时出现处开始，若前面有适用人群要一并保留。,留到跟练/收藏/咨询等轻行动完整出现；若出现强转化，交人工决定是否删减。,痛点没有被原因、动作或证据兑现时放弃，不能靠字幕硬接。,‘八爪鱼般抓握力’效果承诺需业务事实待确认,high_existing_analysis,"时间码：00:00:00.000, 00:00:03.330, 00:00:06.659, 00:00:09.989, 00:00:13.318, 00:00:16.648；关键帧：0s坐姿引题；3.3s跪姿准备；6.7s仰卧桥式；10s仰卧抬腿；13.3s仰卧屈膝；16.6s坐姿收尾，全程字幕强化‘只练这几个动作’核心信息；证据索引：0s坐姿引题"
fv_0067,只需一个动作小腹凸出不见了.mp4,痛点可视化 + 解决方案 + 效果对比 + 行动指令,movement_correction,身体状态点名,盆底松弛/盆底无力；小腹凸/悬垂腹/腹压问题,无显式年龄,无显式身份,盆底松弛/盆底无力；小腹凸/悬垂腹/腹压问题,盆底松弛无力；小腹凸/腹压/悬垂腹,小腹平/肚子平,单一方法过度承诺；效果承诺风险,结果承诺前置型,适合结果很明确且中段能展示过程的素材；本条结果锚点：小腹平/肚子平。,如果只有结果字幕，没有动作过程或证据，开头会像硬广告。 风险词需要克制处理：单一方法过度承诺；效果承诺风险。,分步口令/计数教学,字幕口令/次数证据,高：开头问题、中段动作/解释、结尾收束基本闭环,轻行动/跟练指令收束,适合中段已经交付动作或原因后，用低压跟练、收藏、咨询入口收住。,如果中段未兑现，结尾直接行动号召会像硬转化。,结果前置后必须接过程证据或动作演示，结尾只能轻重申结果，不能再叠加新承诺。,从结果承诺和动作起势同时出现处开始，若前面有适用人群要一并保留。,留到跟练/收藏/咨询等轻行动完整出现；若出现强转化，交人工决定是否删减。,痛点没有被原因、动作或证据兑现时放弃，不能靠字幕硬接。,业务事实待确认：小腹凸出消失是否仅由该动作导致,high_existing_analysis,"时间码：00:00:00,00:00:08,00:00:17,00:00:25,00:00:34,00:00:42；关键帧：00:00:00坐姿小腹微凸；00:00:08压球前侧；00:00:17呼气收紧上提；00:00:25引导共做；00:00:34收放节奏；00:00:42放松收尾；证据索引：00:00:00坐姿小腹微凸"
fv_0068,只需一个动作收腰收胯收盆底.mp4,人群点名 + 痛点放大 + 单动作演示 + 坚持建议,body_care_knowledge,身体状态点名,盆底松弛/盆底无力；小腹凸/悬垂腹/腹压问题；练错动作/误区人群,无显式年龄,无显式身份,盆底松弛/盆底无力；小腹凸/悬垂腹/腹压问题；练错动作/误区人群,盆底松弛无力；小腹凸/腹压/悬垂腹；假胯宽/骨盆外翻/体态问题；练错动作/误区,盆底紧致/八爪鱼/抓握力；腰细/胯小/腿细,高发误区/比例刺激；单一方法过度承诺,误区/错误先抛型,适合已有错误动作、错误认知或反面案例的素材，开头后必须马上解释为什么错。,如果只保留错误/恐吓画面，后面不接同一问题的原因和正确做法，会突兀。 风险词需要克制处理：高发误区/比例刺激；单一方法过度承诺。,分步口令/计数教学；图解/解剖辅助说明,字幕口令/次数证据；图示/标注证据,高：开头问题、中段动作/解释、结尾收束基本闭环,结果/价值重申收束,适合结果前置或痛点解决类视频，用结果回扣前文价值。,如果结果承诺没有过程证据，结尾会显得夸大。,错误/误区开头后必须接同一错误的原因解释，再接正确动作；结尾用定型或安全提醒。,从错误动作或误区字幕完整出现处开始，保留观众能识别错误的画面。,留到结果回扣前文价值，不要额外拼接新结果。,痛点没有被原因、动作或证据兑现时放弃，不能靠字幕硬接。,业务事实待确认：收盆底动作效果承诺需医学依据,high_existing_analysis,"时间码：00:00, 00:06, 00:12, 00:19, 00:25, 00:32；关键帧：00:00误用腹部发力图示；00:06双脚打开准备；00:12骨盆卷动；00:19收腰收胯；00:25收盆底箭头提示；00:32口令总结；证据索引：00:00误用腹部发力图示"
fv_0069,只需一个动作改善悬垂腹内压力6.15.mp4,痛点问题 + 原因解释 + 方法交付,movement_correction,身体状态点名,小腹凸/悬垂腹/腹压问题,无显式年龄,无显式身份,小腹凸/悬垂腹/腹压问题,小腹凸/腹压/悬垂腹；假胯宽/骨盆外翻/体态问题,无明确结果触发,单一方法过度承诺；效果承诺风险,结果承诺前置型,适合结果很明确且中段能展示过程的素材；本条结果锚点：无明确结果触发。,如果只有结果字幕，没有动作过程或证据，开头会像硬广告。 风险词需要克制处理：单一方法过度承诺；效果承诺风险。,分步口令/计数教学,字幕口令/次数证据；效果对比或结果提示证据,高：开头问题、中段动作/解释、结尾收束基本闭环,轻行动/跟练指令收束,适合中段已经交付动作或原因后，用低压跟练、收藏、咨询入口收住。,如果中段未兑现，结尾直接行动号召会像硬转化。,结果前置后必须接过程证据或动作演示，结尾只能轻重申结果，不能再叠加新承诺。,从结果承诺和动作起势同时出现处开始，若前面有适用人群要一并保留。,留到跟练/收藏/咨询等轻行动完整出现；若出现强转化，交人工决定是否删减。,痛点没有被原因、动作或证据兑现时放弃，不能靠字幕硬接。,业务事实待确认：悬垂腹内压力改善效果、单动作有效性,high_existing_analysis,"时间码：00:00:00,00:00:02.52,00:00:05.04,00:00:07.56,00:00:10.09,00:00:12.61；关键帧：F1悬垂腹特写+标题；F2垫瑜伽球于腹部下方；F3释放腹内压力；F4带腹部肌肉归位；F5重新稳兜兜住；F6从根源改善总结；证据索引：F1悬垂腹特写+标题"
fv_0070,只需一个动作盆底肌越练越紧.mp4,人群点名 + 痛点放大 + 单动作演示 + 坚持建议,body_care_knowledge,泛人群/场景点名,未显式细分_基于画面或标题待复核,无显式年龄,无显式身份,无显式身体状态,无明确痛点触发,盆底紧致/八爪鱼/抓握力,单一方法过度承诺,结果承诺前置型,适合结果很明确且中段能展示过程的素材；本条结果锚点：盆底紧致/八爪鱼/抓握力。,如果只有结果字幕，没有动作过程或证据，开头会像硬广告。 风险词需要克制处理：单一方法过度承诺。,错误-正确对比拆解；分步口令/计数教学,对比画面/反例证据；字幕口令/次数证据,高：开头问题、中段动作/解释、结尾收束基本闭环,轻行动/跟练指令收束,适合中段已经交付动作或原因后，用低压跟练、收藏、咨询入口收住。,如果中段未兑现，结尾直接行动号召会像硬转化。,结果前置后必须接过程证据或动作演示，结尾只能轻重申结果，不能再叠加新承诺。,从结果承诺和动作起势同时出现处开始，若前面有适用人群要一并保留。,留到跟练/收藏/咨询等轻行动完整出现；若出现强转化，交人工决定是否删减。,痛点没有被原因、动作或证据兑现时放弃，不能靠字幕硬接。,盆底肌训练效果承诺需医学依据；‘越练越紧’表述易引发误解，业务事实待确认,high_existing_analysis,"时间码：00:00:00,00:00:05.656,00:00:11.313,00:00:16.969,00:00:22.626,00:00:28.282；关键帧：1.标题+持球坐姿；2.夹球准备；3.启动内收；4.双手合十辅助；5.用力向内指令；6.完成态+正向反馈；证据索引：1.标题+持球坐姿"
fv_0071,只需一个动作盆盆松练出少女腹.mp4,人群点名 + 低门槛动作 + 坚持建议,sports_teaching,身份点名,女性/姐妹；盆底松弛/盆底无力,无显式年龄,女性/姐妹,盆底松弛/盆底无力,盆底松弛无力,小腹平/肚子平,单一方法过度承诺,结果承诺前置型,适合结果很明确且中段能展示过程的素材；本条结果锚点：小腹平/肚子平。,如果只有结果字幕，没有动作过程或证据，开头会像硬广告。 风险词需要克制处理：单一方法过度承诺。,分步口令/计数教学；单动作循环演示,字幕口令/次数证据；连续动作帧证据；效果对比或结果提示证据,高：开头问题、中段动作/解释、结尾收束基本闭环,结果/价值重申收束,适合结果前置或痛点解决类视频，用结果回扣前文价值。,如果结果承诺没有过程证据，结尾会显得夸大。,结果前置后必须接过程证据或动作演示，结尾只能轻重申结果，不能再叠加新承诺。,从结果承诺和动作起势同时出现处开始，若前面有适用人群要一并保留。,留到结果回扣前文价值，不要额外拼接新结果。,动作被遮挡、缺发力点/方向/次数，或只剩结果口号时放弃。,‘越练越紧致’效果承诺需业务事实待确认,high_existing_analysis,时间码：00:00:00.000-00:00:10.170；关键帧：六帧均匀采样显示同一跪姿呼吸动作循环：吸气向后坐→吐气向后顶→手臂上举→回落，字幕统一强调‘回春术’每日100次及紧致效果；证据索引：六帧均匀采样显示同一跪姿呼吸动作循环：吸气向后坐→吐气向后顶→手臂上举→回落，字幕统一强调‘回春术’每日100次及紧致效果
fv_0072,只需一个动作练出会动的蜜桃臀6.12.mp4,人群点名 + 低门槛动作 + 坚持建议,sports_teaching,身份点名,女性/姐妹；臀凹陷/妈妈臀/扁平臀,无显式年龄,女性/姐妹,臀凹陷/妈妈臀/扁平臀,假胯宽/骨盆外翻/体态问题,臀翘/臀饱满/蜜桃臀；盆底紧致/八爪鱼/抓握力,单一方法过度承诺；效果承诺风险,结果承诺前置型,适合结果很明确且中段能展示过程的素材；本条结果锚点：臀翘/臀饱满/蜜桃臀；盆底紧致/八爪鱼/抓握力。,如果只有结果字幕，没有动作过程或证据，开头会像硬广告。 风险词需要克制处理：单一方法过度承诺；效果承诺风险。,分步口令/计数教学；单动作循环演示；图解/解剖辅助说明,字幕口令/次数证据；连续动作帧证据；图示/标注证据,高：开头问题、中段动作/解释、结尾收束基本闭环,轻行动/跟练指令收束,适合中段已经交付动作或原因后，用低压跟练、收藏、咨询入口收住。,如果中段未兑现，结尾直接行动号召会像硬转化。,结果前置后必须接过程证据或动作演示，结尾只能轻重申结果，不能再叠加新承诺。,从结果承诺和动作起势同时出现处开始，若前面有适用人群要一并保留。,留到跟练/收藏/咨询等轻行动完整出现；若出现强转化，交人工决定是否删减。,动作被遮挡、缺发力点/方向/次数，或只剩结果口号时放弃。,效果承诺‘身材更好了’需业务事实待确认,high_existing_analysis,时间码：00:00:00.000–00:00:11.819；关键帧：6帧均为女性坐姿抬臂动作循环，叠加‘灵动画八爪鱼美臀训练’标题及三阶段骨盆图解文字；证据索引：6帧均为女性坐姿抬臂动作循环，叠加‘灵动画八爪鱼美臀训练’标题及三阶段骨盆图解文字
fv_0073,只需一个动作肚子平了臀翘了.mp4,人群点名 + 低门槛动作 + 坚持建议,sports_teaching,身体状态点名,40岁/40+女性；女性/姐妹；小腹凸/悬垂腹/腹压问题；臀凹陷/妈妈臀/扁平臀,40岁/40+女性,女性/姐妹,小腹凸/悬垂腹/腹压问题；臀凹陷/妈妈臀/扁平臀,妈妈臀/臀凹陷/臀扁平,小腹平/肚子平；臀翘/臀饱满/蜜桃臀；体态改善/抗衰状态,单一方法过度承诺；效果承诺风险,结果承诺前置型,适合结果很明确且中段能展示过程的素材；本条结果锚点：小腹平/肚子平；臀翘/臀饱满/蜜桃臀；体态改善/抗衰状态。,如果只有结果字幕，没有动作过程或证据，开头会像硬广告。 风险词需要克制处理：单一方法过度承诺；效果承诺风险。,单动作循环演示,连续动作帧证据；效果对比或结果提示证据,高：开头问题、中段动作/解释、结尾收束基本闭环,轻行动/跟练指令收束,适合中段已经交付动作或原因后，用低压跟练、收藏、咨询入口收住。,如果中段未兑现，结尾直接行动号召会像硬转化。,结果前置后必须接过程证据或动作演示，结尾只能轻重申结果，不能再叠加新承诺。,从结果承诺和动作起势同时出现处开始，若前面有适用人群要一并保留。,留到跟练/收藏/咨询等轻行动完整出现；若出现强转化，交人工决定是否删减。,动作被遮挡、缺发力点/方向/次数，或只剩结果口号时放弃。,效果承诺‘肚子平了臀翘了’需业务事实待确认,high_existing_analysis,时间码：00:00:00.000-00:00:10.356；关键帧：六帧均为同一女性坐姿用小球做盆底肌训练，字幕统一宣传15分钟训练对40+女性腹臀改善效果；证据索引：六帧均为同一女性坐姿用小球做盆底肌训练，字幕统一宣传15分钟训练对40+女性腹臀改善效果
fv_0074,只需一个动作腰细了盆底J致了6.12.mp4,人群点名 + 痛点放大 + 单动作演示 + 坚持建议,body_care_knowledge,身体状态点名,盆底松弛/盆底无力,无显式年龄,无显式身份,盆底松弛/盆底无力,盆底松弛无力；假胯宽/骨盆外翻/体态问题,盆底紧致/八爪鱼/抓握力；腰细/胯小/腿细；漏尿漏水改善,单一方法过度承诺；效果承诺风险,结果承诺前置型,适合结果很明确且中段能展示过程的素材；本条结果锚点：盆底紧致/八爪鱼/抓握力；腰细/胯小/腿细；漏尿漏水改善。,如果只有结果字幕，没有动作过程或证据，开头会像硬广告。 风险词需要克制处理：单一方法过度承诺；效果承诺风险。,单动作循环演示,连续动作帧证据；效果对比或结果提示证据,高：开头问题、中段动作/解释、结尾收束基本闭环,轻行动/跟练指令收束,适合中段已经交付动作或原因后，用低压跟练、收藏、咨询入口收住。,如果中段未兑现，结尾直接行动号召会像硬转化。,结果前置后必须接过程证据或动作演示，结尾只能轻重申结果，不能再叠加新承诺。,从结果承诺和动作起势同时出现处开始，若前面有适用人群要一并保留。,留到跟练/收藏/咨询等轻行动完整出现；若出现强转化，交人工决定是否删减。,痛点没有被原因、动作或证据兑现时放弃，不能靠字幕硬接。,腰细/盆底肌改善效果承诺需业务事实待确认,high_existing_analysis,"时间码：00:00:00.000,00:00:02.364,00:00:04.728,00:00:07.091,00:00:09.455,00:00:11.819；关键帧：全片统一跪姿推掌动作；每帧顶部标题不变；底部三月进度图持续呈现‘改善漏嘘嘘、拒做大腹婆、收胯、瘦腿’；字幕强调‘每天100下不松不漏’；证据索引：全片统一跪姿推掌动作"
fv_0075,只需一个动作腰细了臀部翘了.mp4,人群点名 + 低门槛动作 + 坚持建议,movement_correction,年龄点名,40岁/40+女性；女性/姐妹；臀凹陷/妈妈臀/扁平臀,40岁/40+女性,女性/姐妹,臀凹陷/妈妈臀/扁平臀,妈妈臀/臀凹陷/臀扁平,臀翘/臀饱满/蜜桃臀；腰细/胯小/腿细,单一方法过度承诺；效果承诺风险,结果承诺前置型,适合结果很明确且中段能展示过程的素材；本条结果锚点：臀翘/臀饱满/蜜桃臀；腰细/胯小/腿细。,如果只有结果字幕，没有动作过程或证据，开头会像硬广告。 风险词需要克制处理：单一方法过度承诺；效果承诺风险。,单动作循环演示,连续动作帧证据；效果对比或结果提示证据,高：开头问题、中段动作/解释、结尾收束基本闭环,轻行动/跟练指令收束,适合中段已经交付动作或原因后，用低压跟练、收藏、咨询入口收住。,如果中段未兑现，结尾直接行动号召会像硬转化。,结果前置后必须接过程证据或动作演示，结尾只能轻重申结果，不能再叠加新承诺。,从结果承诺和动作起势同时出现处开始，若前面有适用人群要一并保留。,留到跟练/收藏/咨询等轻行动完整出现；若出现强转化，交人工决定是否删减。,动作被遮挡、缺发力点/方向/次数，或只剩结果口号时放弃。,效果承诺‘腰细了臀部翘了’需业务事实待确认,high_existing_analysis,时间码：00:00:00.000–00:00:12.701；关键帧：6帧均为同一位女性跪姿用盆底球训练，字幕统一宣传40+女性每日15分钟可改善腰臀线条；证据索引：6帧均为同一位女性跪姿用盆底球训练，字幕统一宣传40+女性每日15分钟可改善腰臀线条
fv_0076,只需一个动作腿细了胯缩小了.mp4,人群点名 + 低门槛动作 + 坚持建议,body_care_knowledge,身体状态点名,小腹凸/悬垂腹/腹压问题,无显式年龄,无显式身份,小腹凸/悬垂腹/腹压问题,小腹凸/腹压/悬垂腹；假胯宽/骨盆外翻/体态问题,腰细/胯小/腿细,单一方法过度承诺,结果承诺前置型,适合结果很明确且中段能展示过程的素材；本条结果锚点：腰细/胯小/腿细。,如果只有结果字幕，没有动作过程或证据，开头会像硬广告。 风险词需要克制处理：单一方法过度承诺。,分步口令/计数教学,字幕口令/次数证据,高：开头问题、中段动作/解释、结尾收束基本闭环,轻行动/跟练指令收束,适合中段已经交付动作或原因后，用低压跟练、收藏、咨询入口收住。,如果中段未兑现，结尾直接行动号召会像硬转化。,结果前置后必须接过程证据或动作演示，结尾只能轻重申结果，不能再叠加新承诺。,从结果承诺和动作起势同时出现处开始，若前面有适用人群要一并保留。,留到跟练/收藏/咨询等轻行动完整出现；若出现强转化，交人工决定是否删减。,动作被遮挡、缺发力点/方向/次数，或只剩结果口号时放弃。,效果承诺‘腿细了胯缩小了’需业务事实待确认,high_existing_analysis,时间码：00:00:00.000-00:00:36.641；关键帧：0s:标题钩子；7s:开始示范；14s:吸气膝盖向两侧；22s:呼气收开；29s:感受下腹部；36s:向中间聚拢集中；证据索引：0s:标题钩子
fv_0077,只需一个动作臀饱满了腰细了6.11.mp4,人群点名 + 低门槛动作 + 坚持建议,body_care_knowledge,年龄点名,40岁/40+女性；女性/姐妹；臀凹陷/妈妈臀/扁平臀,40岁/40+女性,女性/姐妹,臀凹陷/妈妈臀/扁平臀,妈妈臀/臀凹陷/臀扁平,臀翘/臀饱满/蜜桃臀；腰细/胯小/腿细,单一方法过度承诺,结果承诺前置型,适合结果很明确且中段能展示过程的素材；本条结果锚点：臀翘/臀饱满/蜜桃臀；腰细/胯小/腿细。,如果只有结果字幕，没有动作过程或证据，开头会像硬广告。 风险词需要克制处理：单一方法过度承诺。,错误-正确对比拆解；单动作循环演示,对比画面/反例证据；连续动作帧证据,高：开头问题、中段动作/解释、结尾收束基本闭环,轻行动/跟练指令收束,适合中段已经交付动作或原因后，用低压跟练、收藏、咨询入口收住。,如果中段未兑现，结尾直接行动号召会像硬转化。,结果前置后必须接过程证据或动作演示，结尾只能轻重申结果，不能再叠加新承诺。,从结果承诺和动作起势同时出现处开始，若前面有适用人群要一并保留。,留到跟练/收藏/咨询等轻行动完整出现；若出现强转化，交人工决定是否删减。,动作被遮挡、缺发力点/方向/次数，或只剩结果口号时放弃。,效果承诺‘臀饱满腰细’需业务事实待确认,high_existing_analysis,时间码：00:00:00.000-00:00:10.356；关键帧：6帧均为同女性坐姿练臀，配臀腰对比图、文字‘每天5分钟瑜伽小球’‘40+女性都在练习’；动作微变，核心信息重复强化；证据索引：6帧均为同女性坐姿练臀，配臀腰对比图、文字‘每天5分钟瑜伽小球’‘40+女性都在练习’
fv_0078,只需一个动作臀饱满盆底肌J致了6.12.mp4,人群点名 + 痛点放大 + 单动作演示 + 坚持建议,body_care_knowledge,身体状态点名,女性/姐妹；漏尿/漏水/漏气人群；盆底松弛/盆底无力；臀凹陷/妈妈臀/扁平臀,无显式年龄,女性/姐妹,漏尿/漏水/漏气人群；盆底松弛/盆底无力；臀凹陷/妈妈臀/扁平臀,漏尿漏水尴尬；盆底松弛无力；妈妈臀/臀凹陷/臀扁平；假胯宽/骨盆外翻/体态问题,臀翘/臀饱满/蜜桃臀；盆底紧致/八爪鱼/抓握力；腰细/胯小/腿细；漏尿漏水改善,单一方法过度承诺；医学/健康边界风险；效果承诺风险,结果承诺前置型,适合结果很明确且中段能展示过程的素材；本条结果锚点：臀翘/臀饱满/蜜桃臀；盆底紧致/八爪鱼/抓握力；腰细/胯小/腿细；漏尿漏水改善。,如果只有结果字幕，没有动作过程或证据，开头会像硬广告。 风险词需要克制处理：单一方法过度承诺；医学/健康边界风险；效果承诺风险。,分步口令/计数教学；单动作循环演示；图解/解剖辅助说明,字幕口令/次数证据；连续动作帧证据；图示/标注证据；效果对比或结果提示证据,高：开头问题、中段动作/解释、结尾收束基本闭环,轻行动/跟练指令收束,适合中段已经交付动作或原因后，用低压跟练、收藏、咨询入口收住。,如果中段未兑现，结尾直接行动号召会像硬转化。,结果前置后必须接过程证据或动作演示，结尾只能轻重申结果，不能再叠加新承诺。,从结果承诺和动作起势同时出现处开始，若前面有适用人群要一并保留。,留到跟练/收藏/咨询等轻行动完整出现；若出现强转化，交人工决定是否删减。,痛点没有被原因、动作或证据兑现时放弃，不能靠字幕硬接。,效果承诺‘改善漏尿/收胯瘦腿’需业务事实待确认,high_existing_analysis,时间码：00:00:00.000-00:00:13.816；关键帧：6帧均为女性盘坐演示同一动作，叠加‘盆底肌练习’标题与三月进度图；字幕重复‘每天100下不松不漏了身材更好了’；证据索引：6帧均为女性盘坐演示同一动作，叠加‘盆底肌练习’标题与三月进度图
fv_0079,只需一个小球内脏下垂不见了.mp4,痛点可视化 + 解决方案 + 效果对比 + 行动指令,body_care_knowledge,身体状态点名,小腹凸/悬垂腹/腹压问题；膨出/脱垂/下垂,无显式年龄,无显式身份,小腹凸/悬垂腹/腹压问题；膨出/脱垂/下垂,小腹凸/腹压/悬垂腹；膨出脱垂/下垂,无明确结果触发,单一方法过度承诺；医学/健康边界风险；效果承诺风险,结果承诺前置型,适合结果很明确且中段能展示过程的素材；本条结果锚点：无明确结果触发。,如果只有结果字幕，没有动作过程或证据，开头会像硬广告。 风险词需要克制处理：单一方法过度承诺；医学/健康边界风险；效果承诺风险。,分步口令/计数教学；图解/解剖辅助说明,字幕口令/次数证据；图示/标注证据,高：开头问题、中段动作/解释、结尾收束基本闭环,轻行动/跟练指令收束,适合中段已经交付动作或原因后，用低压跟练、收藏、咨询入口收住。,如果中段未兑现，结尾直接行动号召会像硬转化。,结果前置后必须接过程证据或动作演示，结尾只能轻重申结果，不能再叠加新承诺。,从结果承诺和动作起势同时出现处开始，若前面有适用人群要一并保留。,留到跟练/收藏/咨询等轻行动完整出现；若出现强转化，交人工决定是否删减。,痛点没有被原因、动作或证据兑现时放弃，不能靠字幕硬接。,业务事实待确认：内脏下垂是否可仅靠小球+该动作改善,high_existing_analysis,时间码：00:00:00.000-00:00:42.934；关键帧：0s:标题钩子+起始姿势；8.6s:膝屈90°+收盆底肌；17.2s:呼气；25.8s:腹横肌启动吸气；34.3s:腹部上收完成；42.9s:最终姿态定格；证据索引：0s:标题钩子+起始姿势
fv_0080,只需一个小球告别跑跳漏水困扰.mp4,痛点可视化 + 解决方案 + 效果对比 + 行动指令,problem_solution,身体状态点名,漏尿/漏水/漏气人群；盆底松弛/盆底无力,无显式年龄,无显式身份,漏尿/漏水/漏气人群；盆底松弛/盆底无力,漏尿漏水尴尬；盆底松弛无力,盆底紧致/八爪鱼/抓握力；漏尿漏水改善,单一方法过度承诺；效果承诺风险,结果承诺前置型,适合结果很明确且中段能展示过程的素材；本条结果锚点：盆底紧致/八爪鱼/抓握力；漏尿漏水改善。,如果只有结果字幕，没有动作过程或证据，开头会像硬广告。 风险词需要克制处理：单一方法过度承诺；效果承诺风险。,错误-正确对比拆解；分步口令/计数教学；图解/解剖辅助说明,对比画面/反例证据；字幕口令/次数证据；图示/标注证据；效果对比或结果提示证据,高：开头问题、中段动作/解释、结尾收束基本闭环,轻行动/跟练指令收束,适合中段已经交付动作或原因后，用低压跟练、收藏、咨询入口收住。,如果中段未兑现，结尾直接行动号召会像硬转化。,结果前置后必须接过程证据或动作演示，结尾只能轻重申结果，不能再叠加新承诺。,从结果承诺和动作起势同时出现处开始，若前面有适用人群要一并保留。,留到跟练/收藏/咨询等轻行动完整出现；若出现强转化，交人工决定是否删减。,痛点没有被原因、动作或证据兑现时放弃，不能靠字幕硬接。,盆底肌改善效果属健康宣称，业务事实待确认,high_existing_analysis,"时间码：00:00:00,00:00:05,00:00:11,00:00:17,00:00:22,00:00:28；关键帧：00:00:00标题痛点；00:00:05提臀100次；00:00:11腰腹收紧+对比图；00:00:17盆底肌示意图；00:00:22病理对比；00:00:28买瑜伽球指令；证据索引：00:00:00标题痛点"
fv_0081,只需一个小球拯救妈妈臀臀凹陷.mp4,痛点可视化 + 解决方案 + 效果对比 + 行动指令,body_care_knowledge,身份点名,产后妈妈/宝妈；臀凹陷/妈妈臀/扁平臀,无显式年龄,产后妈妈/宝妈,臀凹陷/妈妈臀/扁平臀,妈妈臀/臀凹陷/臀扁平,无明确结果触发,单一方法过度承诺；效果承诺风险,痛点可视化/问题先抛型,适合能把身体困扰具体化的素材；本条痛点锚点：妈妈臀/臀凹陷/臀扁平。,如果痛点太大但中段只给无关动作，开头会显得焦虑化且不兑现。 风险词需要克制处理：单一方法过度承诺；效果承诺风险。,分步口令/计数教学,字幕口令/次数证据,高：开头问题、中段动作/解释、结尾收束基本闭环,轻行动/跟练指令收束,适合中段已经交付动作或原因后，用低压跟练、收藏、咨询入口收住。,如果中段未兑现，结尾直接行动号召会像硬转化。,痛点开头后必须接原因、动作或可见方案，结尾用跟练/注意事项收住。,向前保留痛点出现前的主语和第一帧痛点画面，不能只截结果词。,留到跟练/收藏/咨询等轻行动完整出现；若出现强转化，交人工决定是否删减。,痛点没有被原因、动作或证据兑现时放弃，不能靠字幕硬接。,‘拯救妈妈臀凹陷’效果承诺需业务事实待确认,high_existing_analysis,"时间码：00:00:00.000,00:00:05.930,00:00:11.861,00:00:17.791,00:00:23.722,00:00:29.652；关键帧：T0:标题+跪姿准备；T1:夹球；T2:单腿后抬；T3:动态维持；T4:回落调整；T5:成果示意+字幕号召；证据索引：T0:标题+跪姿准备"
fv_0082,只需一个小球练出紧致的盆底肌.mp4,人群点名 + 低门槛动作 + 坚持建议,body_care_knowledge,身体状态点名,盆底松弛/盆底无力；小腹凸/悬垂腹/腹压问题,无显式年龄,无显式身份,盆底松弛/盆底无力；小腹凸/悬垂腹/腹压问题,盆底松弛无力；小腹凸/腹压/悬垂腹,盆底紧致/八爪鱼/抓握力,单一方法过度承诺,结果承诺前置型,适合结果很明确且中段能展示过程的素材；本条结果锚点：盆底紧致/八爪鱼/抓握力。,如果只有结果字幕，没有动作过程或证据，开头会像硬广告。 风险词需要克制处理：单一方法过度承诺。,分步口令/计数教学,字幕口令/次数证据,高：开头问题、中段动作/解释、结尾收束基本闭环,轻行动/跟练指令收束,适合中段已经交付动作或原因后，用低压跟练、收藏、咨询入口收住。,如果中段未兑现，结尾直接行动号召会像硬转化。,结果前置后必须接过程证据或动作演示，结尾只能轻重申结果，不能再叠加新承诺。,从结果承诺和动作起势同时出现处开始，若前面有适用人群要一并保留。,留到跟练/收藏/咨询等轻行动完整出现；若出现强转化，交人工决定是否删减。,动作被遮挡、缺发力点/方向/次数，或只剩结果口号时放弃。,效果承诺‘练出紧致盆底肌’需业务事实待确认,high_existing_analysis,时间码：00:00:00.000–00:00:38.777；关键帧：0s:标题+桥式起始；7.76s:屈膝抱球稳定核心；15.51s:单腿抬高；23.27s:交替腿伸展；31.02s:侧卧过渡；38.78s:仰卧放松收尾；证据索引：0s:标题+桥式起始
fv_0083,只需一个小球腰细了臀部翘了.mp4,痛点可视化 + 解决方案 + 效果对比 + 行动指令,body_care_knowledge,年龄点名,40岁/40+女性；女性/姐妹；臀凹陷/妈妈臀/扁平臀,40岁/40+女性,女性/姐妹,臀凹陷/妈妈臀/扁平臀,妈妈臀/臀凹陷/臀扁平,臀翘/臀饱满/蜜桃臀；腰细/胯小/腿细,单一方法过度承诺；效果承诺风险,结果承诺前置型,适合结果很明确且中段能展示过程的素材；本条结果锚点：臀翘/臀饱满/蜜桃臀；腰细/胯小/腿细。,如果只有结果字幕，没有动作过程或证据，开头会像硬广告。 风险词需要克制处理：单一方法过度承诺；效果承诺风险。,单动作循环演示,连续动作帧证据；效果对比或结果提示证据,高：开头问题、中段动作/解释、结尾收束基本闭环,轻行动/跟练指令收束,适合中段已经交付动作或原因后，用低压跟练、收藏、咨询入口收住。,如果中段未兑现，结尾直接行动号召会像硬转化。,结果前置后必须接过程证据或动作演示，结尾只能轻重申结果，不能再叠加新承诺。,从结果承诺和动作起势同时出现处开始，若前面有适用人群要一并保留。,留到跟练/收藏/咨询等轻行动完整出现；若出现强转化，交人工决定是否删减。,痛点没有被原因、动作或证据兑现时放弃，不能靠字幕硬接。,效果承诺‘腰细臀翘’需业务事实待确认,high_existing_analysis,时间码：00:00:00.000-00:00:12.655；关键帧：6帧均为同一女性坐姿用小球训练，字幕统一：高位女性练盆底、每天5分钟、核心有力、腰平腹细臀翘、40+女性去练；证据索引：6帧均为同一女性坐姿用小球训练，字幕统一：高位女性练盆底、每天5分钟、核心有力、腰平腹细臀翘、40+女性去练
fv_0084,只需一个小球让盆底肌越练越紧.mp4,人群点名 + 低门槛动作 + 坚持建议,body_care_knowledge,泛人群/场景点名,未显式细分_基于画面或标题待复核,无显式年龄,无显式身份,无显式身体状态,无明确痛点触发,盆底紧致/八爪鱼/抓握力,单一方法过度承诺,结果承诺前置型,适合结果很明确且中段能展示过程的素材；本条结果锚点：盆底紧致/八爪鱼/抓握力。,如果只有结果字幕，没有动作过程或证据，开头会像硬广告。 风险词需要克制处理：单一方法过度承诺。,分步口令/计数教学,字幕口令/次数证据,高：开头问题、中段动作/解释、结尾收束基本闭环,动作完成/视觉定型收束,适合动作教学类素材，保留动作完成位或定型姿态。,如果动作还没完成就切掉，结尾会断。,结果前置后必须接过程证据或动作演示，结尾只能轻重申结果，不能再叠加新承诺。,从结果承诺和动作起势同时出现处开始，若前面有适用人群要一并保留。,留到动作定型或最后一次完整循环结束，避免切在半个动作。,动作被遮挡、缺发力点/方向/次数，或只剩结果口号时放弃。,盆底肌训练效果承诺需业务事实待确认,high_existing_analysis,时间码：00:00:00.000-00:00:38.289；关键帧：0s持球坐姿预告；7.66s向两边拨开；15.32s坐骨定位；22.97s左右下压提拉；30.63s带动坐骨；38.29s收势微笑；证据索引：0s持球坐姿预告
fv_0085,只需一个小球跑跳尴尬没有了.mp4,痛点可视化 + 解决方案 + 效果对比 + 行动指令,movement_correction,身体状态点名,漏尿/漏水/漏气人群,无显式年龄,无显式身份,漏尿/漏水/漏气人群,漏尿漏水尴尬,漏尿漏水改善,单一方法过度承诺；效果承诺风险,结果承诺前置型,适合结果很明确且中段能展示过程的素材；本条结果锚点：漏尿漏水改善。,如果只有结果字幕，没有动作过程或证据，开头会像硬广告。 风险词需要克制处理：单一方法过度承诺；效果承诺风险。,分步口令/计数教学,字幕口令/次数证据；效果对比或结果提示证据,高：开头问题、中段动作/解释、结尾收束基本闭环,轻行动/跟练指令收束,适合中段已经交付动作或原因后，用低压跟练、收藏、咨询入口收住。,如果中段未兑现，结尾直接行动号召会像硬转化。,结果前置后必须接过程证据或动作演示，结尾只能轻重申结果，不能再叠加新承诺。,从结果承诺和动作起势同时出现处开始，若前面有适用人群要一并保留。,留到跟练/收藏/咨询等轻行动完整出现；若出现强转化，交人工决定是否删减。,痛点没有被原因、动作或证据兑现时放弃，不能靠字幕硬接。,业务事实待确认：小球跑跳对盆底肌改善效果,high_existing_analysis,"时间码：00:00:00.000, 00:00:04.421, 00:00:08.842, 00:00:13.263, 00:00:17.684, 00:00:22.105；关键帧：0s：前后摆动100次；4.4s：坐姿标准示范；8.8s：强调盆底肌；13.3s：左右提臀100次；17.7s：上下拍打100次；22.1s：点题‘跑跳尴尬的小问题’；证据索引：0s：前后摆动100次"
fv_0086,只需一个瑜伽小球就能锻炼盆底肌6.16.mp4,人群点名 + 低门槛动作 + 坚持建议,sports_teaching,身体状态点名,女性/姐妹；盆底松弛/盆底无力；膨出/脱垂/下垂,无显式年龄,女性/姐妹,盆底松弛/盆底无力；膨出/脱垂/下垂,盆底松弛无力；膨出脱垂/下垂,盆底紧致/八爪鱼/抓握力,单一方法过度承诺,结果承诺前置型,适合结果很明确且中段能展示过程的素材；本条结果锚点：盆底紧致/八爪鱼/抓握力。,如果只有结果字幕，没有动作过程或证据，开头会像硬广告。 风险词需要克制处理：单一方法过度承诺。,分步口令/计数教学；单动作循环演示,字幕口令/次数证据；连续动作帧证据,高：开头问题、中段动作/解释、结尾收束基本闭环,动作完成/视觉定型收束,适合动作教学类素材，保留动作完成位或定型姿态。,如果动作还没完成就切掉，结尾会断。,结果前置后必须接过程证据或动作演示，结尾只能轻重申结果，不能再叠加新承诺。,从结果承诺和动作起势同时出现处开始，若前面有适用人群要一并保留。,留到动作定型或最后一次完整循环结束，避免切在半个动作。,动作被遮挡、缺发力点/方向/次数，或只剩结果口号时放弃。,业务事实待确认：瑜伽小球对盆底肌锻炼效果需医学依据,high_existing_analysis,时间码：00:00:00.000-00:00:19.435；关键帧：6帧均为同一女性坐姿演示盆底肌收缩动作，配合‘紧致/下垂/4指’等字幕提示，动作幅度微调循环，无场景/服装/道具变化；证据索引：6帧均为同一女性坐姿演示盆底肌收缩动作，配合‘紧致/下垂/4指’等字幕提示，动作幅度微调循环，无场景/服装/道具变化
fv_0087,只需一个瑜伽小球轻松养出好体态6.1（5）.mp4,人群点名 + 低门槛动作 + 坚持建议,sports_teaching,泛人群/场景点名,未显式细分_基于画面或标题待复核,无显式年龄,无显式身份,无显式身体状态,假胯宽/骨盆外翻/体态问题；抗衰/好状态焦虑,体态改善/抗衰状态,单一方法过度承诺；效果承诺风险,结果承诺前置型,适合结果很明确且中段能展示过程的素材；本条结果锚点：体态改善/抗衰状态。,如果只有结果字幕，没有动作过程或证据，开头会像硬广告。 风险词需要克制处理：单一方法过度承诺；效果承诺风险。,分步口令/计数教学；图解/解剖辅助说明,字幕口令/次数证据；图示/标注证据,高：开头问题、中段动作/解释、结尾收束基本闭环,结果/价值重申收束,适合结果前置或痛点解决类视频，用结果回扣前文价值。,如果结果承诺没有过程证据，结尾会显得夸大。,结果前置后必须接过程证据或动作演示，结尾只能轻重申结果，不能再叠加新承诺。,从结果承诺和动作起势同时出现处开始，若前面有适用人群要一并保留。,留到结果回扣前文价值，不要额外拼接新结果。,动作被遮挡、缺发力点/方向/次数，或只剩结果口号时放弃。,‘养出好体态’效果承诺需业务事实待确认,high_existing_analysis,"时间码：00:00, 00:03.67, 00:07.34, 00:11.01, 00:14.68, 00:18.34；关键帧：00:00背坐椅球；00:03.67坐球微屈膝；00:07.34侧坐讲盆底肌；00:11.01魔力转圈；00:14.68上下拍打；00:18.34跪姿跳水+卡通贴图；证据索引：00:00背坐椅球"
fv_0088,只需一个瑜伽小球髋灵活了臀翘了6.8.mp4,痛点可视化 + 解决方案 + 效果对比 + 行动指令,sports_teaching,身体状态点名,臀凹陷/妈妈臀/扁平臀,无显式年龄,无显式身份,臀凹陷/妈妈臀/扁平臀,妈妈臀/臀凹陷/臀扁平；假胯宽/骨盆外翻/体态问题,臀翘/臀饱满/蜜桃臀,单一方法过度承诺；效果承诺风险,结果承诺前置型,适合结果很明确且中段能展示过程的素材；本条结果锚点：臀翘/臀饱满/蜜桃臀。,如果只有结果字幕，没有动作过程或证据，开头会像硬广告。 风险词需要克制处理：单一方法过度承诺；效果承诺风险。,错误-正确对比拆解；图解/解剖辅助说明；原因解释/归因讲解,对比画面/反例证据；图示/标注证据；口播或字幕解释证据；效果对比或结果提示证据,高：开头问题、中段动作/解释、结尾收束基本闭环,轻行动/跟练指令收束,适合中段已经交付动作或原因后，用低压跟练、收藏、咨询入口收住。,如果中段未兑现，结尾直接行动号召会像硬转化。,结果前置后必须接过程证据或动作演示，结尾只能轻重申结果，不能再叠加新承诺。,从结果承诺和动作起势同时出现处开始，若前面有适用人群要一并保留。,留到跟练/收藏/咨询等轻行动完整出现；若出现强转化，交人工决定是否删减。,痛点没有被原因、动作或证据兑现时放弃，不能靠字幕硬接。,臀翘效果承诺需业务事实待确认,high_existing_analysis,"时间码：00:00:00,00:00:02,00:00:04,00:00:07,00:00:09,00:00:11；关键帧：00:00:00背坐球+标题；00:00:02侧身+骨盆图解；00:00:04手扶头+修复前后图；00:00:07跨坐球+修复箭头图；00:00:09正坐+科技费文字；00:00:11侧展+臀翘结果图；证据索引：00:00:00背坐球+标题"
fv_0089,只需三个动作帮你瘦臀瘦肚子.mp4,痛点可视化 + 解决方案 + 效果对比 + 行动指令,sports_teaching,身体状态点名,盆底松弛/盆底无力,无显式年龄,无显式身份,盆底松弛/盆底无力,盆底松弛无力；假胯宽/骨盆外翻/体态问题,无明确结果触发,单一方法过度承诺；效果承诺风险,结果承诺前置型,适合结果很明确且中段能展示过程的素材；本条结果锚点：无明确结果触发。,如果只有结果字幕，没有动作过程或证据，开头会像硬广告。 风险词需要克制处理：单一方法过度承诺；效果承诺风险。,错误-正确对比拆解；分步口令/计数教学；多动作组合演示；图解/解剖辅助说明,对比画面/反例证据；字幕口令/次数证据；多动作段落证据；图示/标注证据,高：开头问题、中段动作/解释、结尾收束基本闭环,轻行动/跟练指令收束,适合中段已经交付动作或原因后，用低压跟练、收藏、咨询入口收住。,如果中段未兑现，结尾直接行动号召会像硬转化。,结果前置后必须接过程证据或动作演示，结尾只能轻重申结果，不能再叠加新承诺。,从结果承诺和动作起势同时出现处开始，若前面有适用人群要一并保留。,留到跟练/收藏/咨询等轻行动完整出现；若出现强转化，交人工决定是否删减。,痛点没有被原因、动作或证据兑现时放弃，不能靠字幕硬接。,瘦臀瘦肚子效果承诺需业务事实待确认,high_existing_analysis,"时间码：00:00:00.000, 00:00:03.850, 00:00:07.700, 00:00:11.549, 00:00:15.399, 00:00:19.249；关键帧：0s:臀腹对比图+标题；3.85s:动态臀桥演示+100次标注；7.7s:仰卧抬臀动作+每日指令；11.55s:骨内侧收紧图示；15.4s:钻石臀桥+100次；19.25s:线条流畅对比+完成态；证据索引：0s:臀腹对比图+标题"
fv_0090,只需三个动作臀饱满腰背挺拔6.15.mp4,人群点名 + 低门槛动作 + 坚持建议,movement_correction,身体状态点名,臀凹陷/妈妈臀/扁平臀,无显式年龄,无显式身份,臀凹陷/妈妈臀/扁平臀,妈妈臀/臀凹陷/臀扁平,臀翘/臀饱满/蜜桃臀,单一方法过度承诺；效果承诺风险,结果承诺前置型,适合结果很明确且中段能展示过程的素材；本条结果锚点：臀翘/臀饱满/蜜桃臀。,如果只有结果字幕，没有动作过程或证据，开头会像硬广告。 风险词需要克制处理：单一方法过度承诺；效果承诺风险。,错误-正确对比拆解；分步口令/计数教学；多动作组合演示,对比画面/反例证据；字幕口令/次数证据；多动作段落证据；效果对比或结果提示证据,高：开头问题、中段动作/解释、结尾收束基本闭环,轻行动/跟练指令收束,适合中段已经交付动作或原因后，用低压跟练、收藏、咨询入口收住。,如果中段未兑现，结尾直接行动号召会像硬转化。,结果前置后必须接过程证据或动作演示，结尾只能轻重申结果，不能再叠加新承诺。,从结果承诺和动作起势同时出现处开始，若前面有适用人群要一并保留。,留到跟练/收藏/咨询等轻行动完整出现；若出现强转化，交人工决定是否删减。,动作被遮挡、缺发力点/方向/次数，或只剩结果口号时放弃。,臀部形态改善效果承诺需业务事实待确认,high_existing_analysis,"时间码：00:00:00.000,00:00:03.274,00:00:06.548,00:00:09.822,00:00:13.096,00:00:16.370；关键帧：1.仰卧抬臀起始+标题；2.动态臀桥+100次指令；3.保持姿势+每日坚持；4.坐姿收盆底+目标说明；5.坐姿滚动+100次量化；6.坐姿上翘+效果图对比；证据索引：1.仰卧抬臀起始+标题"
fv_0091,只需三个动作让P底紧致Q弹.mp4,痛点可视化 + 解决方案 + 效果对比 + 行动指令,body_care_knowledge,身体状态点名,盆底松弛/盆底无力；小腹凸/悬垂腹/腹压问题；臀凹陷/妈妈臀/扁平臀,无显式年龄,无显式身份,盆底松弛/盆底无力；小腹凸/悬垂腹/腹压问题；臀凹陷/妈妈臀/扁平臀,盆底松弛无力；妈妈臀/臀凹陷/臀扁平,小腹平/肚子平；臀翘/臀饱满/蜜桃臀,单一方法过度承诺；效果承诺风险,结果承诺前置型,适合结果很明确且中段能展示过程的素材；本条结果锚点：小腹平/肚子平；臀翘/臀饱满/蜜桃臀。,如果只有结果字幕，没有动作过程或证据，开头会像硬广告。 风险词需要克制处理：单一方法过度承诺；效果承诺风险。,分步口令/计数教学；单动作循环演示；多动作组合演示；图解/解剖辅助说明,字幕口令/次数证据；连续动作帧证据；多动作段落证据；图示/标注证据；效果对比或结果提示证据,高：开头问题、中段动作/解释、结尾收束基本闭环,轻行动/跟练指令收束,适合中段已经交付动作或原因后，用低压跟练、收藏、咨询入口收住。,如果中段未兑现，结尾直接行动号召会像硬转化。,结果前置后必须接过程证据或动作演示，结尾只能轻重申结果，不能再叠加新承诺。,从结果承诺和动作起势同时出现处开始，若前面有适用人群要一并保留。,留到跟练/收藏/咨询等轻行动完整出现；若出现强转化，交人工决定是否删减。,痛点没有被原因、动作或证据兑现时放弃，不能靠字幕硬接。,效果承诺‘P底紧致Q弹’需医学依据确认；业务事实待确认,high_existing_analysis,时间码：00:00:00.000-00:00:16.138；关键帧：六帧均含统一字幕‘一个小球三个动作’及效果描述；人物依次演示仰卧夹球、侧卧抬腿、跪姿后伸等动作；左下角持续展示解剖图/器械图辅助说明；证据索引：六帧均含统一字幕‘一个小球三个动作’及效果描述
fv_0092,只需两个动作肚子平了臀翘了.mp4,人群点名 + 低门槛动作 + 坚持建议,sports_teaching,身体状态点名,40岁/40+女性；女性/姐妹；小腹凸/悬垂腹/腹压问题；臀凹陷/妈妈臀/扁平臀,40岁/40+女性,女性/姐妹,小腹凸/悬垂腹/腹压问题；臀凹陷/妈妈臀/扁平臀,妈妈臀/臀凹陷/臀扁平,小腹平/肚子平；臀翘/臀饱满/蜜桃臀,单一方法过度承诺；效果承诺风险,结果承诺前置型,适合结果很明确且中段能展示过程的素材；本条结果锚点：小腹平/肚子平；臀翘/臀饱满/蜜桃臀。,如果只有结果字幕，没有动作过程或证据，开头会像硬广告。 风险词需要克制处理：单一方法过度承诺；效果承诺风险。,错误-正确对比拆解；分步口令/计数教学；单动作循环演示；多动作组合演示,对比画面/反例证据；字幕口令/次数证据；连续动作帧证据；多动作段落证据；效果对比或结果提示证据,高：开头问题、中段动作/解释、结尾收束基本闭环,轻行动/跟练指令收束,适合中段已经交付动作或原因后，用低压跟练、收藏、咨询入口收住。,如果中段未兑现，结尾直接行动号召会像硬转化。,结果前置后必须接过程证据或动作演示，结尾只能轻重申结果，不能再叠加新承诺。,从结果承诺和动作起势同时出现处开始，若前面有适用人群要一并保留。,留到跟练/收藏/咨询等轻行动完整出现；若出现强转化，交人工决定是否删减。,动作被遮挡、缺发力点/方向/次数，或只剩结果口号时放弃。,效果承诺‘肚子平了臀翘了’需业务事实待确认,high_existing_analysis,时间码：00:00:00.000-00:00:16.045；关键帧：6帧均为同一女性跪坐瑜伽球演示盆底肌训练动作，字幕统一强调高频练习与效果，左下角始终展示‘练习前/后’对比图；证据索引：6帧均为同一女性跪坐瑜伽球演示盆底肌训练动作，字幕统一强调高频练习与效果，左下角始终展示‘练习前/后’对比图
fv_0093,只需四个动作告别松弛漏水尴尬.mp4,痛点问题 + 原因解释 + 方法交付,movement_correction,身体状态点名,漏尿/漏水/漏气人群；盆底松弛/盆底无力,无显式年龄,无显式身份,漏尿/漏水/漏气人群；盆底松弛/盆底无力,漏尿漏水尴尬；盆底松弛无力,漏尿漏水改善,单一方法过度承诺；效果承诺风险,结果承诺前置型,适合结果很明确且中段能展示过程的素材；本条结果锚点：漏尿漏水改善。,如果只有结果字幕，没有动作过程或证据，开头会像硬广告。 风险词需要克制处理：单一方法过度承诺；效果承诺风险。,分步口令/计数教学；多动作组合演示；图解/解剖辅助说明,字幕口令/次数证据；多动作段落证据；图示/标注证据；效果对比或结果提示证据,高：开头问题、中段动作/解释、结尾收束基本闭环,轻行动/跟练指令收束,适合中段已经交付动作或原因后，用低压跟练、收藏、咨询入口收住。,如果中段未兑现，结尾直接行动号召会像硬转化。,结果前置后必须接过程证据或动作演示，结尾只能轻重申结果，不能再叠加新承诺。,从结果承诺和动作起势同时出现处开始，若前面有适用人群要一并保留。,留到跟练/收藏/咨询等轻行动完整出现；若出现强转化，交人工决定是否删减。,痛点没有被原因、动作或证据兑现时放弃，不能靠字幕硬接。,‘漏水’效果承诺需医学验证；解剖图示意非真实影像，业务事实待确认,high_existing_analysis,"时间码：00:00:00,00:00:04,00:00:08,00:00:12,00:00:16,00:00:20；关键帧：F1:侧坐椅+盆底肌松弛字幕+解剖图；F2/F3:前后移动100次；F4:左右提臀100次；F5/F6:上下拍打100次+收腹站姿；证据索引：F1:侧坐椅+盆底肌松弛字幕+解剖图"
fv_0094,只需四个动作臀翘了小肚子平了.mp4,人群点名 + 痛点放大 + 单动作演示 + 坚持建议,body_care_knowledge,身体状态点名,30岁/30+女性；女性/姐妹；盆底松弛/盆底无力；小腹凸/悬垂腹/腹压问题；臀凹陷/妈妈臀/扁平臀,30岁/30+女性,女性/姐妹,盆底松弛/盆底无力；小腹凸/悬垂腹/腹压问题；臀凹陷/妈妈臀/扁平臀,盆底松弛无力；小腹凸/腹压/悬垂腹；妈妈臀/臀凹陷/臀扁平；假胯宽/骨盆外翻/体态问题,小腹平/肚子平；臀翘/臀饱满/蜜桃臀；盆底紧致/八爪鱼/抓握力,单一方法过度承诺；效果承诺风险,结果承诺前置型,适合结果很明确且中段能展示过程的素材；本条结果锚点：小腹平/肚子平；臀翘/臀饱满/蜜桃臀；盆底紧致/八爪鱼/抓握力。,如果只有结果字幕，没有动作过程或证据，开头会像硬广告。 风险词需要克制处理：单一方法过度承诺；效果承诺风险。,错误-正确对比拆解；分步口令/计数教学；单动作循环演示；多动作组合演示,对比画面/反例证据；字幕口令/次数证据；连续动作帧证据；多动作段落证据,高：开头问题、中段动作/解释、结尾收束基本闭环,轻行动/跟练指令收束,适合中段已经交付动作或原因后，用低压跟练、收藏、咨询入口收住。,如果中段未兑现，结尾直接行动号召会像硬转化。,结果前置后必须接过程证据或动作演示，结尾只能轻重申结果，不能再叠加新承诺。,从结果承诺和动作起势同时出现处开始，若前面有适用人群要一并保留。,留到跟练/收藏/咨询等轻行动完整出现；若出现强转化，交人工决定是否删减。,痛点没有被原因、动作或证据兑现时放弃，不能靠字幕硬接。,效果承诺'臀翘了小肚子平了'需业务事实待确认,high_existing_analysis,时间码：00:00:00.000-00:00:16.974；关键帧：六帧均为同一女性坐椅夹球演示，顶部三帧为腰臀对比图+文字钩子，底部三帧为动作连续微调；字幕完全一致强调年龄痛点、四动作、100次/天、盆底肌核心；证据索引：六帧均为同一女性坐椅夹球演示，顶部三帧为腰臀对比图+文字钩子，底部三帧为动作连续微调
fv_0095,四个动作修复盆底肌.mp4,痛点可视化 + 解决方案 + 效果对比 + 行动指令,body_care_knowledge,身份点名,产后妈妈/宝妈；盆底松弛/盆底无力,无显式年龄,产后妈妈/宝妈,盆底松弛/盆底无力,盆底松弛无力；假胯宽/骨盆外翻/体态问题,盆底紧致/八爪鱼/抓握力,效果承诺风险,结果承诺前置型,适合结果很明确且中段能展示过程的素材；本条结果锚点：盆底紧致/八爪鱼/抓握力。,如果只有结果字幕，没有动作过程或证据，开头会像硬广告。 风险词需要克制处理：效果承诺风险。,错误-正确对比拆解；分步口令/计数教学；多动作组合演示；图解/解剖辅助说明,对比画面/反例证据；字幕口令/次数证据；多动作段落证据；图示/标注证据；效果对比或结果提示证据,高：开头问题、中段动作/解释、结尾收束基本闭环,风险提醒收束,适合误区、禁忌、健康边界较强的内容，结尾要留到提醒说完。,如果前文没有解释风险来源，结尾突然提醒会像吓人。,结果前置后必须接过程证据或动作演示，结尾只能轻重申结果，不能再叠加新承诺。,从结果承诺和动作起势同时出现处开始，若前面有适用人群要一并保留。,必须留到风险提醒/注意事项完整说完，必要时向后多留3-10秒。,痛点没有被原因、动作或证据兑现时放弃，不能靠字幕硬接。,业务事实待确认：动作次数有效性、‘修复’效果承诺依据,high_existing_analysis,"时间码：00:00:00.000,00:00:06.515,00:00:13.031,00:00:19.546,00:00:26.062,00:00:32.577；关键帧：T0:抱拳桥动作+文字；T6.5:解剖图示紧致状态；T13:恢复中立位；T19.5:髋骨外扩对比；T26:甩骨盆动作；T32.6:盆底松C困扰图示；证据索引：T0:抱拳桥动作+文字"
fv_0096,四个动作告别跑跳漏水的问题6.1（2）.mp4,痛点问题 + 原因解释 + 方法交付,movement_correction,身份点名,产后妈妈/宝妈；漏尿/漏水/漏气人群,无显式年龄,产后妈妈/宝妈,漏尿/漏水/漏气人群,漏尿漏水尴尬,漏尿漏水改善,医学/健康边界风险；效果承诺风险,结果承诺前置型,适合结果很明确且中段能展示过程的素材；本条结果锚点：漏尿漏水改善。,如果只有结果字幕，没有动作过程或证据，开头会像硬广告。 风险词需要克制处理：医学/健康边界风险；效果承诺风险。,分步口令/计数教学；多动作组合演示,字幕口令/次数证据；多动作段落证据；效果对比或结果提示证据,高：开头问题、中段动作/解释、结尾收束基本闭环,结果/价值重申收束,适合结果前置或痛点解决类视频，用结果回扣前文价值。,如果结果承诺没有过程证据，结尾会显得夸大。,结果前置后必须接过程证据或动作演示，结尾只能轻重申结果，不能再叠加新承诺。,从结果承诺和动作起势同时出现处开始，若前面有适用人群要一并保留。,留到结果回扣前文价值，不要额外拼接新结果。,痛点没有被原因、动作或证据兑现时放弃，不能靠字幕硬接。,业务事实待确认：‘跑跳漏水’医学定义及动作有效性,high_existing_analysis,"时间码：00:00:00,00:00:05,00:00:10,00:00:15,00:00:20,00:00:25；关键帧：00:00背坐球上问‘生了多少个’；00:05魔力转圈100次；00:10前后移动；00:15上下；00:20左右；00:25卡通图收尾；证据索引：00:00背坐球上问‘生了多少个’"
fv_0097,女性再懒也要练这四个动作6.5.mp4,人群点名 + 低门槛动作 + 坚持建议,sports_teaching,身份点名,女性/姐妹；盆底松弛/盆底无力,无显式年龄,女性/姐妹,盆底松弛/盆底无力,盆底松弛无力,无明确结果触发,无明确风险触发,痛点可视化/问题先抛型,适合能把身体困扰具体化的素材；本条痛点锚点：盆底松弛无力。,如果痛点太大但中段只给无关动作，开头会显得焦虑化且不兑现。,分步口令/计数教学；多动作组合演示,字幕口令/次数证据；多动作段落证据,高：开头问题、中段动作/解释、结尾收束基本闭环,结果/价值重申收束,适合结果前置或痛点解决类视频，用结果回扣前文价值。,如果结果承诺没有过程证据，结尾会显得夸大。,痛点开头后必须接原因、动作或可见方案，结尾用跟练/注意事项收住。,向前保留痛点出现前的主语和第一帧痛点画面，不能只截结果词。,留到结果回扣前文价值，不要额外拼接新结果。,动作被遮挡、缺发力点/方向/次数，或只剩结果口号时放弃。,‘每天100个越练越致’效果承诺需业务事实待确认,high_existing_analysis,时间码：00:00:00.000–00:00:15.952；关键帧：0s:动作一深蹲式；3.19s:动作二腹式呼吸；6.38s:动作二持续；9.57s:动作三左提膝；12.76s:动作四上提肛；15.95s:动作四定格微笑；证据索引：0s:动作一深蹲式
fv_0098,宝妈必看.mp4,痛点可视化 + 解决方案 + 效果对比 + 行动指令,body_care_knowledge,身份点名,产后妈妈/宝妈；漏尿/漏水/漏气人群,无显式年龄,产后妈妈/宝妈,漏尿/漏水/漏气人群,漏尿漏水尴尬；假胯宽/骨盆外翻/体态问题,无明确结果触发,效果承诺风险,痛点可视化/问题先抛型,适合能把身体困扰具体化的素材；本条痛点锚点：漏尿漏水尴尬；假胯宽/骨盆外翻/体态问题。,如果痛点太大但中段只给无关动作，开头会显得焦虑化且不兑现。 风险词需要克制处理：效果承诺风险。,错误-正确对比拆解；分步口令/计数教学；图解/解剖辅助说明,对比画面/反例证据；字幕口令/次数证据；图示/标注证据,高：开头问题、中段动作/解释、结尾收束基本闭环,轻行动/跟练指令收束,适合中段已经交付动作或原因后，用低压跟练、收藏、咨询入口收住。,如果中段未兑现，结尾直接行动号召会像硬转化。,痛点开头后必须接原因、动作或可见方案，结尾用跟练/注意事项收住。,向前保留痛点出现前的主语和第一帧痛点画面，不能只截结果词。,留到跟练/收藏/咨询等轻行动完整出现；若出现强转化，交人工决定是否删减。,痛点没有被原因、动作或证据兑现时放弃，不能靠字幕硬接。,瘦肚子/养护盆底效果承诺需业务事实待确认,high_existing_analysis,"时间码：00:00:00,00:00:07,00:00:15,00:00:22,00:00:30,00:00:38；关键帧：00:00:00警告勿划走；00:00:07强调坚持；00:00:15图解盆底状态；00:00:22展示臀型对比；00:00:30标注养护盆底；00:00:38跑跳测试指令；证据索引：00:00:00警告勿划走"
fv_0099,小肚子凸出.mp4,错误动作 + 正确动作 + 原因解释,movement_correction,身体状态点名,小腹凸/悬垂腹/腹压问题；练错动作/误区人群,无显式年龄,无显式身份,小腹凸/悬垂腹/腹压问题；练错动作/误区人群,小腹凸/腹压/悬垂腹；练错动作/误区,无明确结果触发,效果承诺风险,误区/错误先抛型,适合已有错误动作、错误认知或反面案例的素材，开头后必须马上解释为什么错。,如果只保留错误/恐吓画面，后面不接同一问题的原因和正确做法，会突兀。 风险词需要克制处理：效果承诺风险。,分步口令/计数教学；单动作循环演示,字幕口令/次数证据；连续动作帧证据,高：开头问题、中段动作/解释、结尾收束基本闭环,结果/价值重申收束,适合结果前置或痛点解决类视频，用结果回扣前文价值。,如果结果承诺没有过程证据，结尾会显得夸大。,错误/误区开头后必须接同一错误的原因解释，再接正确动作；结尾用定型或安全提醒。,从错误动作或误区字幕完整出现处开始，保留观众能识别错误的画面。,留到结果回扣前文价值，不要额外拼接新结果。,看不出错误和正确差异，或错误后没有解释/正确动作时放弃。,业务事实待确认：'缓解腹部压力''激活深层核心'等效果宣称,high_existing_analysis,时间码：00:00:00.000-00:00:23.614；关键帧：F1：腹部特写+标题字幕；F2：仰卧屈膝位腹压提示；F3：臀部垫高瑜伽球；F4：双腿向上抬高；F5：腿慢放下过程；F6：收束到位定格；证据索引：F1：腹部特写+标题字幕
fv_0100,小腹凸出 妈妈臀就练这几个动作6.15.mp4,人群点名 + 低门槛动作 + 坚持建议,sports_teaching,身体状态点名,产后妈妈/宝妈；漏尿/漏水/漏气人群；小腹凸/悬垂腹/腹压问题；臀凹陷/妈妈臀/扁平臀,无显式年龄,产后妈妈/宝妈,漏尿/漏水/漏气人群；小腹凸/悬垂腹/腹压问题；臀凹陷/妈妈臀/扁平臀,漏尿漏水尴尬；小腹凸/腹压/悬垂腹；妈妈臀/臀凹陷/臀扁平,无明确结果触发,效果承诺风险,痛点可视化/问题先抛型,适合能把身体困扰具体化的素材；本条痛点锚点：漏尿漏水尴尬；小腹凸/腹压/悬垂腹；妈妈臀/臀凹陷/臀扁平。,如果痛点太大但中段只给无关动作，开头会显得焦虑化且不兑现。 风险词需要克制处理：效果承诺风险。,分步口令/计数教学；单动作循环演示；多动作组合演示,字幕口令/次数证据；连续动作帧证据；多动作段落证据,高：开头问题、中段动作/解释、结尾收束基本闭环,轻行动/跟练指令收束,适合中段已经交付动作或原因后，用低压跟练、收藏、咨询入口收住。,如果中段未兑现，结尾直接行动号召会像硬转化。,痛点开头后必须接原因、动作或可见方案，结尾用跟练/注意事项收住。,向前保留痛点出现前的主语和第一帧痛点画面，不能只截结果词。,留到跟练/收藏/咨询等轻行动完整出现；若出现强转化，交人工决定是否删减。,动作被遮挡、缺发力点/方向/次数，或只剩结果口号时放弃。,效果承诺‘练这几个动作’需业务事实待确认,high_existing_analysis,"时间码：00:00:00.000, 00:00:04.760, 00:00:09.520, 00:00:14.280, 00:00:19.040, 00:00:23.800；关键帧：左上：坐姿提臀；中上：跪姿侧抬；右上：跪姿盆底激活；左下：跪姿转圈；中下：坐姿上下拍击；右下：卡通遮挡+尴尬提示；证据索引：左上：坐姿提臀"
