current_video_id,file_name,analysis_status,old_structure_formula_match,new_structure_formula_candidate,formula_action,editor_usable_score,live_screening_transfer_score,opening_value,middle_delivery_value,ending_value,action_visual_evidence,expression_or_emotion_evidence,subtitle_or_text_evidence,speech_action_sync,missing_part,recommended_editor_action,stage1_priority,manual_review_items,risk_notes,evidence_summary
cfv_0001,30+产后妈妈居家必练动作.mp4,pending_visual_review,人群点名 + 低门槛动作 + 坚持建议,人群/年龄点名 + 单动作循环演示 + 坚持建议,split,3,1,待视觉复核；基于标题/路径语义，待关键帧确认,单动作循环演示；需确认动作完整循环、发力点、方向/次数/呼吸,轻跟练/收藏/风险提醒优先；强转化与效果承诺待人工删改,单动作循环演示；当前未调用视觉模型，动作画面证据待人审,pending_visual_review：未做人脸/情绪视觉识别,文件名/路径语义可辅助，不能替代字幕 OCR 或画面确认,pending_visual_review：未做 ASR/口播与动作同步验证,无明显缺失但需视觉人审,只作灵感,B,关键帧确认动作是否完整；字幕/口播是否同题兑现；健康/效果/价格/课程事实待客户确认,无明显标题风险，但仍需视觉和业务人审,元数据：10.611s，1080x1920，60.000fps，audio=true；标题锚点：待视觉复核/待视觉复核/单动作循环演示
cfv_0002,35岁以后都去练不管生完多久了每天100个 小肚子平了 臀翘了最重要的是可以锻炼盆底肌.mp4,pending_visual_review,痛点问题 + 原因解释 + 方法交付,问题问答 + 原因解释 + 方法边界（盆底松弛无力）,keep,3,3,盆底松弛无力；基于标题/路径语义，待关键帧确认,单动作循环演示；需确认动作完整循环、发力点、方向/次数/呼吸,轻跟练/收藏/风险提醒优先；强转化与效果承诺待人工删改,单动作循环演示；当前未调用视觉模型，动作画面证据待人审,pending_visual_review：未做人脸/情绪视觉识别,文件名/路径语义可辅助，不能替代字幕 OCR 或画面确认,pending_visual_review：未做 ASR/口播与动作同步验证,缺业务/健康事实确认,可二次加工,A,关键帧确认动作是否完整；字幕/口播是否同题兑现；健康/效果/价格/课程事实待客户确认,医学/健康边界风险；效果承诺风险；单一方法过度承诺,元数据：11.749s，1080x1920，60.000fps，audio=true；标题锚点：盆底松弛无力/小腹平/肚子平/单动作循环演示
cfv_0003,4月17日(1).mp4,pending_visual_review,待视觉复核：文件名无足够结构信息,待视觉复核：需关键帧/人工判断后定公式,pending_visual_review,1,1,待视觉复核；基于标题/路径语义，待关键帧确认,待视觉复核；需确认动作完整循环、发力点、方向/次数/呼吸,轻跟练/收藏/风险提醒优先；强转化与效果承诺待人工删改,待视觉复核；当前未调用视觉模型，动作画面证据待人审,pending_visual_review：未做人脸/情绪视觉识别,文件名/路径语义可辅助，不能替代字幕 OCR 或画面确认,pending_visual_review：未做 ASR/口播与动作同步验证,缺开头人群/痛点；缺动作证据；缺视觉结构证据,只作灵感,C,关键帧确认动作是否完整；字幕/口播是否同题兑现；健康/效果/价格/课程事实待客户确认,无明显标题风险，但仍需视觉和业务人审,元数据：27.353s，720x1280，60.000fps，audio=true；标题锚点：待视觉复核/待视觉复核/待视觉复核
cfv_0004,5月26日.mp4,pending_visual_review,待视觉复核：文件名无足够结构信息,待视觉复核：需关键帧/人工判断后定公式,pending_visual_review,1,1,待视觉复核；基于标题/路径语义，待关键帧确认,待视觉复核；需确认动作完整循环、发力点、方向/次数/呼吸,轻跟练/收藏/风险提醒优先；强转化与效果承诺待人工删改,待视觉复核；当前未调用视觉模型，动作画面证据待人审,pending_visual_review：未做人脸/情绪视觉识别,文件名/路径语义可辅助，不能替代字幕 OCR 或画面确认,pending_visual_review：未做 ASR/口播与动作同步验证,缺开头人群/痛点；缺动作证据；缺视觉结构证据,只作灵感,C,关键帧确认动作是否完整；字幕/口播是否同题兑现；健康/效果/价格/课程事实待客户确认,无明显标题风险，但仍需视觉和业务人审,元数据：14.141s，1080x1920，60.000fps，audio=true；标题锚点：待视觉复核/待视觉复核/待视觉复核
cfv_0005,5月26日 (2).mp4,pending_visual_review,待视觉复核：文件名无足够结构信息,待视觉复核：需关键帧/人工判断后定公式,pending_visual_review,1,1,待视觉复核；基于标题/路径语义，待关键帧确认,待视觉复核；需确认动作完整循环、发力点、方向/次数/呼吸,轻跟练/收藏/风险提醒优先；强转化与效果承诺待人工删改,待视觉复核；当前未调用视觉模型，动作画面证据待人审,pending_visual_review：未做人脸/情绪视觉识别,文件名/路径语义可辅助，不能替代字幕 OCR 或画面确认,pending_visual_review：未做 ASR/口播与动作同步验证,缺开头人群/痛点；缺动作证据；缺视觉结构证据,只作灵感,C,关键帧确认动作是否完整；字幕/口播是否同题兑现；健康/效果/价格/课程事实待客户确认,无明显标题风险，但仍需视觉和业务人审,元数据：12.213s，1080x1920，30.000fps，audio=true；标题锚点：待视觉复核/待视觉复核/待视觉复核
cfv_0006,5月26日(1).mp4,pending_visual_review,待视觉复核：文件名无足够结构信息,待视觉复核：需关键帧/人工判断后定公式,pending_visual_review,1,1,待视觉复核；基于标题/路径语义，待关键帧确认,待视觉复核；需确认动作完整循环、发力点、方向/次数/呼吸,轻跟练/收藏/风险提醒优先；强转化与效果承诺待人工删改,待视觉复核；当前未调用视觉模型，动作画面证据待人审,pending_visual_review：未做人脸/情绪视觉识别,文件名/路径语义可辅助，不能替代字幕 OCR 或画面确认,pending_visual_review：未做 ASR/口播与动作同步验证,缺开头人群/痛点；缺动作证据；缺视觉结构证据,只作灵感,C,关键帧确认动作是否完整；字幕/口播是否同题兑现；健康/效果/价格/课程事实待客户确认,无明显标题风险，但仍需视觉和业务人审,元数据：14.141s，1080x1920，60.000fps，audio=true；标题锚点：待视觉复核/待视觉复核/待视觉复核
cfv_0007,5月27日.mp4,pending_visual_review,待视觉复核：文件名无足够结构信息,待视觉复核：需关键帧/人工判断后定公式,pending_visual_review,1,1,待视觉复核；基于标题/路径语义，待关键帧确认,待视觉复核；需确认动作完整循环、发力点、方向/次数/呼吸,轻跟练/收藏/风险提醒优先；强转化与效果承诺待人工删改,待视觉复核；当前未调用视觉模型，动作画面证据待人审,pending_visual_review：未做人脸/情绪视觉识别,文件名/路径语义可辅助，不能替代字幕 OCR 或画面确认,pending_visual_review：未做 ASR/口播与动作同步验证,缺开头人群/痛点；缺动作证据；缺视觉结构证据,只作灵感,C,关键帧确认动作是否完整；字幕/口播是否同题兑现；健康/效果/价格/课程事实待客户确认,无明显标题风险，但仍需视觉和业务人审,元数据：16.509s，1080x1920，30.000fps，audio=true；标题锚点：待视觉复核/待视觉复核/待视觉复核
cfv_0008,5月27日 (1).mp4,pending_visual_review,待视觉复核：文件名无足够结构信息,待视觉复核：需关键帧/人工判断后定公式,pending_visual_review,1,1,待视觉复核；基于标题/路径语义，待关键帧确认,待视觉复核；需确认动作完整循环、发力点、方向/次数/呼吸,轻跟练/收藏/风险提醒优先；强转化与效果承诺待人工删改,待视觉复核；当前未调用视觉模型，动作画面证据待人审,pending_visual_review：未做人脸/情绪视觉识别,文件名/路径语义可辅助，不能替代字幕 OCR 或画面确认,pending_visual_review：未做 ASR/口播与动作同步验证,缺开头人群/痛点；缺动作证据；缺视觉结构证据,只作灵感,C,关键帧确认动作是否完整；字幕/口播是否同题兑现；健康/效果/价格/课程事实待客户确认,无明显标题风险，但仍需视觉和业务人审,元数据：22.384s，1080x1920，30.000fps，audio=true；标题锚点：待视觉复核/待视觉复核/待视觉复核
cfv_0009,70%女性中招的盆底肌误区.mp4,pending_visual_review,错误动作 + 正确动作 + 原因解释,误区/错误先抛 + 正确动作对比 + 原因解释（盆底松弛无力）,keep,3,3,盆底松弛无力；基于标题/路径语义，待关键帧确认,图解/解剖辅助说明；需确认动作完整循环、发力点、方向/次数/呼吸,轻跟练/收藏/风险提醒优先；强转化与效果承诺待人工删改,图解/解剖辅助说明；当前未调用视觉模型，动作画面证据待人审,pending_visual_review：未做人脸/情绪视觉识别,文件名/路径语义可辅助，不能替代字幕 OCR 或画面确认,pending_visual_review：未做 ASR/口播与动作同步验证,无明显缺失但需视觉人审,可二次加工,A,关键帧确认动作是否完整；字幕/口播是否同题兑现；健康/效果/价格/课程事实待客户确认,医学/健康边界风险；高发误区/比例刺激,元数据：65.782s，1080x1920，60.000fps，audio=true；标题锚点：盆底松弛无力/待视觉复核/图解/解剖辅助说明
cfv_0010,Z宫下垂盆底无力就练臀桥呼吸.mp4,pending_visual_review,人群点名 + 痛点放大 + 单动作演示 + 坚持建议,痛点/人群点名 + 工具辅助动作 + 坚持建议,merge,3,3,盆底松弛无力；基于标题/路径语义，待关键帧确认,工具辅助动作；需确认动作完整循环、发力点、方向/次数/呼吸,轻跟练/收藏/风险提醒优先；强转化与效果承诺待人工删改,工具辅助动作；当前未调用视觉模型，动作画面证据待人审,pending_visual_review：未做人脸/情绪视觉识别,文件名/路径语义可辅助，不能替代字幕 OCR 或画面确认,pending_visual_review：未做 ASR/口播与动作同步验证,无明显缺失但需视觉人审,可二次加工,A,关键帧确认动作是否完整；字幕/口播是否同题兑现；健康/效果/价格/课程事实待客户确认,医学/健康边界风险,元数据：79.575s，1080x1920，60.000fps，audio=true；标题锚点：盆底松弛无力/待视觉复核/工具辅助动作
cfv_0011,产后漏尿能自己好吗.mp4,pending_visual_review,痛点问题 + 原因解释 + 方法交付,问题问答 + 原因解释 + 方法边界（漏尿漏水尴尬）,keep,3,3,漏尿漏水尴尬；基于标题/路径语义，待关键帧确认,待视觉复核；需确认动作完整循环、发力点、方向/次数/呼吸,轻跟练/收藏/风险提醒优先；强转化与效果承诺待人工删改,待视觉复核；当前未调用视觉模型，动作画面证据待人审,pending_visual_review：未做人脸/情绪视觉识别,文件名/路径语义可辅助，不能替代字幕 OCR 或画面确认,pending_visual_review：未做 ASR/口播与动作同步验证,缺动作证据,可二次加工,A,关键帧确认动作是否完整；字幕/口播是否同题兑现；健康/效果/价格/课程事实待客户确认,医学/健康边界风险,元数据：117.725s，1080x1920，60.000fps，audio=true；标题锚点：漏尿漏水尴尬/待视觉复核/待视觉复核
cfv_0012,你的小肚子凸可能不是胖.mp4,pending_visual_review,待视觉复核：文件名无足够结构信息,待视觉复核：需关键帧/人工判断后定公式,pending_visual_review,3,3,小腹凸/腹压/悬垂腹；基于标题/路径语义，待关键帧确认,待视觉复核；需确认动作完整循环、发力点、方向/次数/呼吸,轻跟练/收藏/风险提醒优先；强转化与效果承诺待人工删改,待视觉复核；当前未调用视觉模型，动作画面证据待人审,pending_visual_review：未做人脸/情绪视觉识别,文件名/路径语义可辅助，不能替代字幕 OCR 或画面确认,pending_visual_review：未做 ASR/口播与动作同步验证,缺动作证据；缺视觉结构证据,只作灵感,B,关键帧确认动作是否完整；字幕/口播是否同题兑现；健康/效果/价格/课程事实待客户确认,无明显标题风险，但仍需视觉和业务人审,元数据：55.519s，1080x1920，30.000fps，audio=true；标题锚点：小腹凸/腹压/悬垂腹/待视觉复核/待视觉复核
cfv_0013,先减肥还是先改善漏尿.mp4,pending_visual_review,痛点问题 + 原因解释 + 方法交付,问题问答 + 原因解释 + 方法边界（漏尿漏水尴尬）,keep,3,3,漏尿漏水尴尬；基于标题/路径语义，待关键帧确认,待视觉复核；需确认动作完整循环、发力点、方向/次数/呼吸,轻跟练/收藏/风险提醒优先；强转化与效果承诺待人工删改,待视觉复核；当前未调用视觉模型，动作画面证据待人审,pending_visual_review：未做人脸/情绪视觉识别,文件名/路径语义可辅助，不能替代字幕 OCR 或画面确认,pending_visual_review：未做 ASR/口播与动作同步验证,缺动作证据；缺业务/健康事实确认,可二次加工,A,关键帧确认动作是否完整；字幕/口播是否同题兑现；健康/效果/价格/课程事实待客户确认,医学/健康边界风险；效果承诺风险,元数据：60.534s，1080x1920，60.000fps，audio=true；标题锚点：漏尿漏水尴尬/漏尿漏水改善/待视觉复核
cfv_0014,别再疯狂练收紧可能越练越漏尿.mp4,pending_visual_review,错误动作 + 正确动作 + 原因解释,误区/错误先抛 + 正确动作对比 + 原因解释（漏尿漏水尴尬）,keep,3,3,漏尿漏水尴尬；基于标题/路径语义，待关键帧确认,待视觉复核；需确认动作完整循环、发力点、方向/次数/呼吸,轻跟练/收藏/风险提醒优先；强转化与效果承诺待人工删改,待视觉复核；当前未调用视觉模型，动作画面证据待人审,pending_visual_review：未做人脸/情绪视觉识别,文件名/路径语义可辅助，不能替代字幕 OCR 或画面确认,pending_visual_review：未做 ASR/口播与动作同步验证,缺动作证据,可二次加工,A,关键帧确认动作是否完整；字幕/口播是否同题兑现；健康/效果/价格/课程事实待客户确认,医学/健康边界风险；效果承诺风险,元数据：43.769s，1080x1920，60.000fps，audio=true；标题锚点：漏尿漏水尴尬/盆底紧致/八爪鱼/抓握力/待视觉复核
cfv_0015,单纯练凯格尔能改善漏尿吗.mp4,pending_visual_review,错误动作 + 正确动作 + 原因解释,误区/错误先抛 + 正确动作对比 + 原因解释（漏尿漏水尴尬）,keep,3,3,漏尿漏水尴尬；基于标题/路径语义，待关键帧确认,工具辅助动作；需确认动作完整循环、发力点、方向/次数/呼吸,轻跟练/收藏/风险提醒优先；强转化与效果承诺待人工删改,工具辅助动作；当前未调用视觉模型，动作画面证据待人审,pending_visual_review：未做人脸/情绪视觉识别,文件名/路径语义可辅助，不能替代字幕 OCR 或画面确认,pending_visual_review：未做 ASR/口播与动作同步验证,缺业务/健康事实确认,可二次加工,A,关键帧确认动作是否完整；字幕/口播是否同题兑现；健康/效果/价格/课程事实待客户确认,医学/健康边界风险；效果承诺风险,元数据：184.134s，1080x1920，60.000fps，audio=true；标题锚点：漏尿漏水尴尬/漏尿漏水改善/工具辅助动作
cfv_0016,妈妈臀 臀凹陷一个动作饱满臀部.mp4,pending_visual_review,人群点名 + 低门槛动作 + 坚持建议,人群/年龄点名 + 单动作循环演示 + 坚持建议,split,3,3,臀凹陷/妈妈臀/扁平臀；基于标题/路径语义，待关键帧确认,单动作循环演示；需确认动作完整循环、发力点、方向/次数/呼吸,轻跟练/收藏/风险提醒优先；强转化与效果承诺待人工删改,单动作循环演示；当前未调用视觉模型，动作画面证据待人审,pending_visual_review：未做人脸/情绪视觉识别,文件名/路径语义可辅助，不能替代字幕 OCR 或画面确认,pending_visual_review：未做 ASR/口播与动作同步验证,无明显缺失但需视觉人审,可二次加工,A,关键帧确认动作是否完整；字幕/口播是否同题兑现；健康/效果/价格/课程事实待客户确认,单一方法过度承诺,元数据：13.305s，1080x1920，60.000fps，audio=true；标题锚点：臀凹陷/妈妈臀/扁平臀/待视觉复核/单动作循环演示
cfv_0017,._每天练习这个动作越练越有力量6.6.mp4,failed,failed_unreadable,failed_unreadable,pending_visual_review,1,1,待视觉复核；基于标题/路径语义，待关键帧确认,单动作循环演示；需确认动作完整循环、发力点、方向/次数/呼吸,轻跟练/收藏/风险提醒优先；强转化与效果承诺待人工删改,单动作循环演示；当前未调用视觉模型，动作画面证据待人审,pending_visual_review：未做人脸/情绪视觉识别,文件名/路径语义可辅助，不能替代字幕 OCR 或画面确认,pending_visual_review：未做 ASR/口播与动作同步验证,缺开头人群/痛点,不建议当前阶段使用,C,关键帧确认动作是否完整；字幕/口播是否同题兑现；健康/效果/价格/课程事实待客户确认,效果承诺风险,元数据：pendings，pending，pendingfps，audio=false；标题锚点：待视觉复核/待视觉复核/单动作循环演示
cfv_0018,30岁的女性练八爪鱼要多久6.2（4）.mp4,pending_visual_review,痛点问题 + 原因解释 + 方法交付,问题问答 + 原因解释 + 方法边界（盆底松弛无力）,keep,3,3,盆底松弛无力；基于标题/路径语义，待关键帧确认,待视觉复核；需确认动作完整循环、发力点、方向/次数/呼吸,轻跟练/收藏/风险提醒优先；强转化与效果承诺待人工删改,待视觉复核；当前未调用视觉模型，动作画面证据待人审,pending_visual_review：未做人脸/情绪视觉识别,文件名/路径语义可辅助，不能替代字幕 OCR 或画面确认,pending_visual_review：未做 ASR/口播与动作同步验证,缺动作证据,可二次加工,B,关键帧确认动作是否完整；字幕/口播是否同题兑现；健康/效果/价格/课程事实待客户确认,无明显标题风险，但仍需视觉和业务人审,元数据：17.554s，1080x1920，30.000fps，audio=true；标题锚点：盆底松弛无力/盆底紧致/八爪鱼/抓握力/待视觉复核
cfv_0019,40岁女性练八爪鱼需要多久呢.mp4,pending_visual_review,痛点问题 + 原因解释 + 方法交付,问题问答 + 原因解释 + 方法边界（盆底松弛无力）,keep,3,3,盆底松弛无力；基于标题/路径语义，待关键帧确认,待视觉复核；需确认动作完整循环、发力点、方向/次数/呼吸,轻跟练/收藏/风险提醒优先；强转化与效果承诺待人工删改,待视觉复核；当前未调用视觉模型，动作画面证据待人审,pending_visual_review：未做人脸/情绪视觉识别,文件名/路径语义可辅助，不能替代字幕 OCR 或画面确认,pending_visual_review：未做 ASR/口播与动作同步验证,缺动作证据,可二次加工,B,关键帧确认动作是否完整；字幕/口播是否同题兑现；健康/效果/价格/课程事实待客户确认,无明显标题风险，但仍需视觉和业务人审,元数据：16.881s，1080x1920，30.000fps，audio=true；标题锚点：盆底松弛无力/盆底紧致/八爪鱼/抓握力/待视觉复核
cfv_0020,40岁女性练出J致的盆底肌需要多久？6.1.mp4,pending_visual_review,痛点问题 + 原因解释 + 方法交付,问题问答 + 原因解释 + 方法边界（盆底松弛无力）,keep,3,3,盆底松弛无力；基于标题/路径语义，待关键帧确认,图解/解剖辅助说明；需确认动作完整循环、发力点、方向/次数/呼吸,轻跟练/收藏/风险提醒优先；强转化与效果承诺待人工删改,图解/解剖辅助说明；当前未调用视觉模型，动作画面证据待人审,pending_visual_review：未做人脸/情绪视觉识别,文件名/路径语义可辅助，不能替代字幕 OCR 或画面确认,pending_visual_review：未做 ASR/口播与动作同步验证,无明显缺失但需视觉人审,可二次加工,A,关键帧确认动作是否完整；字幕/口播是否同题兑现；健康/效果/价格/课程事实待客户确认,医学/健康边界风险,元数据：18.506s，1080x1920，30.000fps，audio=true；标题锚点：盆底松弛无力/盆底紧致/八爪鱼/抓握力/图解/解剖辅助说明
cfv_0021,40岁女性都想拥有灵动蜜桃臀6.15.mp4,pending_visual_review,人群点名 + 低门槛动作 + 坚持建议,人群/年龄点名 + 动作证据待视觉复核 + 坚持建议,split,3,3,臀凹陷/妈妈臀/扁平臀；基于标题/路径语义，待关键帧确认,待视觉复核；需确认动作完整循环、发力点、方向/次数/呼吸,轻跟练/收藏/风险提醒优先；强转化与效果承诺待人工删改,待视觉复核；当前未调用视觉模型，动作画面证据待人审,pending_visual_review：未做人脸/情绪视觉识别,文件名/路径语义可辅助，不能替代字幕 OCR 或画面确认,pending_visual_review：未做 ASR/口播与动作同步验证,缺动作证据,可二次加工,B,关键帧确认动作是否完整；字幕/口播是否同题兑现；健康/效果/价格/课程事实待客户确认,无明显标题风险，但仍需视觉和业务人审,元数据：18.181s，1080x1920，30.000fps，audio=true；标题锚点：臀凹陷/妈妈臀/扁平臀/臀翘/臀饱满/蜜桃臀/待视觉复核
cfv_0022,40岁的女性修复盆底肌要多久.mp4,pending_visual_review,痛点问题 + 原因解释 + 方法交付,问题问答 + 原因解释 + 方法边界（盆底松弛无力）,keep,3,3,盆底松弛无力；基于标题/路径语义，待关键帧确认,图解/解剖辅助说明；需确认动作完整循环、发力点、方向/次数/呼吸,轻跟练/收藏/风险提醒优先；强转化与效果承诺待人工删改,图解/解剖辅助说明；当前未调用视觉模型，动作画面证据待人审,pending_visual_review：未做人脸/情绪视觉识别,文件名/路径语义可辅助，不能替代字幕 OCR 或画面确认,pending_visual_review：未做 ASR/口播与动作同步验证,无明显缺失但需视觉人审,可二次加工,A,关键帧确认动作是否完整；字幕/口播是否同题兑现；健康/效果/价格/课程事实待客户确认,医学/健康边界风险；效果承诺风险,元数据：18.483s，1080x1920，30.000fps，audio=true；标题锚点：盆底松弛无力/待视觉复核/图解/解剖辅助说明
cfv_0023,40岁的女性修复盆底肌要多久？.mp4,pending_visual_review,痛点问题 + 原因解释 + 方法交付,问题问答 + 原因解释 + 方法边界（盆底松弛无力）,keep,3,3,盆底松弛无力；基于标题/路径语义，待关键帧确认,图解/解剖辅助说明；需确认动作完整循环、发力点、方向/次数/呼吸,轻跟练/收藏/风险提醒优先；强转化与效果承诺待人工删改,图解/解剖辅助说明；当前未调用视觉模型，动作画面证据待人审,pending_visual_review：未做人脸/情绪视觉识别,文件名/路径语义可辅助，不能替代字幕 OCR 或画面确认,pending_visual_review：未做 ASR/口播与动作同步验证,无明显缺失但需视觉人审,可二次加工,A,关键帧确认动作是否完整；字幕/口播是否同题兑现；健康/效果/价格/课程事实待客户确认,医学/健康边界风险；效果承诺风险,元数据：18.506s，1080x1920，30.000fps，audio=true；标题锚点：盆底松弛无力/待视觉复核/图解/解剖辅助说明
cfv_0024,40岁的女性练出八爪鱼要多久.mp4,pending_visual_review,痛点问题 + 原因解释 + 方法交付,问题问答 + 原因解释 + 方法边界（盆底松弛无力）,keep,3,3,盆底松弛无力；基于标题/路径语义，待关键帧确认,待视觉复核；需确认动作完整循环、发力点、方向/次数/呼吸,轻跟练/收藏/风险提醒优先；强转化与效果承诺待人工删改,待视觉复核；当前未调用视觉模型，动作画面证据待人审,pending_visual_review：未做人脸/情绪视觉识别,文件名/路径语义可辅助，不能替代字幕 OCR 或画面确认,pending_visual_review：未做 ASR/口播与动作同步验证,缺动作证据,可二次加工,B,关键帧确认动作是否完整；字幕/口播是否同题兑现；健康/效果/价格/课程事实待客户确认,无明显标题风险，但仍需视觉和业务人审,元数据：16.811s，1080x1920，30.000fps，audio=true；标题锚点：盆底松弛无力/盆底紧致/八爪鱼/抓握力/待视觉复核
cfv_0025,40岁的女性练出八爪鱼需要多久？.mp4,pending_visual_review,痛点问题 + 原因解释 + 方法交付,问题问答 + 原因解释 + 方法边界（盆底松弛无力）,keep,3,3,盆底松弛无力；基于标题/路径语义，待关键帧确认,待视觉复核；需确认动作完整循环、发力点、方向/次数/呼吸,轻跟练/收藏/风险提醒优先；强转化与效果承诺待人工删改,待视觉复核；当前未调用视觉模型，动作画面证据待人审,pending_visual_review：未做人脸/情绪视觉识别,文件名/路径语义可辅助，不能替代字幕 OCR 或画面确认,pending_visual_review：未做 ASR/口播与动作同步验证,缺动作证据,可二次加工,B,关键帧确认动作是否完整；字幕/口播是否同题兑现；健康/效果/价格/课程事实待客户确认,无明显标题风险，但仍需视觉和业务人审,元数据：16.811s，1080x1920，30.000fps，audio=true；标题锚点：盆底松弛无力/盆底紧致/八爪鱼/抓握力/待视觉复核
cfv_0026,40＋的女性修复盆底肌要多久6.15.mp4,pending_visual_review,痛点问题 + 原因解释 + 方法交付,问题问答 + 原因解释 + 方法边界（盆底松弛无力）,keep,3,3,盆底松弛无力；基于标题/路径语义，待关键帧确认,图解/解剖辅助说明；需确认动作完整循环、发力点、方向/次数/呼吸,轻跟练/收藏/风险提醒优先；强转化与效果承诺待人工删改,图解/解剖辅助说明；当前未调用视觉模型，动作画面证据待人审,pending_visual_review：未做人脸/情绪视觉识别,文件名/路径语义可辅助，不能替代字幕 OCR 或画面确认,pending_visual_review：未做 ASR/口播与动作同步验证,无明显缺失但需视觉人审,可二次加工,A,关键帧确认动作是否完整；字幕/口播是否同题兑现；健康/效果/价格/课程事实待客户确认,医学/健康边界风险；效果承诺风险,元数据：18.785s，1080x1920，30.000fps，audio=true；标题锚点：盆底松弛无力/待视觉复核/图解/解剖辅助说明
cfv_0027,40＋的姐妹练出紧致的盆底肌.mp4,pending_visual_review,人群点名 + 低门槛动作 + 坚持建议,人群/年龄点名 + 图解/解剖辅助说明 + 坚持建议,split,3,3,盆底松弛无力；基于标题/路径语义，待关键帧确认,图解/解剖辅助说明；需确认动作完整循环、发力点、方向/次数/呼吸,轻跟练/收藏/风险提醒优先；强转化与效果承诺待人工删改,图解/解剖辅助说明；当前未调用视觉模型，动作画面证据待人审,pending_visual_review：未做人脸/情绪视觉识别,文件名/路径语义可辅助，不能替代字幕 OCR 或画面确认,pending_visual_review：未做 ASR/口播与动作同步验证,无明显缺失但需视觉人审,可二次加工,A,关键帧确认动作是否完整；字幕/口播是否同题兑现；健康/效果/价格/课程事实待客户确认,医学/健康边界风险,元数据：27.051s，1080x1920，30.000fps，audio=true；标题锚点：盆底松弛无力/盆底紧致/八爪鱼/抓握力/图解/解剖辅助说明
cfv_0028,5月15日.mp4,pending_visual_review,待视觉复核：文件名无足够结构信息,待视觉复核：需关键帧/人工判断后定公式,pending_visual_review,1,1,待视觉复核；基于标题/路径语义，待关键帧确认,待视觉复核；需确认动作完整循环、发力点、方向/次数/呼吸,轻跟练/收藏/风险提醒优先；强转化与效果承诺待人工删改,待视觉复核；当前未调用视觉模型，动作画面证据待人审,pending_visual_review：未做人脸/情绪视觉识别,文件名/路径语义可辅助，不能替代字幕 OCR 或画面确认,pending_visual_review：未做 ASR/口播与动作同步验证,缺开头人群/痛点；缺动作证据；缺视觉结构证据,只作灵感,C,关键帧确认动作是否完整；字幕/口播是否同题兑现；健康/效果/价格/课程事实待客户确认,无明显标题风险，但仍需视觉和业务人审,元数据：20.039s，1080x1920，30.000fps，audio=true；标题锚点：待视觉复核/待视觉复核/待视觉复核
cfv_0029,5月16日.mp4,pending_visual_review,待视觉复核：文件名无足够结构信息,待视觉复核：需关键帧/人工判断后定公式,pending_visual_review,1,1,待视觉复核；基于标题/路径语义，待关键帧确认,待视觉复核；需确认动作完整循环、发力点、方向/次数/呼吸,轻跟练/收藏/风险提醒优先；强转化与效果承诺待人工删改,待视觉复核；当前未调用视觉模型，动作画面证据待人审,pending_visual_review：未做人脸/情绪视觉识别,文件名/路径语义可辅助，不能替代字幕 OCR 或画面确认,pending_visual_review：未做 ASR/口播与动作同步验证,缺开头人群/痛点；缺动作证据；缺视觉结构证据,只作灵感,C,关键帧确认动作是否完整；字幕/口播是否同题兑现；健康/效果/价格/课程事实待客户确认,无明显标题风险，但仍需视觉和业务人审,元数据：26.145s，1080x1920，30.000fps，audio=true；标题锚点：待视觉复核/待视觉复核/待视觉复核
cfv_0030,一个动作让你练出紧致的盆底肌.mp4,pending_visual_review,人群点名 + 痛点放大 + 单动作演示 + 坚持建议,痛点/人群点名 + 单动作循环演示 + 坚持建议,merge,3,3,盆底松弛无力；基于标题/路径语义，待关键帧确认,单动作循环演示；需确认动作完整循环、发力点、方向/次数/呼吸,轻跟练/收藏/风险提醒优先；强转化与效果承诺待人工删改,单动作循环演示；当前未调用视觉模型，动作画面证据待人审,pending_visual_review：未做人脸/情绪视觉识别,文件名/路径语义可辅助，不能替代字幕 OCR 或画面确认,pending_visual_review：未做 ASR/口播与动作同步验证,无明显缺失但需视觉人审,可二次加工,A,关键帧确认动作是否完整；字幕/口播是否同题兑现；健康/效果/价格/课程事实待客户确认,医学/健康边界风险；单一方法过度承诺,元数据：29.837s，1080x1920，30.000fps，audio=true；标题锚点：盆底松弛无力/盆底紧致/八爪鱼/抓握力/单动作循环演示
cfv_0031,一个小球四个动作轻松瘦腰翘臀6.2（2）.mp4,pending_visual_review,痛点可视化 + 解决方案 + 效果对比 + 行动指令,痛点/结果可视化 + 单动作循环演示 + 低压行动,rename,3,1,待视觉复核；基于标题/路径语义，待关键帧确认,单动作循环演示；需确认动作完整循环、发力点、方向/次数/呼吸,轻跟练/收藏/风险提醒优先；强转化与效果承诺待人工删改,单动作循环演示；当前未调用视觉模型，动作画面证据待人审,pending_visual_review：未做人脸/情绪视觉识别,文件名/路径语义可辅助，不能替代字幕 OCR 或画面确认,pending_visual_review：未做 ASR/口播与动作同步验证,缺开头人群/痛点,只作灵感,B,关键帧确认动作是否完整；字幕/口播是否同题兑现；健康/效果/价格/课程事实待客户确认,效果承诺风险；单一方法过度承诺,元数据：20.619s，1080x1920，30.000fps，audio=true；标题锚点：待视觉复核/待视觉复核/单动作循环演示
cfv_0032,一个小球帮你练出少女腹.mp4,pending_visual_review,人群点名 + 痛点放大 + 单动作演示 + 坚持建议,痛点/人群点名 + 工具辅助动作 + 坚持建议,merge,3,1,待视觉复核；基于标题/路径语义，待关键帧确认,工具辅助动作；需确认动作完整循环、发力点、方向/次数/呼吸,轻跟练/收藏/风险提醒优先；强转化与效果承诺待人工删改,工具辅助动作；当前未调用视觉模型，动作画面证据待人审,pending_visual_review：未做人脸/情绪视觉识别,文件名/路径语义可辅助，不能替代字幕 OCR 或画面确认,pending_visual_review：未做 ASR/口播与动作同步验证,缺开头人群/痛点,只作灵感,B,关键帧确认动作是否完整；字幕/口播是否同题兑现；健康/效果/价格/课程事实待客户确认,单一方法过度承诺,元数据：10.077s，1080x1920，30.000fps，audio=true；标题锚点：待视觉复核/小腹平/肚子平/工具辅助动作
cfv_0033,一个瑜伽小球告别小肚腩妈妈臀.mp4,pending_visual_review,痛点可视化 + 解决方案 + 效果对比 + 行动指令,痛点/结果可视化 + 工具辅助动作 + 低压行动,rename,3,1,臀凹陷/妈妈臀/扁平臀；基于标题/路径语义，待关键帧确认,工具辅助动作；需确认动作完整循环、发力点、方向/次数/呼吸,轻跟练/收藏/风险提醒优先；强转化与效果承诺待人工删改,工具辅助动作；当前未调用视觉模型，动作画面证据待人审,pending_visual_review：未做人脸/情绪视觉识别,文件名/路径语义可辅助，不能替代字幕 OCR 或画面确认,pending_visual_review：未做 ASR/口播与动作同步验证,缺业务/健康事实确认,只作灵感,B,关键帧确认动作是否完整；字幕/口播是否同题兑现；健康/效果/价格/课程事实待客户确认,效果承诺风险,元数据：15.209s，1080x1920，30.000fps，audio=true；标题锚点：臀凹陷/妈妈臀/扁平臀/待视觉复核/工具辅助动作
cfv_0034,一个瑜伽小球告别臀凹陷6.4.mp4,pending_visual_review,痛点可视化 + 解决方案 + 效果对比 + 行动指令,痛点/结果可视化 + 工具辅助动作 + 低压行动,rename,3,1,臀凹陷/妈妈臀/扁平臀；基于标题/路径语义，待关键帧确认,工具辅助动作；需确认动作完整循环、发力点、方向/次数/呼吸,轻跟练/收藏/风险提醒优先；强转化与效果承诺待人工删改,工具辅助动作；当前未调用视觉模型，动作画面证据待人审,pending_visual_review：未做人脸/情绪视觉识别,文件名/路径语义可辅助，不能替代字幕 OCR 或画面确认,pending_visual_review：未做 ASR/口播与动作同步验证,缺业务/健康事实确认,只作灵感,B,关键帧确认动作是否完整；字幕/口播是否同题兑现；健康/效果/价格/课程事实待客户确认,效果承诺风险,元数据：11.122s，1080x1920，30.000fps，audio=true；标题锚点：臀凹陷/妈妈臀/扁平臀/待视觉复核/工具辅助动作
cfv_0035,一个瑜伽小球告别跑跳漏氵尴尬6.3（2）.mp4,pending_visual_review,痛点可视化 + 解决方案 + 效果对比 + 行动指令,痛点/结果可视化 + 工具辅助动作 + 低压行动,rename,3,1,漏尿漏水尴尬；基于标题/路径语义，待关键帧确认,工具辅助动作；需确认动作完整循环、发力点、方向/次数/呼吸,轻跟练/收藏/风险提醒优先；强转化与效果承诺待人工删改,工具辅助动作；当前未调用视觉模型，动作画面证据待人审,pending_visual_review：未做人脸/情绪视觉识别,文件名/路径语义可辅助，不能替代字幕 OCR 或画面确认,pending_visual_review：未做 ASR/口播与动作同步验证,缺业务/健康事实确认,只作灵感,B,关键帧确认动作是否完整；字幕/口播是否同题兑现；健康/效果/价格/课程事实待客户确认,效果承诺风险,元数据：20.875s，1080x1920，30.000fps，audio=true；标题锚点：漏尿漏水尴尬/漏尿漏水改善/工具辅助动作
cfv_0036,一个瑜伽小球练出灵动的八爪鱼6.1（3）.mp4,pending_visual_review,人群点名 + 痛点放大 + 单动作演示 + 坚持建议,痛点/人群点名 + 工具辅助动作 + 坚持建议,merge,3,3,盆底松弛无力；基于标题/路径语义，待关键帧确认,工具辅助动作；需确认动作完整循环、发力点、方向/次数/呼吸,轻跟练/收藏/风险提醒优先；强转化与效果承诺待人工删改,工具辅助动作；当前未调用视觉模型，动作画面证据待人审,pending_visual_review：未做人脸/情绪视觉识别,文件名/路径语义可辅助，不能替代字幕 OCR 或画面确认,pending_visual_review：未做 ASR/口播与动作同步验证,无明显缺失但需视觉人审,可二次加工,B,关键帧确认动作是否完整；字幕/口播是否同题兑现；健康/效果/价格/课程事实待客户确认,无明显标题风险，但仍需视觉和业务人审,元数据：16.974s，1080x1920，30.000fps，audio=true；标题锚点：盆底松弛无力/盆底紧致/八爪鱼/抓握力/工具辅助动作
cfv_0037,一个瑜伽小球练出灵动的八爪鱼6.8（（3）.mp4,pending_visual_review,人群点名 + 痛点放大 + 单动作演示 + 坚持建议,痛点/人群点名 + 工具辅助动作 + 坚持建议,merge,3,3,盆底松弛无力；基于标题/路径语义，待关键帧确认,工具辅助动作；需确认动作完整循环、发力点、方向/次数/呼吸,轻跟练/收藏/风险提醒优先；强转化与效果承诺待人工删改,工具辅助动作；当前未调用视觉模型，动作画面证据待人审,pending_visual_review：未做人脸/情绪视觉识别,文件名/路径语义可辅助，不能替代字幕 OCR 或画面确认,pending_visual_review：未做 ASR/口播与动作同步验证,无明显缺失但需视觉人审,可二次加工,B,关键帧确认动作是否完整；字幕/口播是否同题兑现；健康/效果/价格/课程事实待客户确认,无明显标题风险，但仍需视觉和业务人审,元数据：31.904s，1080x1920，30.000fps，audio=true；标题锚点：盆底松弛无力/盆底紧致/八爪鱼/抓握力/工具辅助动作
cfv_0038,一个瑜伽小球练出紧致八爪鱼.mp4,pending_visual_review,人群点名 + 痛点放大 + 单动作演示 + 坚持建议,痛点/人群点名 + 工具辅助动作 + 坚持建议,merge,3,3,盆底松弛无力；基于标题/路径语义，待关键帧确认,工具辅助动作；需确认动作完整循环、发力点、方向/次数/呼吸,轻跟练/收藏/风险提醒优先；强转化与效果承诺待人工删改,工具辅助动作；当前未调用视觉模型，动作画面证据待人审,pending_visual_review：未做人脸/情绪视觉识别,文件名/路径语义可辅助，不能替代字幕 OCR 或画面确认,pending_visual_review：未做 ASR/口播与动作同步验证,无明显缺失但需视觉人审,可二次加工,B,关键帧确认动作是否完整；字幕/口播是否同题兑现；健康/效果/价格/课程事实待客户确认,无明显标题风险，但仍需视觉和业务人审,元数据：23.173s，1080x1920，30.000fps，audio=true；标题锚点：盆底松弛无力/盆底紧致/八爪鱼/抓握力/工具辅助动作
cfv_0039,一个瑜伽小球练出美丽的八爪鱼.mp4,pending_visual_review,人群点名 + 痛点放大 + 单动作演示 + 坚持建议,痛点/人群点名 + 工具辅助动作 + 坚持建议,merge,3,3,盆底松弛无力；基于标题/路径语义，待关键帧确认,工具辅助动作；需确认动作完整循环、发力点、方向/次数/呼吸,轻跟练/收藏/风险提醒优先；强转化与效果承诺待人工删改,工具辅助动作；当前未调用视觉模型，动作画面证据待人审,pending_visual_review：未做人脸/情绪视觉识别,文件名/路径语义可辅助，不能替代字幕 OCR 或画面确认,pending_visual_review：未做 ASR/口播与动作同步验证,无明显缺失但需视觉人审,可二次加工,B,关键帧确认动作是否完整；字幕/口播是否同题兑现；健康/效果/价格/课程事实待客户确认,无明显标题风险，但仍需视觉和业务人审,元数据：15.069s，1080x1920，30.000fps，audio=true；标题锚点：盆底松弛无力/盆底紧致/八爪鱼/抓握力/工具辅助动作
cfv_0040,一个瑜伽小球练出美丽的盆底肌6.1（4）.mp4,pending_visual_review,人群点名 + 痛点放大 + 单动作演示 + 坚持建议,痛点/人群点名 + 工具辅助动作 + 坚持建议,merge,3,3,盆底松弛无力；基于标题/路径语义，待关键帧确认,工具辅助动作；需确认动作完整循环、发力点、方向/次数/呼吸,轻跟练/收藏/风险提醒优先；强转化与效果承诺待人工删改,工具辅助动作；当前未调用视觉模型，动作画面证据待人审,pending_visual_review：未做人脸/情绪视觉识别,文件名/路径语义可辅助，不能替代字幕 OCR 或画面确认,pending_visual_review：未做 ASR/口播与动作同步验证,无明显缺失但需视觉人审,可二次加工,A,关键帧确认动作是否完整；字幕/口播是否同题兑现；健康/效果/价格/课程事实待客户确认,医学/健康边界风险,元数据：17.670s，1080x1920，30.000fps，audio=true；标题锚点：盆底松弛无力/待视觉复核/工具辅助动作
cfv_0041,一个瑜伽小球练出美丽的马甲线6.2.mp4,pending_visual_review,人群点名 + 痛点放大 + 单动作演示 + 坚持建议,痛点/人群点名 + 工具辅助动作 + 坚持建议,merge,3,1,待视觉复核；基于标题/路径语义，待关键帧确认,工具辅助动作；需确认动作完整循环、发力点、方向/次数/呼吸,轻跟练/收藏/风险提醒优先；强转化与效果承诺待人工删改,工具辅助动作；当前未调用视觉模型，动作画面证据待人审,pending_visual_review：未做人脸/情绪视觉识别,文件名/路径语义可辅助，不能替代字幕 OCR 或画面确认,pending_visual_review：未做 ASR/口播与动作同步验证,缺开头人群/痛点,只作灵感,B,关键帧确认动作是否完整；字幕/口播是否同题兑现；健康/效果/价格/课程事实待客户确认,无明显标题风险，但仍需视觉和业务人审,元数据：11.285s，1080x1920，30.000fps，audio=true；标题锚点：待视觉复核/小腹平/肚子平/工具辅助动作
cfv_0042,一个瑜伽小球肚子平了臀饱满6.10.mp4,pending_visual_review,痛点可视化 + 解决方案 + 效果对比 + 行动指令,痛点/结果可视化 + 工具辅助动作 + 低压行动,rename,3,1,小腹凸/腹压/悬垂腹；基于标题/路径语义，待关键帧确认,工具辅助动作；需确认动作完整循环、发力点、方向/次数/呼吸,轻跟练/收藏/风险提醒优先；强转化与效果承诺待人工删改,工具辅助动作；当前未调用视觉模型，动作画面证据待人审,pending_visual_review：未做人脸/情绪视觉识别,文件名/路径语义可辅助，不能替代字幕 OCR 或画面确认,pending_visual_review：未做 ASR/口播与动作同步验证,缺业务/健康事实确认,只作灵感,B,关键帧确认动作是否完整；字幕/口播是否同题兑现；健康/效果/价格/课程事实待客户确认,效果承诺风险,元数据：15.580s，1080x1920，30.000fps，audio=true；标题锚点：小腹凸/腹压/悬垂腹/小腹平/肚子平/工具辅助动作
cfv_0043,一个瑜伽小球肚子平了臀饱满了6.17.mp4,pending_visual_review,痛点可视化 + 解决方案 + 效果对比 + 行动指令,痛点/结果可视化 + 工具辅助动作 + 低压行动,rename,3,1,小腹凸/腹压/悬垂腹；基于标题/路径语义，待关键帧确认,工具辅助动作；需确认动作完整循环、发力点、方向/次数/呼吸,轻跟练/收藏/风险提醒优先；强转化与效果承诺待人工删改,工具辅助动作；当前未调用视觉模型，动作画面证据待人审,pending_visual_review：未做人脸/情绪视觉识别,文件名/路径语义可辅助，不能替代字幕 OCR 或画面确认,pending_visual_review：未做 ASR/口播与动作同步验证,缺业务/健康事实确认,只作灵感,B,关键帧确认动作是否完整；字幕/口播是否同题兑现；健康/效果/价格/课程事实待客户确认,效果承诺风险,元数据：16.904s，1080x1920，30.000fps，audio=true；标题锚点：小腹凸/腹压/悬垂腹/小腹平/肚子平/工具辅助动作
cfv_0044,一个瑜伽球练出八爪鱼.mp4,pending_visual_review,人群点名 + 痛点放大 + 单动作演示 + 坚持建议,痛点/人群点名 + 工具辅助动作 + 坚持建议,merge,3,3,盆底松弛无力；基于标题/路径语义，待关键帧确认,工具辅助动作；需确认动作完整循环、发力点、方向/次数/呼吸,轻跟练/收藏/风险提醒优先；强转化与效果承诺待人工删改,工具辅助动作；当前未调用视觉模型，动作画面证据待人审,pending_visual_review：未做人脸/情绪视觉识别,文件名/路径语义可辅助，不能替代字幕 OCR 或画面确认,pending_visual_review：未做 ASR/口播与动作同步验证,无明显缺失但需视觉人审,可二次加工,B,关键帧确认动作是否完整；字幕/口播是否同题兑现；健康/效果/价格/课程事实待客户确认,无明显标题风险，但仍需视觉和业务人审,元数据：13.142s，720x1280，30.000fps，audio=true；标题锚点：盆底松弛无力/盆底紧致/八爪鱼/抓握力/工具辅助动作
cfv_0045,一分钟握力测试多少次才算及格呢 切片.mp4,pending_visual_review,痛点问题 + 原因解释 + 方法交付,问题问答 + 原因解释 + 方法边界（泛身体状态/待视觉复核）,keep,3,3,待视觉复核；基于标题/路径语义，待关键帧确认,工具辅助动作；需确认动作完整循环、发力点、方向/次数/呼吸,轻跟练/收藏/风险提醒优先；强转化与效果承诺待人工删改,工具辅助动作；当前未调用视觉模型，动作画面证据待人审,pending_visual_review：未做人脸/情绪视觉识别,文件名/路径语义可辅助，不能替代字幕 OCR 或画面确认,pending_visual_review：未做 ASR/口播与动作同步验证,缺开头人群/痛点,可二次加工,B,关键帧确认动作是否完整；字幕/口播是否同题兑现；健康/效果/价格/课程事实待客户确认,无明显标题风险，但仍需视觉和业务人审,元数据：151.742s，1080x1920，30.000fps，audio=true；标题锚点：待视觉复核/待视觉复核/工具辅助动作
cfv_0046,一咳嗽就失控这个动作告别尴尬.mp4,pending_visual_review,痛点可视化 + 解决方案 + 效果对比 + 行动指令,痛点/结果可视化 + 单动作循环演示 + 低压行动,rename,3,1,漏尿漏水尴尬；基于标题/路径语义，待关键帧确认,单动作循环演示；需确认动作完整循环、发力点、方向/次数/呼吸,轻跟练/收藏/风险提醒优先；强转化与效果承诺待人工删改,单动作循环演示；当前未调用视觉模型，动作画面证据待人审,pending_visual_review：未做人脸/情绪视觉识别,文件名/路径语义可辅助，不能替代字幕 OCR 或画面确认,pending_visual_review：未做 ASR/口播与动作同步验证,缺业务/健康事实确认,只作灵感,B,关键帧确认动作是否完整；字幕/口播是否同题兑现；健康/效果/价格/课程事实待客户确认,效果承诺风险,元数据：48.135s，1080x1920，30.000fps，audio=true；标题锚点：漏尿漏水尴尬/待视觉复核/单动作循环演示
cfv_0047,一招动态臀桥收腰收胯收盆底6.4（3）.mp4,pending_visual_review,痛点可视化 + 解决方案 + 效果对比 + 行动指令,痛点/结果可视化 + 单动作循环演示 + 低压行动,rename,3,3,盆底松弛无力；基于标题/路径语义，待关键帧确认,单动作循环演示；需确认动作完整循环、发力点、方向/次数/呼吸,轻跟练/收藏/风险提醒优先；强转化与效果承诺待人工删改,单动作循环演示；当前未调用视觉模型，动作画面证据待人审,pending_visual_review：未做人脸/情绪视觉识别,文件名/路径语义可辅助，不能替代字幕 OCR 或画面确认,pending_visual_review：未做 ASR/口播与动作同步验证,无明显缺失但需视觉人审,可二次加工,A,关键帧确认动作是否完整；字幕/口播是否同题兑现；健康/效果/价格/课程事实待客户确认,医学/健康边界风险,元数据：34.087s，1080x1920，30.000fps，audio=true；标题锚点：盆底松弛无力/腰细/胯小/腿细/单动作循环演示
cfv_0048,三个动作帮你唤醒身体好状态.mp4,pending_visual_review,人群点名 + 痛点放大 + 单动作演示 + 坚持建议,痛点/人群点名 + 单动作循环演示 + 坚持建议,merge,3,1,待视觉复核；基于标题/路径语义，待关键帧确认,单动作循环演示；需确认动作完整循环、发力点、方向/次数/呼吸,轻跟练/收藏/风险提醒优先；强转化与效果承诺待人工删改,单动作循环演示；当前未调用视觉模型，动作画面证据待人审,pending_visual_review：未做人脸/情绪视觉识别,文件名/路径语义可辅助，不能替代字幕 OCR 或画面确认,pending_visual_review：未做 ASR/口播与动作同步验证,缺开头人群/痛点,只作灵感,B,关键帧确认动作是否完整；字幕/口播是否同题兑现；健康/效果/价格/课程事实待客户确认,无明显标题风险，但仍需视觉和业务人审,元数据：17.345s，1080x1920，30.000fps，audio=true；标题锚点：待视觉复核/好状态/抗衰体态/单动作循环演示
cfv_0049,不管生了几个就练这几个动作6.15.mp4,pending_visual_review,待视觉复核：文件名无足够结构信息,待视觉复核：需关键帧/人工判断后定公式,pending_visual_review,3,1,待视觉复核；基于标题/路径语义，待关键帧确认,单动作循环演示；需确认动作完整循环、发力点、方向/次数/呼吸,轻跟练/收藏/风险提醒优先；强转化与效果承诺待人工删改,单动作循环演示；当前未调用视觉模型，动作画面证据待人审,pending_visual_review：未做人脸/情绪视觉识别,文件名/路径语义可辅助，不能替代字幕 OCR 或画面确认,pending_visual_review：未做 ASR/口播与动作同步验证,缺开头人群/痛点；缺视觉结构证据,只作灵感,B,关键帧确认动作是否完整；字幕/口播是否同题兑现；健康/效果/价格/课程事实待客户确认,无明显标题风险，但仍需视觉和业务人审,元数据：24.334s，1080x1920，30.000fps，audio=true；标题锚点：待视觉复核/待视觉复核/单动作循环演示
cfv_0050,产后假跨宽这一式越练越J.mp4,pending_visual_review,人群点名 + 低门槛动作 + 坚持建议,人群/年龄点名 + 单动作循环演示 + 坚持建议,split,3,1,假胯宽/骨盆外翻/体态问题；基于标题/路径语义，待关键帧确认,单动作循环演示；需确认动作完整循环、发力点、方向/次数/呼吸,轻跟练/收藏/风险提醒优先；强转化与效果承诺待人工删改,单动作循环演示；当前未调用视觉模型，动作画面证据待人审,pending_visual_review：未做人脸/情绪视觉识别,文件名/路径语义可辅助，不能替代字幕 OCR 或画面确认,pending_visual_review：未做 ASR/口播与动作同步验证,无明显缺失但需视觉人审,只作灵感,B,关键帧确认动作是否完整；字幕/口播是否同题兑现；健康/效果/价格/课程事实待客户确认,效果承诺风险,元数据：26.633s，1080x1920，30.000fps，audio=true；标题锚点：假胯宽/骨盆外翻/体态问题/待视觉复核/单动作循环演示
cfv_0051,产后小腹下垂练这一式收固盆底.mp4,pending_visual_review,人群点名 + 低门槛动作 + 坚持建议,人群/年龄点名 + 单动作循环演示 + 坚持建议,split,3,3,盆底松弛无力；基于标题/路径语义，待关键帧确认,单动作循环演示；需确认动作完整循环、发力点、方向/次数/呼吸,轻跟练/收藏/风险提醒优先；强转化与效果承诺待人工删改,单动作循环演示；当前未调用视觉模型，动作画面证据待人审,pending_visual_review：未做人脸/情绪视觉识别,文件名/路径语义可辅助，不能替代字幕 OCR 或画面确认,pending_visual_review：未做 ASR/口播与动作同步验证,无明显缺失但需视觉人审,可二次加工,A,关键帧确认动作是否完整；字幕/口播是否同题兑现；健康/效果/价格/课程事实待客户确认,医学/健康边界风险,元数据：73.468s，1080x1920，30.000fps，audio=true；标题锚点：盆底松弛无力/待视觉复核/单动作循环演示
cfv_0052,产后尴尬漏氵一个动作帮你改变.mp4,pending_visual_review,痛点可视化 + 解决方案 + 效果对比 + 行动指令,痛点/结果可视化 + 单动作循环演示 + 低压行动,rename,3,3,漏尿漏水尴尬；基于标题/路径语义，待关键帧确认,单动作循环演示；需确认动作完整循环、发力点、方向/次数/呼吸,轻跟练/收藏/风险提醒优先；强转化与效果承诺待人工删改,单动作循环演示；当前未调用视觉模型，动作画面证据待人审,pending_visual_review：未做人脸/情绪视觉识别,文件名/路径语义可辅助，不能替代字幕 OCR 或画面确认,pending_visual_review：未做 ASR/口播与动作同步验证,缺业务/健康事实确认,可二次加工,A,关键帧确认动作是否完整；字幕/口播是否同题兑现；健康/效果/价格/课程事实待客户确认,效果承诺风险；单一方法过度承诺,元数据：62.322s，1080x1920，30.000fps，audio=true；标题锚点：漏尿漏水尴尬/漏尿漏水改善/单动作循环演示
cfv_0053,产后尴尬漏氵只需一个小球帮你.mp4,pending_visual_review,痛点可视化 + 解决方案 + 效果对比 + 行动指令,痛点/结果可视化 + 工具辅助动作 + 低压行动,rename,3,1,漏尿漏水尴尬；基于标题/路径语义，待关键帧确认,工具辅助动作；需确认动作完整循环、发力点、方向/次数/呼吸,轻跟练/收藏/风险提醒优先；强转化与效果承诺待人工删改,工具辅助动作；当前未调用视觉模型，动作画面证据待人审,pending_visual_review：未做人脸/情绪视觉识别,文件名/路径语义可辅助，不能替代字幕 OCR 或画面确认,pending_visual_review：未做 ASR/口播与动作同步验证,缺业务/健康事实确认,只作灵感,B,关键帧确认动作是否完整；字幕/口播是否同题兑现；健康/效果/价格/课程事实待客户确认,单一方法过度承诺,元数据：18.367s，1080x1920，30.000fps，audio=true；标题锚点：漏尿漏水尴尬/待视觉复核/工具辅助动作
cfv_0054,产后扁平臀.mp4,pending_visual_review,人群点名 + 低门槛动作 + 坚持建议,人群/年龄点名 + 动作证据待视觉复核 + 坚持建议,split,3,3,臀凹陷/妈妈臀/扁平臀；基于标题/路径语义，待关键帧确认,待视觉复核；需确认动作完整循环、发力点、方向/次数/呼吸,轻跟练/收藏/风险提醒优先；强转化与效果承诺待人工删改,待视觉复核；当前未调用视觉模型，动作画面证据待人审,pending_visual_review：未做人脸/情绪视觉识别,文件名/路径语义可辅助，不能替代字幕 OCR 或画面确认,pending_visual_review：未做 ASR/口播与动作同步验证,缺动作证据,可二次加工,B,关键帧确认动作是否完整；字幕/口播是否同题兑现；健康/效果/价格/课程事实待客户确认,无明显标题风险，但仍需视觉和业务人审,元数据：20.085s，1080x1920，30.000fps，audio=true；标题锚点：臀凹陷/妈妈臀/扁平臀/待视觉复核/待视觉复核
cfv_0055,产后漏尿尴尬.mp4,pending_visual_review,人群点名 + 低门槛动作 + 坚持建议,人群/年龄点名 + 动作证据待视觉复核 + 坚持建议,split,3,3,漏尿漏水尴尬；基于标题/路径语义，待关键帧确认,待视觉复核；需确认动作完整循环、发力点、方向/次数/呼吸,轻跟练/收藏/风险提醒优先；强转化与效果承诺待人工删改,待视觉复核；当前未调用视觉模型，动作画面证据待人审,pending_visual_review：未做人脸/情绪视觉识别,文件名/路径语义可辅助，不能替代字幕 OCR 或画面确认,pending_visual_review：未做 ASR/口播与动作同步验证,缺动作证据,可二次加工,A,关键帧确认动作是否完整；字幕/口播是否同题兑现；健康/效果/价格/课程事实待客户确认,医学/健康边界风险,元数据：22.848s，1080x1920，30.000fps，audio=true；标题锚点：漏尿漏水尴尬/待视觉复核/待视觉复核
cfv_0056,产后漏水不用愁一个小球帮你改变.mp4,pending_visual_review,痛点可视化 + 解决方案 + 效果对比 + 行动指令,痛点/结果可视化 + 工具辅助动作 + 低压行动,rename,3,3,漏尿漏水尴尬；基于标题/路径语义，待关键帧确认,工具辅助动作；需确认动作完整循环、发力点、方向/次数/呼吸,轻跟练/收藏/风险提醒优先；强转化与效果承诺待人工删改,工具辅助动作；当前未调用视觉模型，动作画面证据待人审,pending_visual_review：未做人脸/情绪视觉识别,文件名/路径语义可辅助，不能替代字幕 OCR 或画面确认,pending_visual_review：未做 ASR/口播与动作同步验证,缺业务/健康事实确认,可二次加工,B,关键帧确认动作是否完整；字幕/口播是否同题兑现；健康/效果/价格/课程事实待客户确认,医学/健康边界风险；效果承诺风险；单一方法过度承诺,元数据：25.472s，1080x1920，30.000fps，audio=true；标题锚点：漏尿漏水尴尬/漏尿漏水改善/工具辅助动作
cfv_0057,产后盆底高张一个动作帮你改善.mp4,pending_visual_review,痛点可视化 + 解决方案 + 效果对比 + 行动指令,痛点/结果可视化 + 单动作循环演示 + 低压行动,rename,3,3,盆底松弛无力；基于标题/路径语义，待关键帧确认,单动作循环演示；需确认动作完整循环、发力点、方向/次数/呼吸,轻跟练/收藏/风险提醒优先；强转化与效果承诺待人工删改,单动作循环演示；当前未调用视觉模型，动作画面证据待人审,pending_visual_review：未做人脸/情绪视觉识别,文件名/路径语义可辅助，不能替代字幕 OCR 或画面确认,pending_visual_review：未做 ASR/口播与动作同步验证,缺业务/健康事实确认,可二次加工,A,关键帧确认动作是否完整；字幕/口播是否同题兑现；健康/效果/价格/课程事实待客户确认,医学/健康边界风险；效果承诺风险；单一方法过度承诺,元数据：21.548s，1080x1920，30.000fps，audio=true；标题锚点：盆底松弛无力/待视觉复核/单动作循环演示
cfv_0058,产后膨出脱垂只需一个动作搞定.mp4,pending_visual_review,痛点可视化 + 解决方案 + 效果对比 + 行动指令,痛点/结果可视化 + 单动作循环演示 + 低压行动,rename,3,1,膨出脱垂/下垂；基于标题/路径语义，待关键帧确认,单动作循环演示；需确认动作完整循环、发力点、方向/次数/呼吸,轻跟练/收藏/风险提醒优先；强转化与效果承诺待人工删改,单动作循环演示；当前未调用视觉模型，动作画面证据待人审,pending_visual_review：未做人脸/情绪视觉识别,文件名/路径语义可辅助，不能替代字幕 OCR 或画面确认,pending_visual_review：未做 ASR/口播与动作同步验证,缺业务/健康事实确认,只作灵感,B,关键帧确认动作是否完整；字幕/口播是否同题兑现；健康/效果/价格/课程事实待客户确认,医学/健康边界风险；效果承诺风险；单一方法过度承诺,元数据：74.048s，1080x1920，30.000fps，audio=true；标题锚点：膨出脱垂/下垂/待视觉复核/单动作循环演示
cfv_0059,产后臀凹陷一个动作帮你改变.mp4,pending_visual_review,痛点可视化 + 解决方案 + 效果对比 + 行动指令,痛点/结果可视化 + 单动作循环演示 + 低压行动,rename,3,3,臀凹陷/妈妈臀/扁平臀；基于标题/路径语义，待关键帧确认,单动作循环演示；需确认动作完整循环、发力点、方向/次数/呼吸,轻跟练/收藏/风险提醒优先；强转化与效果承诺待人工删改,单动作循环演示；当前未调用视觉模型，动作画面证据待人审,pending_visual_review：未做人脸/情绪视觉识别,文件名/路径语义可辅助，不能替代字幕 OCR 或画面确认,pending_visual_review：未做 ASR/口播与动作同步验证,缺业务/健康事实确认,可二次加工,A,关键帧确认动作是否完整；字幕/口播是否同题兑现；健康/效果/价格/课程事实待客户确认,效果承诺风险；单一方法过度承诺,元数据：12.980s，1080x1920，30.000fps，audio=true；标题锚点：臀凹陷/妈妈臀/扁平臀/待视觉复核/单动作循环演示
cfv_0060,产后骨盆外翻一个动作告别困扰.mp4,pending_visual_review,痛点可视化 + 解决方案 + 效果对比 + 行动指令,痛点/结果可视化 + 单动作循环演示 + 低压行动,rename,3,1,假胯宽/骨盆外翻/体态问题；基于标题/路径语义，待关键帧确认,单动作循环演示；需确认动作完整循环、发力点、方向/次数/呼吸,轻跟练/收藏/风险提醒优先；强转化与效果承诺待人工删改,单动作循环演示；当前未调用视觉模型，动作画面证据待人审,pending_visual_review：未做人脸/情绪视觉识别,文件名/路径语义可辅助，不能替代字幕 OCR 或画面确认,pending_visual_review：未做 ASR/口播与动作同步验证,缺业务/健康事实确认,只作灵感,B,关键帧确认动作是否完整；字幕/口播是否同题兑现；健康/效果/价格/课程事实待客户确认,效果承诺风险；单一方法过度承诺,元数据：41.355s，1080x1920，30.000fps，audio=true；标题锚点：假胯宽/骨盆外翻/体态问题/待视觉复核/单动作循环演示
cfv_0061,产后骨盆外翻一个动作帮你回正6.11.mp4,pending_visual_review,人群点名 + 低门槛动作 + 坚持建议,人群/年龄点名 + 单动作循环演示 + 坚持建议,split,3,3,假胯宽/骨盆外翻/体态问题；基于标题/路径语义，待关键帧确认,单动作循环演示；需确认动作完整循环、发力点、方向/次数/呼吸,轻跟练/收藏/风险提醒优先；强转化与效果承诺待人工删改,单动作循环演示；当前未调用视觉模型，动作画面证据待人审,pending_visual_review：未做人脸/情绪视觉识别,文件名/路径语义可辅助，不能替代字幕 OCR 或画面确认,pending_visual_review：未做 ASR/口播与动作同步验证,无明显缺失但需视觉人审,可二次加工,A,关键帧确认动作是否完整；字幕/口播是否同题兑现；健康/效果/价格/课程事实待客户确认,单一方法过度承诺,元数据：74.977s，1080x1920，30.000fps，audio=true；标题锚点：假胯宽/骨盆外翻/体态问题/待视觉复核/单动作循环演示
cfv_0062,会跳舞的臀你想拥有吗？.mp4,pending_visual_review,待视觉复核：文件名无足够结构信息,待视觉复核：需关键帧/人工判断后定公式,pending_visual_review,1,1,待视觉复核；基于标题/路径语义，待关键帧确认,待视觉复核；需确认动作完整循环、发力点、方向/次数/呼吸,轻跟练/收藏/风险提醒优先；强转化与效果承诺待人工删改,待视觉复核；当前未调用视觉模型，动作画面证据待人审,pending_visual_review：未做人脸/情绪视觉识别,文件名/路径语义可辅助，不能替代字幕 OCR 或画面确认,pending_visual_review：未做 ASR/口播与动作同步验证,缺开头人群/痛点；缺动作证据；缺视觉结构证据,只作灵感,C,关键帧确认动作是否完整；字幕/口播是否同题兑现；健康/效果/价格/课程事实待客户确认,无明显标题风险，但仍需视觉和业务人审,元数据：10.634s，1080x1920，30.000fps，audio=true；标题锚点：待视觉复核/臀翘/臀饱满/蜜桃臀/待视觉复核
cfv_0063,会跳舞的蜜桃臀你想要拥有吗？6.11.mp4,pending_visual_review,待视觉复核：文件名无足够结构信息,待视觉复核：需关键帧/人工判断后定公式,pending_visual_review,3,3,臀凹陷/妈妈臀/扁平臀；基于标题/路径语义，待关键帧确认,待视觉复核；需确认动作完整循环、发力点、方向/次数/呼吸,轻跟练/收藏/风险提醒优先；强转化与效果承诺待人工删改,待视觉复核；当前未调用视觉模型，动作画面证据待人审,pending_visual_review：未做人脸/情绪视觉识别,文件名/路径语义可辅助，不能替代字幕 OCR 或画面确认,pending_visual_review：未做 ASR/口播与动作同步验证,缺动作证据；缺视觉结构证据,只作灵感,B,关键帧确认动作是否完整；字幕/口播是否同题兑现；健康/效果/价格/课程事实待客户确认,无明显标题风险，但仍需视觉和业务人审,元数据：10.634s，1080x1920，30.000fps，audio=true；标题锚点：臀凹陷/妈妈臀/扁平臀/臀翘/臀饱满/蜜桃臀/待视觉复核
cfv_0064,停水停电这个动作帮你改变.mp4,pending_visual_review,痛点可视化 + 解决方案 + 效果对比 + 行动指令,痛点/结果可视化 + 单动作循环演示 + 低压行动,rename,3,1,待视觉复核；基于标题/路径语义，待关键帧确认,单动作循环演示；需确认动作完整循环、发力点、方向/次数/呼吸,轻跟练/收藏/风险提醒优先；强转化与效果承诺待人工删改,单动作循环演示；当前未调用视觉模型，动作画面证据待人审,pending_visual_review：未做人脸/情绪视觉识别,文件名/路径语义可辅助，不能替代字幕 OCR 或画面确认,pending_visual_review：未做 ASR/口播与动作同步验证,缺开头人群/痛点；缺业务/健康事实确认,只作灵感,B,关键帧确认动作是否完整；字幕/口播是否同题兑现；健康/效果/价格/课程事实待客户确认,效果承诺风险,元数据：63.298s，1080x1920，30.000fps，audio=true；标题锚点：待视觉复核/待视觉复核/单动作循环演示
cfv_0065,前壁膨出一个小球帮你改变.mp4,pending_visual_review,痛点可视化 + 解决方案 + 效果对比 + 行动指令,痛点/结果可视化 + 工具辅助动作 + 低压行动,rename,3,3,膨出脱垂/下垂；基于标题/路径语义，待关键帧确认,工具辅助动作；需确认动作完整循环、发力点、方向/次数/呼吸,轻跟练/收藏/风险提醒优先；强转化与效果承诺待人工删改,工具辅助动作；当前未调用视觉模型，动作画面证据待人审,pending_visual_review：未做人脸/情绪视觉识别,文件名/路径语义可辅助，不能替代字幕 OCR 或画面确认,pending_visual_review：未做 ASR/口播与动作同步验证,缺业务/健康事实确认,可二次加工,B,关键帧确认动作是否完整；字幕/口播是否同题兑现；健康/效果/价格/课程事实待客户确认,医学/健康边界风险；效果承诺风险；单一方法过度承诺,元数据：44.605s，1080x1920，30.000fps，audio=true；标题锚点：膨出脱垂/下垂/待视觉复核/工具辅助动作
cfv_0066,口子闭合不上一个小球告别困扰.mp4,pending_visual_review,痛点可视化 + 解决方案 + 效果对比 + 行动指令,痛点/结果可视化 + 工具辅助动作 + 低压行动,rename,3,1,待视觉复核；基于标题/路径语义，待关键帧确认,工具辅助动作；需确认动作完整循环、发力点、方向/次数/呼吸,轻跟练/收藏/风险提醒优先；强转化与效果承诺待人工删改,工具辅助动作；当前未调用视觉模型，动作画面证据待人审,pending_visual_review：未做人脸/情绪视觉识别,文件名/路径语义可辅助，不能替代字幕 OCR 或画面确认,pending_visual_review：未做 ASR/口播与动作同步验证,缺开头人群/痛点；缺业务/健康事实确认,只作灵感,B,关键帧确认动作是否完整；字幕/口播是否同题兑现；健康/效果/价格/课程事实待客户确认,效果承诺风险；单一方法过度承诺,元数据：48.181s，1080x1920，30.000fps，audio=true；标题锚点：待视觉复核/待视觉复核/工具辅助动作
cfv_0067,只练这几个动作拥有八爪鱼般抓握力6.15.mp4,pending_visual_review,待视觉复核：文件名无足够结构信息,待视觉复核：需关键帧/人工判断后定公式,pending_visual_review,3,3,盆底松弛无力；基于标题/路径语义，待关键帧确认,单动作循环演示；需确认动作完整循环、发力点、方向/次数/呼吸,轻跟练/收藏/风险提醒优先；强转化与效果承诺待人工删改,单动作循环演示；当前未调用视觉模型，动作画面证据待人审,pending_visual_review：未做人脸/情绪视觉识别,文件名/路径语义可辅助，不能替代字幕 OCR 或画面确认,pending_visual_review：未做 ASR/口播与动作同步验证,缺视觉结构证据,只作灵感,A,关键帧确认动作是否完整；字幕/口播是否同题兑现；健康/效果/价格/课程事实待客户确认,无明显标题风险，但仍需视觉和业务人审,元数据：16.648s，1080x1920，30.000fps，audio=true；标题锚点：盆底松弛无力/盆底紧致/八爪鱼/抓握力/单动作循环演示
cfv_0068,只需一个动作小腹凸出不见了.mp4,pending_visual_review,痛点可视化 + 解决方案 + 效果对比 + 行动指令,痛点/结果可视化 + 单动作循环演示 + 低压行动,rename,3,1,小腹凸/腹压/悬垂腹；基于标题/路径语义，待关键帧确认,单动作循环演示；需确认动作完整循环、发力点、方向/次数/呼吸,轻跟练/收藏/风险提醒优先；强转化与效果承诺待人工删改,单动作循环演示；当前未调用视觉模型，动作画面证据待人审,pending_visual_review：未做人脸/情绪视觉识别,文件名/路径语义可辅助，不能替代字幕 OCR 或画面确认,pending_visual_review：未做 ASR/口播与动作同步验证,缺业务/健康事实确认,只作灵感,B,关键帧确认动作是否完整；字幕/口播是否同题兑现；健康/效果/价格/课程事实待客户确认,效果承诺风险；单一方法过度承诺,元数据：42.910s，1080x1920，30.000fps，audio=true；标题锚点：小腹凸/腹压/悬垂腹/小腹平/肚子平/单动作循环演示
cfv_0069,只需一个动作收腰收胯收盆底.mp4,pending_visual_review,痛点可视化 + 解决方案 + 效果对比 + 行动指令,痛点/结果可视化 + 单动作循环演示 + 低压行动,rename,3,1,盆底松弛无力；基于标题/路径语义，待关键帧确认,单动作循环演示；需确认动作完整循环、发力点、方向/次数/呼吸,轻跟练/收藏/风险提醒优先；强转化与效果承诺待人工删改,单动作循环演示；当前未调用视觉模型，动作画面证据待人审,pending_visual_review：未做人脸/情绪视觉识别,文件名/路径语义可辅助，不能替代字幕 OCR 或画面确认,pending_visual_review：未做 ASR/口播与动作同步验证,缺业务/健康事实确认,只作灵感,B,关键帧确认动作是否完整；字幕/口播是否同题兑现；健康/效果/价格/课程事实待客户确认,医学/健康边界风险；单一方法过度承诺,元数据：32.252s，1080x1920，30.000fps，audio=true；标题锚点：盆底松弛无力/腰细/胯小/腿细/单动作循环演示
cfv_0070,只需一个动作改善悬垂腹内压力6.15.mp4,pending_visual_review,痛点可视化 + 解决方案 + 效果对比 + 行动指令,痛点/结果可视化 + 单动作循环演示 + 低压行动,rename,3,1,小腹凸/腹压/悬垂腹；基于标题/路径语义，待关键帧确认,单动作循环演示；需确认动作完整循环、发力点、方向/次数/呼吸,轻跟练/收藏/风险提醒优先；强转化与效果承诺待人工删改,单动作循环演示；当前未调用视觉模型，动作画面证据待人审,pending_visual_review：未做人脸/情绪视觉识别,文件名/路径语义可辅助，不能替代字幕 OCR 或画面确认,pending_visual_review：未做 ASR/口播与动作同步验证,缺业务/健康事实确认,只作灵感,B,关键帧确认动作是否完整；字幕/口播是否同题兑现；健康/效果/价格/课程事实待客户确认,效果承诺风险；单一方法过度承诺,元数据：12.608s，1080x1920，30.000fps，audio=true；标题锚点：小腹凸/腹压/悬垂腹/待视觉复核/单动作循环演示
cfv_0071,只需一个动作盆底肌越练越紧.mp4,pending_visual_review,痛点可视化 + 解决方案 + 效果对比 + 行动指令,痛点/结果可视化 + 单动作循环演示 + 低压行动,rename,3,1,盆底松弛无力；基于标题/路径语义，待关键帧确认,单动作循环演示；需确认动作完整循环、发力点、方向/次数/呼吸,轻跟练/收藏/风险提醒优先；强转化与效果承诺待人工删改,单动作循环演示；当前未调用视觉模型，动作画面证据待人审,pending_visual_review：未做人脸/情绪视觉识别,文件名/路径语义可辅助，不能替代字幕 OCR 或画面确认,pending_visual_review：未做 ASR/口播与动作同步验证,缺业务/健康事实确认,只作灵感,B,关键帧确认动作是否完整；字幕/口播是否同题兑现；健康/效果/价格/课程事实待客户确认,医学/健康边界风险；效果承诺风险；单一方法过度承诺,元数据：28.282s，1080x1920，30.000fps，audio=true；标题锚点：盆底松弛无力/盆底紧致/八爪鱼/抓握力/单动作循环演示
cfv_0072,只需一个动作盆盆松练出少女腹.mp4,pending_visual_review,痛点可视化 + 解决方案 + 效果对比 + 行动指令,痛点/结果可视化 + 单动作循环演示 + 低压行动,rename,3,1,盆底松弛无力；基于标题/路径语义，待关键帧确认,单动作循环演示；需确认动作完整循环、发力点、方向/次数/呼吸,轻跟练/收藏/风险提醒优先；强转化与效果承诺待人工删改,单动作循环演示；当前未调用视觉模型，动作画面证据待人审,pending_visual_review：未做人脸/情绪视觉识别,文件名/路径语义可辅助，不能替代字幕 OCR 或画面确认,pending_visual_review：未做 ASR/口播与动作同步验证,缺业务/健康事实确认,只作灵感,B,关键帧确认动作是否完整；字幕/口播是否同题兑现；健康/效果/价格/课程事实待客户确认,单一方法过度承诺,元数据：10.170s，1080x1920，30.000fps，audio=true；标题锚点：盆底松弛无力/小腹平/肚子平/单动作循环演示
cfv_0073,只需一个动作练出会动的蜜桃臀6.12.mp4,pending_visual_review,痛点可视化 + 解决方案 + 效果对比 + 行动指令,痛点/结果可视化 + 单动作循环演示 + 低压行动,rename,3,1,臀凹陷/妈妈臀/扁平臀；基于标题/路径语义，待关键帧确认,单动作循环演示；需确认动作完整循环、发力点、方向/次数/呼吸,轻跟练/收藏/风险提醒优先；强转化与效果承诺待人工删改,单动作循环演示；当前未调用视觉模型，动作画面证据待人审,pending_visual_review：未做人脸/情绪视觉识别,文件名/路径语义可辅助，不能替代字幕 OCR 或画面确认,pending_visual_review：未做 ASR/口播与动作同步验证,缺业务/健康事实确认,只作灵感,B,关键帧确认动作是否完整；字幕/口播是否同题兑现；健康/效果/价格/课程事实待客户确认,单一方法过度承诺,元数据：11.819s，1080x1920，30.000fps，audio=true；标题锚点：臀凹陷/妈妈臀/扁平臀/臀翘/臀饱满/蜜桃臀/单动作循环演示
cfv_0074,只需一个动作肚子平了臀翘了.mp4,pending_visual_review,痛点可视化 + 解决方案 + 效果对比 + 行动指令,痛点/结果可视化 + 单动作循环演示 + 低压行动,rename,3,1,小腹凸/腹压/悬垂腹；基于标题/路径语义，待关键帧确认,单动作循环演示；需确认动作完整循环、发力点、方向/次数/呼吸,轻跟练/收藏/风险提醒优先；强转化与效果承诺待人工删改,单动作循环演示；当前未调用视觉模型，动作画面证据待人审,pending_visual_review：未做人脸/情绪视觉识别,文件名/路径语义可辅助，不能替代字幕 OCR 或画面确认,pending_visual_review：未做 ASR/口播与动作同步验证,缺业务/健康事实确认,只作灵感,B,关键帧确认动作是否完整；字幕/口播是否同题兑现；健康/效果/价格/课程事实待客户确认,效果承诺风险；单一方法过度承诺,元数据：10.356s，1080x1920，30.000fps，audio=true；标题锚点：小腹凸/腹压/悬垂腹/小腹平/肚子平/单动作循环演示
cfv_0075,只需一个动作腰细了盆底J致了6.12.mp4,pending_visual_review,痛点可视化 + 解决方案 + 效果对比 + 行动指令,痛点/结果可视化 + 单动作循环演示 + 低压行动,rename,3,1,盆底松弛无力；基于标题/路径语义，待关键帧确认,单动作循环演示；需确认动作完整循环、发力点、方向/次数/呼吸,轻跟练/收藏/风险提醒优先；强转化与效果承诺待人工删改,单动作循环演示；当前未调用视觉模型，动作画面证据待人审,pending_visual_review：未做人脸/情绪视觉识别,文件名/路径语义可辅助，不能替代字幕 OCR 或画面确认,pending_visual_review：未做 ASR/口播与动作同步验证,缺业务/健康事实确认,只作灵感,B,关键帧确认动作是否完整；字幕/口播是否同题兑现；健康/效果/价格/课程事实待客户确认,医学/健康边界风险；单一方法过度承诺,元数据：11.819s，1080x1920，30.000fps，audio=true；标题锚点：盆底松弛无力/盆底紧致/八爪鱼/抓握力/单动作循环演示
cfv_0076,只需一个动作腰细了臀部翘了.mp4,pending_visual_review,痛点可视化 + 解决方案 + 效果对比 + 行动指令,痛点/结果可视化 + 单动作循环演示 + 低压行动,rename,3,1,臀凹陷/妈妈臀/扁平臀；基于标题/路径语义，待关键帧确认,单动作循环演示；需确认动作完整循环、发力点、方向/次数/呼吸,轻跟练/收藏/风险提醒优先；强转化与效果承诺待人工删改,单动作循环演示；当前未调用视觉模型，动作画面证据待人审,pending_visual_review：未做人脸/情绪视觉识别,文件名/路径语义可辅助，不能替代字幕 OCR 或画面确认,pending_visual_review：未做 ASR/口播与动作同步验证,缺业务/健康事实确认,只作灵感,B,关键帧确认动作是否完整；字幕/口播是否同题兑现；健康/效果/价格/课程事实待客户确认,效果承诺风险；单一方法过度承诺,元数据：12.701s，1080x1920，30.000fps，audio=true；标题锚点：臀凹陷/妈妈臀/扁平臀/臀翘/臀饱满/蜜桃臀/单动作循环演示
cfv_0077,只需一个动作腿细了胯缩小了.mp4,pending_visual_review,痛点可视化 + 解决方案 + 效果对比 + 行动指令,痛点/结果可视化 + 单动作循环演示 + 低压行动,rename,3,1,假胯宽/骨盆外翻/体态问题；基于标题/路径语义，待关键帧确认,单动作循环演示；需确认动作完整循环、发力点、方向/次数/呼吸,轻跟练/收藏/风险提醒优先；强转化与效果承诺待人工删改,单动作循环演示；当前未调用视觉模型，动作画面证据待人审,pending_visual_review：未做人脸/情绪视觉识别,文件名/路径语义可辅助，不能替代字幕 OCR 或画面确认,pending_visual_review：未做 ASR/口播与动作同步验证,缺业务/健康事实确认,只作灵感,B,关键帧确认动作是否完整；字幕/口播是否同题兑现；健康/效果/价格/课程事实待客户确认,单一方法过度承诺,元数据：36.641s，1080x1920，30.000fps，audio=true；标题锚点：假胯宽/骨盆外翻/体态问题/腰细/胯小/腿细/单动作循环演示
cfv_0078,只需一个动作臀饱满了腰细了6.11.mp4,pending_visual_review,痛点可视化 + 解决方案 + 效果对比 + 行动指令,痛点/结果可视化 + 单动作循环演示 + 低压行动,rename,3,1,臀凹陷/妈妈臀/扁平臀；基于标题/路径语义，待关键帧确认,单动作循环演示；需确认动作完整循环、发力点、方向/次数/呼吸,轻跟练/收藏/风险提醒优先；强转化与效果承诺待人工删改,单动作循环演示；当前未调用视觉模型，动作画面证据待人审,pending_visual_review：未做人脸/情绪视觉识别,文件名/路径语义可辅助，不能替代字幕 OCR 或画面确认,pending_visual_review：未做 ASR/口播与动作同步验证,缺业务/健康事实确认,只作灵感,B,关键帧确认动作是否完整；字幕/口播是否同题兑现；健康/效果/价格/课程事实待客户确认,单一方法过度承诺,元数据：10.356s，1080x1920，30.000fps，audio=true；标题锚点：臀凹陷/妈妈臀/扁平臀/臀翘/臀饱满/蜜桃臀/单动作循环演示
cfv_0079,只需一个动作臀饱满盆底肌J致了6.12.mp4,pending_visual_review,痛点可视化 + 解决方案 + 效果对比 + 行动指令,痛点/结果可视化 + 单动作循环演示 + 低压行动,rename,3,1,盆底松弛无力；基于标题/路径语义，待关键帧确认,单动作循环演示；需确认动作完整循环、发力点、方向/次数/呼吸,轻跟练/收藏/风险提醒优先；强转化与效果承诺待人工删改,单动作循环演示；当前未调用视觉模型，动作画面证据待人审,pending_visual_review：未做人脸/情绪视觉识别,文件名/路径语义可辅助，不能替代字幕 OCR 或画面确认,pending_visual_review：未做 ASR/口播与动作同步验证,缺业务/健康事实确认,只作灵感,B,关键帧确认动作是否完整；字幕/口播是否同题兑现；健康/效果/价格/课程事实待客户确认,医学/健康边界风险；单一方法过度承诺,元数据：13.816s，1080x1920，30.000fps，audio=true；标题锚点：盆底松弛无力/臀翘/臀饱满/蜜桃臀/单动作循环演示
cfv_0080,只需一个小球内脏下垂不见了.mp4,pending_visual_review,痛点可视化 + 解决方案 + 效果对比 + 行动指令,痛点/结果可视化 + 工具辅助动作 + 低压行动,rename,3,1,膨出脱垂/下垂；基于标题/路径语义，待关键帧确认,工具辅助动作；需确认动作完整循环、发力点、方向/次数/呼吸,轻跟练/收藏/风险提醒优先；强转化与效果承诺待人工删改,工具辅助动作；当前未调用视觉模型，动作画面证据待人审,pending_visual_review：未做人脸/情绪视觉识别,文件名/路径语义可辅助，不能替代字幕 OCR 或画面确认,pending_visual_review：未做 ASR/口播与动作同步验证,缺业务/健康事实确认,只作灵感,B,关键帧确认动作是否完整；字幕/口播是否同题兑现；健康/效果/价格/课程事实待客户确认,医学/健康边界风险；效果承诺风险；单一方法过度承诺,元数据：42.934s，1080x1920，30.000fps，audio=true；标题锚点：膨出脱垂/下垂/待视觉复核/工具辅助动作
cfv_0081,只需一个小球告别跑跳漏水困扰.mp4,pending_visual_review,痛点可视化 + 解决方案 + 效果对比 + 行动指令,痛点/结果可视化 + 工具辅助动作 + 低压行动,rename,3,1,漏尿漏水尴尬；基于标题/路径语义，待关键帧确认,工具辅助动作；需确认动作完整循环、发力点、方向/次数/呼吸,轻跟练/收藏/风险提醒优先；强转化与效果承诺待人工删改,工具辅助动作；当前未调用视觉模型，动作画面证据待人审,pending_visual_review：未做人脸/情绪视觉识别,文件名/路径语义可辅助，不能替代字幕 OCR 或画面确认,pending_visual_review：未做 ASR/口播与动作同步验证,缺业务/健康事实确认,只作灵感,B,关键帧确认动作是否完整；字幕/口播是否同题兑现；健康/效果/价格/课程事实待客户确认,医学/健康边界风险；效果承诺风险；单一方法过度承诺,元数据：28.723s，1080x1920，30.000fps，audio=true；标题锚点：漏尿漏水尴尬/漏尿漏水改善/工具辅助动作
cfv_0082,只需一个小球拯救妈妈臀臀凹陷.mp4,pending_visual_review,痛点可视化 + 解决方案 + 效果对比 + 行动指令,痛点/结果可视化 + 工具辅助动作 + 低压行动,rename,3,1,臀凹陷/妈妈臀/扁平臀；基于标题/路径语义，待关键帧确认,工具辅助动作；需确认动作完整循环、发力点、方向/次数/呼吸,轻跟练/收藏/风险提醒优先；强转化与效果承诺待人工删改,工具辅助动作；当前未调用视觉模型，动作画面证据待人审,pending_visual_review：未做人脸/情绪视觉识别,文件名/路径语义可辅助，不能替代字幕 OCR 或画面确认,pending_visual_review：未做 ASR/口播与动作同步验证,缺业务/健康事实确认,只作灵感,B,关键帧确认动作是否完整；字幕/口播是否同题兑现；健康/效果/价格/课程事实待客户确认,单一方法过度承诺,元数据：29.652s，1080x1920，30.000fps，audio=true；标题锚点：臀凹陷/妈妈臀/扁平臀/待视觉复核/工具辅助动作
cfv_0083,只需一个小球练出紧致的盆底肌.mp4,pending_visual_review,痛点可视化 + 解决方案 + 效果对比 + 行动指令,痛点/结果可视化 + 工具辅助动作 + 低压行动,rename,3,1,盆底松弛无力；基于标题/路径语义，待关键帧确认,工具辅助动作；需确认动作完整循环、发力点、方向/次数/呼吸,轻跟练/收藏/风险提醒优先；强转化与效果承诺待人工删改,工具辅助动作；当前未调用视觉模型，动作画面证据待人审,pending_visual_review：未做人脸/情绪视觉识别,文件名/路径语义可辅助，不能替代字幕 OCR 或画面确认,pending_visual_review：未做 ASR/口播与动作同步验证,缺业务/健康事实确认,只作灵感,B,关键帧确认动作是否完整；字幕/口播是否同题兑现；健康/效果/价格/课程事实待客户确认,医学/健康边界风险；单一方法过度承诺,元数据：38.777s，1080x1920，30.000fps，audio=true；标题锚点：盆底松弛无力/盆底紧致/八爪鱼/抓握力/工具辅助动作
cfv_0084,只需一个小球腰细了臀部翘了.mp4,pending_visual_review,痛点可视化 + 解决方案 + 效果对比 + 行动指令,痛点/结果可视化 + 工具辅助动作 + 低压行动,rename,3,1,臀凹陷/妈妈臀/扁平臀；基于标题/路径语义，待关键帧确认,工具辅助动作；需确认动作完整循环、发力点、方向/次数/呼吸,轻跟练/收藏/风险提醒优先；强转化与效果承诺待人工删改,工具辅助动作；当前未调用视觉模型，动作画面证据待人审,pending_visual_review：未做人脸/情绪视觉识别,文件名/路径语义可辅助，不能替代字幕 OCR 或画面确认,pending_visual_review：未做 ASR/口播与动作同步验证,缺业务/健康事实确认,只作灵感,B,关键帧确认动作是否完整；字幕/口播是否同题兑现；健康/效果/价格/课程事实待客户确认,效果承诺风险；单一方法过度承诺,元数据：12.655s，1080x1920，30.000fps，audio=true；标题锚点：臀凹陷/妈妈臀/扁平臀/臀翘/臀饱满/蜜桃臀/工具辅助动作
cfv_0085,只需一个小球让盆底肌越练越紧.mp4,pending_visual_review,痛点可视化 + 解决方案 + 效果对比 + 行动指令,痛点/结果可视化 + 工具辅助动作 + 低压行动,rename,3,1,盆底松弛无力；基于标题/路径语义，待关键帧确认,工具辅助动作；需确认动作完整循环、发力点、方向/次数/呼吸,轻跟练/收藏/风险提醒优先；强转化与效果承诺待人工删改,工具辅助动作；当前未调用视觉模型，动作画面证据待人审,pending_visual_review：未做人脸/情绪视觉识别,文件名/路径语义可辅助，不能替代字幕 OCR 或画面确认,pending_visual_review：未做 ASR/口播与动作同步验证,缺业务/健康事实确认,只作灵感,B,关键帧确认动作是否完整；字幕/口播是否同题兑现；健康/效果/价格/课程事实待客户确认,医学/健康边界风险；效果承诺风险；单一方法过度承诺,元数据：38.289s，1080x1920，30.000fps，audio=true；标题锚点：盆底松弛无力/盆底紧致/八爪鱼/抓握力/工具辅助动作
cfv_0086,只需一个小球跑跳尴尬没有了.mp4,pending_visual_review,痛点可视化 + 解决方案 + 效果对比 + 行动指令,痛点/结果可视化 + 工具辅助动作 + 低压行动,rename,3,1,漏尿漏水尴尬；基于标题/路径语义，待关键帧确认,工具辅助动作；需确认动作完整循环、发力点、方向/次数/呼吸,轻跟练/收藏/风险提醒优先；强转化与效果承诺待人工删改,工具辅助动作；当前未调用视觉模型，动作画面证据待人审,pending_visual_review：未做人脸/情绪视觉识别,文件名/路径语义可辅助，不能替代字幕 OCR 或画面确认,pending_visual_review：未做 ASR/口播与动作同步验证,缺业务/健康事实确认,只作灵感,B,关键帧确认动作是否完整；字幕/口播是否同题兑现；健康/效果/价格/课程事实待客户确认,单一方法过度承诺,元数据：22.105s，1080x1920，30.000fps，audio=true；标题锚点：漏尿漏水尴尬/漏尿漏水改善/工具辅助动作
cfv_0087,只需一个瑜伽小球就能锻炼盆底肌6.16.mp4,pending_visual_review,痛点可视化 + 解决方案 + 效果对比 + 行动指令,痛点/结果可视化 + 工具辅助动作 + 低压行动,rename,3,1,盆底松弛无力；基于标题/路径语义，待关键帧确认,工具辅助动作；需确认动作完整循环、发力点、方向/次数/呼吸,轻跟练/收藏/风险提醒优先；强转化与效果承诺待人工删改,工具辅助动作；当前未调用视觉模型，动作画面证据待人审,pending_visual_review：未做人脸/情绪视觉识别,文件名/路径语义可辅助，不能替代字幕 OCR 或画面确认,pending_visual_review：未做 ASR/口播与动作同步验证,缺业务/健康事实确认,只作灵感,B,关键帧确认动作是否完整；字幕/口播是否同题兑现；健康/效果/价格/课程事实待客户确认,医学/健康边界风险；单一方法过度承诺,元数据：19.435s，1080x1920，30.000fps，audio=true；标题锚点：盆底松弛无力/待视觉复核/工具辅助动作
cfv_0088,只需一个瑜伽小球轻松养出好体态6.1（5）.mp4,pending_visual_review,痛点可视化 + 解决方案 + 效果对比 + 行动指令,痛点/结果可视化 + 工具辅助动作 + 低压行动,rename,3,1,假胯宽/骨盆外翻/体态问题；基于标题/路径语义，待关键帧确认,工具辅助动作；需确认动作完整循环、发力点、方向/次数/呼吸,轻跟练/收藏/风险提醒优先；强转化与效果承诺待人工删改,工具辅助动作；当前未调用视觉模型，动作画面证据待人审,pending_visual_review：未做人脸/情绪视觉识别,文件名/路径语义可辅助，不能替代字幕 OCR 或画面确认,pending_visual_review：未做 ASR/口播与动作同步验证,缺业务/健康事实确认,只作灵感,B,关键帧确认动作是否完整；字幕/口播是否同题兑现；健康/效果/价格/课程事实待客户确认,单一方法过度承诺,元数据：18.344s，1080x1920，30.000fps，audio=true；标题锚点：假胯宽/骨盆外翻/体态问题/待视觉复核/工具辅助动作
cfv_0089,只需一个瑜伽小球髋灵活了臀翘了6.8.mp4,pending_visual_review,痛点可视化 + 解决方案 + 效果对比 + 行动指令,痛点/结果可视化 + 工具辅助动作 + 低压行动,rename,3,1,臀凹陷/妈妈臀/扁平臀；基于标题/路径语义，待关键帧确认,工具辅助动作；需确认动作完整循环、发力点、方向/次数/呼吸,轻跟练/收藏/风险提醒优先；强转化与效果承诺待人工删改,工具辅助动作；当前未调用视觉模型，动作画面证据待人审,pending_visual_review：未做人脸/情绪视觉识别,文件名/路径语义可辅助，不能替代字幕 OCR 或画面确认,pending_visual_review：未做 ASR/口播与动作同步验证,缺业务/健康事实确认,只作灵感,B,关键帧确认动作是否完整；字幕/口播是否同题兑现；健康/效果/价格/课程事实待客户确认,效果承诺风险；单一方法过度承诺,元数据：11.169s，1080x1920，30.000fps，audio=true；标题锚点：臀凹陷/妈妈臀/扁平臀/臀翘/臀饱满/蜜桃臀/工具辅助动作
cfv_0090,只需三个动作帮你瘦臀瘦肚子.mp4,pending_visual_review,痛点可视化 + 解决方案 + 效果对比 + 行动指令,痛点/结果可视化 + 单动作循环演示 + 低压行动,rename,3,1,小腹凸/腹压/悬垂腹；基于标题/路径语义，待关键帧确认,单动作循环演示；需确认动作完整循环、发力点、方向/次数/呼吸,轻跟练/收藏/风险提醒优先；强转化与效果承诺待人工删改,单动作循环演示；当前未调用视觉模型，动作画面证据待人审,pending_visual_review：未做人脸/情绪视觉识别,文件名/路径语义可辅助，不能替代字幕 OCR 或画面确认,pending_visual_review：未做 ASR/口播与动作同步验证,缺业务/健康事实确认,只作灵感,B,关键帧确认动作是否完整；字幕/口播是否同题兑现；健康/效果/价格/课程事实待客户确认,效果承诺风险；单一方法过度承诺,元数据：19.249s，1080x1920，30.000fps，audio=true；标题锚点：小腹凸/腹压/悬垂腹/待视觉复核/单动作循环演示
cfv_0091,只需三个动作臀饱满腰背挺拔6.15.mp4,pending_visual_review,痛点可视化 + 解决方案 + 效果对比 + 行动指令,痛点/结果可视化 + 单动作循环演示 + 低压行动,rename,3,1,臀凹陷/妈妈臀/扁平臀；基于标题/路径语义，待关键帧确认,单动作循环演示；需确认动作完整循环、发力点、方向/次数/呼吸,轻跟练/收藏/风险提醒优先；强转化与效果承诺待人工删改,单动作循环演示；当前未调用视觉模型，动作画面证据待人审,pending_visual_review：未做人脸/情绪视觉识别,文件名/路径语义可辅助，不能替代字幕 OCR 或画面确认,pending_visual_review：未做 ASR/口播与动作同步验证,缺业务/健康事实确认,只作灵感,B,关键帧确认动作是否完整；字幕/口播是否同题兑现；健康/效果/价格/课程事实待客户确认,单一方法过度承诺,元数据：16.370s，1080x1920，30.000fps，audio=true；标题锚点：臀凹陷/妈妈臀/扁平臀/臀翘/臀饱满/蜜桃臀/单动作循环演示
cfv_0092,只需三个动作让P底紧致Q弹.mp4,pending_visual_review,痛点可视化 + 解决方案 + 效果对比 + 行动指令,痛点/结果可视化 + 单动作循环演示 + 低压行动,rename,3,1,盆底松弛无力；基于标题/路径语义，待关键帧确认,单动作循环演示；需确认动作完整循环、发力点、方向/次数/呼吸,轻跟练/收藏/风险提醒优先；强转化与效果承诺待人工删改,单动作循环演示；当前未调用视觉模型，动作画面证据待人审,pending_visual_review：未做人脸/情绪视觉识别,文件名/路径语义可辅助，不能替代字幕 OCR 或画面确认,pending_visual_review：未做 ASR/口播与动作同步验证,缺业务/健康事实确认,只作灵感,B,关键帧确认动作是否完整；字幕/口播是否同题兑现；健康/效果/价格/课程事实待客户确认,单一方法过度承诺,元数据：16.138s，1080x1920，30.000fps，audio=true；标题锚点：盆底松弛无力/盆底紧致/八爪鱼/抓握力/单动作循环演示
cfv_0093,只需两个动作肚子平了臀翘了.mp4,pending_visual_review,痛点可视化 + 解决方案 + 效果对比 + 行动指令,痛点/结果可视化 + 单动作循环演示 + 低压行动,rename,3,1,小腹凸/腹压/悬垂腹；基于标题/路径语义，待关键帧确认,单动作循环演示；需确认动作完整循环、发力点、方向/次数/呼吸,轻跟练/收藏/风险提醒优先；强转化与效果承诺待人工删改,单动作循环演示；当前未调用视觉模型，动作画面证据待人审,pending_visual_review：未做人脸/情绪视觉识别,文件名/路径语义可辅助，不能替代字幕 OCR 或画面确认,pending_visual_review：未做 ASR/口播与动作同步验证,缺业务/健康事实确认,只作灵感,B,关键帧确认动作是否完整；字幕/口播是否同题兑现；健康/效果/价格/课程事实待客户确认,效果承诺风险；单一方法过度承诺,元数据：16.045s，1080x1920，30.000fps，audio=true；标题锚点：小腹凸/腹压/悬垂腹/小腹平/肚子平/单动作循环演示
cfv_0094,只需四个动作告别松弛漏水尴尬.mp4,pending_visual_review,痛点可视化 + 解决方案 + 效果对比 + 行动指令,痛点/结果可视化 + 单动作循环演示 + 低压行动,rename,3,1,漏尿漏水尴尬；基于标题/路径语义，待关键帧确认,单动作循环演示；需确认动作完整循环、发力点、方向/次数/呼吸,轻跟练/收藏/风险提醒优先；强转化与效果承诺待人工删改,单动作循环演示；当前未调用视觉模型，动作画面证据待人审,pending_visual_review：未做人脸/情绪视觉识别,文件名/路径语义可辅助，不能替代字幕 OCR 或画面确认,pending_visual_review：未做 ASR/口播与动作同步验证,缺业务/健康事实确认,只作灵感,B,关键帧确认动作是否完整；字幕/口播是否同题兑现；健康/效果/价格/课程事实待客户确认,医学/健康边界风险；效果承诺风险；单一方法过度承诺,元数据：20.433s，1080x1920，30.000fps，audio=true；标题锚点：漏尿漏水尴尬/漏尿漏水改善/单动作循环演示
cfv_0095,只需四个动作臀翘了小肚子平了.mp4,pending_visual_review,痛点可视化 + 解决方案 + 效果对比 + 行动指令,痛点/结果可视化 + 单动作循环演示 + 低压行动,rename,3,1,小腹凸/腹压/悬垂腹；基于标题/路径语义，待关键帧确认,单动作循环演示；需确认动作完整循环、发力点、方向/次数/呼吸,轻跟练/收藏/风险提醒优先；强转化与效果承诺待人工删改,单动作循环演示；当前未调用视觉模型，动作画面证据待人审,pending_visual_review：未做人脸/情绪视觉识别,文件名/路径语义可辅助，不能替代字幕 OCR 或画面确认,pending_visual_review：未做 ASR/口播与动作同步验证,缺业务/健康事实确认,只作灵感,B,关键帧确认动作是否完整；字幕/口播是否同题兑现；健康/效果/价格/课程事实待客户确认,效果承诺风险；单一方法过度承诺,元数据：16.974s，1080x1920，30.000fps，audio=true；标题锚点：小腹凸/腹压/悬垂腹/小腹平/肚子平/单动作循环演示
cfv_0096,四个动作修复盆底肌.mp4,pending_visual_review,人群点名 + 痛点放大 + 单动作演示 + 坚持建议,痛点/人群点名 + 单动作循环演示 + 坚持建议,merge,3,3,盆底松弛无力；基于标题/路径语义，待关键帧确认,单动作循环演示；需确认动作完整循环、发力点、方向/次数/呼吸,轻跟练/收藏/风险提醒优先；强转化与效果承诺待人工删改,单动作循环演示；当前未调用视觉模型，动作画面证据待人审,pending_visual_review：未做人脸/情绪视觉识别,文件名/路径语义可辅助，不能替代字幕 OCR 或画面确认,pending_visual_review：未做 ASR/口播与动作同步验证,无明显缺失但需视觉人审,可二次加工,A,关键帧确认动作是否完整；字幕/口播是否同题兑现；健康/效果/价格/课程事实待客户确认,医学/健康边界风险；效果承诺风险,元数据：32.577s，1080x1920，30.000fps，audio=true；标题锚点：盆底松弛无力/待视觉复核/单动作循环演示
cfv_0097,四个动作告别跑跳漏水的问题6.1（2）.mp4,pending_visual_review,痛点可视化 + 解决方案 + 效果对比 + 行动指令,痛点/结果可视化 + 单动作循环演示 + 低压行动,rename,3,1,漏尿漏水尴尬；基于标题/路径语义，待关键帧确认,单动作循环演示；需确认动作完整循环、发力点、方向/次数/呼吸,轻跟练/收藏/风险提醒优先；强转化与效果承诺待人工删改,单动作循环演示；当前未调用视觉模型，动作画面证据待人审,pending_visual_review：未做人脸/情绪视觉识别,文件名/路径语义可辅助，不能替代字幕 OCR 或画面确认,pending_visual_review：未做 ASR/口播与动作同步验证,缺业务/健康事实确认,只作灵感,B,关键帧确认动作是否完整；字幕/口播是否同题兑现；健康/效果/价格/课程事实待客户确认,医学/健康边界风险；效果承诺风险,元数据：25.472s，1080x1920，30.000fps，audio=true；标题锚点：漏尿漏水尴尬/漏尿漏水改善/单动作循环演示
cfv_0098,女性再懒也要练这四个动作6.5.mp4,pending_visual_review,人群点名 + 低门槛动作 + 坚持建议,人群/年龄点名 + 单动作循环演示 + 坚持建议,split,3,1,待视觉复核；基于标题/路径语义，待关键帧确认,单动作循环演示；需确认动作完整循环、发力点、方向/次数/呼吸,轻跟练/收藏/风险提醒优先；强转化与效果承诺待人工删改,单动作循环演示；当前未调用视觉模型，动作画面证据待人审,pending_visual_review：未做人脸/情绪视觉识别,文件名/路径语义可辅助，不能替代字幕 OCR 或画面确认,pending_visual_review：未做 ASR/口播与动作同步验证,无明显缺失但需视觉人审,只作灵感,B,关键帧确认动作是否完整；字幕/口播是否同题兑现；健康/效果/价格/课程事实待客户确认,无明显标题风险，但仍需视觉和业务人审,元数据：15.952s，1080x1920，30.000fps，audio=true；标题锚点：待视觉复核/待视觉复核/单动作循环演示
cfv_0099,宝妈必看.mp4,pending_visual_review,人群点名 + 低门槛动作 + 坚持建议,人群/年龄点名 + 动作证据待视觉复核 + 坚持建议,split,1,1,待视觉复核；基于标题/路径语义，待关键帧确认,待视觉复核；需确认动作完整循环、发力点、方向/次数/呼吸,轻跟练/收藏/风险提醒优先；强转化与效果承诺待人工删改,待视觉复核；当前未调用视觉模型，动作画面证据待人审,pending_visual_review：未做人脸/情绪视觉识别,文件名/路径语义可辅助，不能替代字幕 OCR 或画面确认,pending_visual_review：未做 ASR/口播与动作同步验证,缺动作证据,不建议当前阶段使用,C,关键帧确认动作是否完整；字幕/口播是否同题兑现；健康/效果/价格/课程事实待客户确认,无明显标题风险，但仍需视觉和业务人审,元数据：38.220s，720x1280，30.000fps，audio=true；标题锚点：待视觉复核/待视觉复核/待视觉复核
cfv_0100,小肚子凸出.mp4,pending_visual_review,待视觉复核：文件名无足够结构信息,待视觉复核：需关键帧/人工判断后定公式,pending_visual_review,3,3,小腹凸/腹压/悬垂腹；基于标题/路径语义，待关键帧确认,待视觉复核；需确认动作完整循环、发力点、方向/次数/呼吸,轻跟练/收藏/风险提醒优先；强转化与效果承诺待人工删改,待视觉复核；当前未调用视觉模型，动作画面证据待人审,pending_visual_review：未做人脸/情绪视觉识别,文件名/路径语义可辅助，不能替代字幕 OCR 或画面确认,pending_visual_review：未做 ASR/口播与动作同步验证,缺动作证据；缺视觉结构证据,只作灵感,B,关键帧确认动作是否完整；字幕/口播是否同题兑现；健康/效果/价格/课程事实待客户确认,无明显标题风险，但仍需视觉和业务人审,元数据：23.614s，720x1280，30.000fps，audio=true；标题锚点：小腹凸/腹压/悬垂腹/待视觉复核/待视觉复核
cfv_0101,小腹凸出 妈妈臀就练这几个动作6.15.mp4,pending_visual_review,人群点名 + 低门槛动作 + 坚持建议,人群/年龄点名 + 单动作循环演示 + 坚持建议,split,3,3,小腹凸/腹压/悬垂腹；基于标题/路径语义，待关键帧确认,单动作循环演示；需确认动作完整循环、发力点、方向/次数/呼吸,轻跟练/收藏/风险提醒优先；强转化与效果承诺待人工删改,单动作循环演示；当前未调用视觉模型，动作画面证据待人审,pending_visual_review：未做人脸/情绪视觉识别,文件名/路径语义可辅助，不能替代字幕 OCR 或画面确认,pending_visual_review：未做 ASR/口播与动作同步验证,无明显缺失但需视觉人审,可二次加工,A,关键帧确认动作是否完整；字幕/口播是否同题兑现；健康/效果/价格/课程事实待客户确认,无明显标题风险，但仍需视觉和业务人审,元数据：23.800s，1080x1920，30.000fps，audio=true；标题锚点：小腹凸/腹压/悬垂腹/待视觉复核/单动作循环演示
cfv_0102,小腹突出.mp4,pending_visual_review,待视觉复核：文件名无足够结构信息,待视觉复核：需关键帧/人工判断后定公式,pending_visual_review,3,3,小腹凸/腹压/悬垂腹；基于标题/路径语义，待关键帧确认,待视觉复核；需确认动作完整循环、发力点、方向/次数/呼吸,轻跟练/收藏/风险提醒优先；强转化与效果承诺待人工删改,待视觉复核；当前未调用视觉模型，动作画面证据待人审,pending_visual_review：未做人脸/情绪视觉识别,文件名/路径语义可辅助，不能替代字幕 OCR 或画面确认,pending_visual_review：未做 ASR/口播与动作同步验证,缺动作证据；缺视觉结构证据,只作灵感,B,关键帧确认动作是否完整；字幕/口播是否同题兑现；健康/效果/价格/课程事实待客户确认,无明显标题风险，但仍需视觉和业务人审,元数据：12.004s，720x1280，30.000fps，audio=true；标题锚点：小腹凸/腹压/悬垂腹/待视觉复核/待视觉复核
cfv_0103,居家四个动作告别坠胀漏氵烦恼6.8（2）.mp4,pending_visual_review,痛点可视化 + 解决方案 + 效果对比 + 行动指令,痛点/结果可视化 + 单动作循环演示 + 低压行动,rename,3,1,漏尿漏水尴尬；基于标题/路径语义，待关键帧确认,单动作循环演示；需确认动作完整循环、发力点、方向/次数/呼吸,轻跟练/收藏/风险提醒优先；强转化与效果承诺待人工删改,单动作循环演示；当前未调用视觉模型，动作画面证据待人审,pending_visual_review：未做人脸/情绪视觉识别,文件名/路径语义可辅助，不能替代字幕 OCR 或画面确认,pending_visual_review：未做 ASR/口播与动作同步验证,缺业务/健康事实确认,只作灵感,B,关键帧确认动作是否完整；字幕/口播是否同题兑现；健康/效果/价格/课程事实待客户确认,效果承诺风险,元数据：36.641s，1080x1920，30.000fps，audio=true；标题锚点：漏尿漏水尴尬/漏尿漏水改善/单动作循环演示
cfv_0104,悬垂腹.mp4,pending_visual_review,待视觉复核：文件名无足够结构信息,待视觉复核：需关键帧/人工判断后定公式,pending_visual_review,3,3,小腹凸/腹压/悬垂腹；基于标题/路径语义，待关键帧确认,待视觉复核；需确认动作完整循环、发力点、方向/次数/呼吸,轻跟练/收藏/风险提醒优先；强转化与效果承诺待人工删改,待视觉复核；当前未调用视觉模型，动作画面证据待人审,pending_visual_review：未做人脸/情绪视觉识别,文件名/路径语义可辅助，不能替代字幕 OCR 或画面确认,pending_visual_review：未做 ASR/口播与动作同步验证,缺动作证据；缺视觉结构证据,只作灵感,B,关键帧确认动作是否完整；字幕/口播是否同题兑现；健康/效果/价格/课程事实待客户确认,无明显标题风险，但仍需视觉和业务人审,元数据：27.121s，720x1280，30.000fps，audio=true；标题锚点：小腹凸/腹压/悬垂腹/待视觉复核/待视觉复核
cfv_0105,悬垂腹别盲目的去卷腹.mp4,pending_visual_review,待视觉复核：文件名无足够结构信息,待视觉复核：需关键帧/人工判断后定公式,pending_visual_review,3,3,小腹凸/腹压/悬垂腹；基于标题/路径语义，待关键帧确认,待视觉复核；需确认动作完整循环、发力点、方向/次数/呼吸,轻跟练/收藏/风险提醒优先；强转化与效果承诺待人工删改,待视觉复核；当前未调用视觉模型，动作画面证据待人审,pending_visual_review：未做人脸/情绪视觉识别,文件名/路径语义可辅助，不能替代字幕 OCR 或画面确认,pending_visual_review：未做 ASR/口播与动作同步验证,缺动作证据；缺视觉结构证据,只作灵感,B,关键帧确认动作是否完整；字幕/口播是否同题兑现；健康/效果/价格/课程事实待客户确认,无明显标题风险，但仍需视觉和业务人审,元数据：12.817s，1080x1920，30.000fps，audio=true；标题锚点：小腹凸/腹压/悬垂腹/待视觉复核/待视觉复核
cfv_0106,想要小腹平坦一个小球帮你搞定6.4（2）.mp4,pending_visual_review,痛点可视化 + 解决方案 + 效果对比 + 行动指令,痛点/结果可视化 + 工具辅助动作 + 低压行动,rename,3,1,小腹凸/腹压/悬垂腹；基于标题/路径语义，待关键帧确认,工具辅助动作；需确认动作完整循环、发力点、方向/次数/呼吸,轻跟练/收藏/风险提醒优先；强转化与效果承诺待人工删改,工具辅助动作；当前未调用视觉模型，动作画面证据待人审,pending_visual_review：未做人脸/情绪视觉识别,文件名/路径语义可辅助，不能替代字幕 OCR 或画面确认,pending_visual_review：未做 ASR/口播与动作同步验证,缺业务/健康事实确认,只作灵感,B,关键帧确认动作是否完整；字幕/口播是否同题兑现；健康/效果/价格/课程事实待客户确认,效果承诺风险；单一方法过度承诺,元数据：32.206s，1080x1920，30.000fps，audio=true；标题锚点：小腹凸/腹压/悬垂腹/待视觉复核/工具辅助动作
cfv_0107,扁平臀臀凹陷就练这两个动作.mp4,pending_visual_review,人群点名 + 痛点放大 + 单动作演示 + 坚持建议,痛点/人群点名 + 单动作循环演示 + 坚持建议,merge,3,3,臀凹陷/妈妈臀/扁平臀；基于标题/路径语义，待关键帧确认,单动作循环演示；需确认动作完整循环、发力点、方向/次数/呼吸,轻跟练/收藏/风险提醒优先；强转化与效果承诺待人工删改,单动作循环演示；当前未调用视觉模型，动作画面证据待人审,pending_visual_review：未做人脸/情绪视觉识别,文件名/路径语义可辅助，不能替代字幕 OCR 或画面确认,pending_visual_review：未做 ASR/口播与动作同步验证,无明显缺失但需视觉人审,可二次加工,A,关键帧确认动作是否完整；字幕/口播是否同题兑现；健康/效果/价格/课程事实待客户确认,无明显标题风险，但仍需视觉和业务人审,元数据：13.908s，1080x1920，30.000fps，audio=true；标题锚点：臀凹陷/妈妈臀/扁平臀/待视觉复核/单动作循环演示
cfv_0108,新手练八爪鱼只需一个瑜伽小球6.11.mp4,pending_visual_review,痛点可视化 + 解决方案 + 效果对比 + 行动指令,痛点/结果可视化 + 工具辅助动作 + 低压行动,rename,3,1,盆底松弛无力；基于标题/路径语义，待关键帧确认,工具辅助动作；需确认动作完整循环、发力点、方向/次数/呼吸,轻跟练/收藏/风险提醒优先；强转化与效果承诺待人工删改,工具辅助动作；当前未调用视觉模型，动作画面证据待人审,pending_visual_review：未做人脸/情绪视觉识别,文件名/路径语义可辅助，不能替代字幕 OCR 或画面确认,pending_visual_review：未做 ASR/口播与动作同步验证,缺业务/健康事实确认,只作灵感,B,关键帧确认动作是否完整；字幕/口播是否同题兑现；健康/效果/价格/课程事实待客户确认,单一方法过度承诺,元数据：18.785s，1080x1920，30.000fps，audio=true；标题锚点：盆底松弛无力/盆底紧致/八爪鱼/抓握力/工具辅助动作
cfv_0109,日常练习10分钟练出灵动的蜜桃臀6.3.mp4,pending_visual_review,人群点名 + 痛点放大 + 单动作演示 + 坚持建议,痛点/人群点名 + 单动作循环演示 + 坚持建议,merge,3,3,臀凹陷/妈妈臀/扁平臀；基于标题/路径语义，待关键帧确认,单动作循环演示；需确认动作完整循环、发力点、方向/次数/呼吸,轻跟练/收藏/风险提醒优先；强转化与效果承诺待人工删改,单动作循环演示；当前未调用视觉模型，动作画面证据待人审,pending_visual_review：未做人脸/情绪视觉识别,文件名/路径语义可辅助，不能替代字幕 OCR 或画面确认,pending_visual_review：未做 ASR/口播与动作同步验证,无明显缺失但需视觉人审,可二次加工,B,关键帧确认动作是否完整；字幕/口播是否同题兑现；健康/效果/价格/课程事实待客户确认,无明显标题风险，但仍需视觉和业务人审,元数据：10.751s，1080x1920，30.000fps，audio=true；标题锚点：臀凹陷/妈妈臀/扁平臀/臀翘/臀饱满/蜜桃臀/单动作循环演示
cfv_0110,松弛漏氵.mp4,pending_visual_review,待视觉复核：文件名无足够结构信息,待视觉复核：需关键帧/人工判断后定公式,pending_visual_review,3,3,漏尿漏水尴尬；基于标题/路径语义，待关键帧确认,待视觉复核；需确认动作完整循环、发力点、方向/次数/呼吸,轻跟练/收藏/风险提醒优先；强转化与效果承诺待人工删改,待视觉复核；当前未调用视觉模型，动作画面证据待人审,pending_visual_review：未做人脸/情绪视觉识别,文件名/路径语义可辅助，不能替代字幕 OCR 或画面确认,pending_visual_review：未做 ASR/口播与动作同步验证,缺动作证据；缺视觉结构证据,只作灵感,B,关键帧确认动作是否完整；字幕/口播是否同题兑现；健康/效果/价格/课程事实待客户确认,无明显标题风险，但仍需视觉和业务人审,元数据：62.554s，720x1280，30.000fps，audio=true；标题锚点：漏尿漏水尴尬/待视觉复核/待视觉复核
cfv_0111,每天十分钟.mp4,pending_visual_review,人群点名 + 痛点放大 + 单动作演示 + 坚持建议,痛点/人群点名 + 单动作循环演示 + 坚持建议,merge,3,1,待视觉复核；基于标题/路径语义，待关键帧确认,单动作循环演示；需确认动作完整循环、发力点、方向/次数/呼吸,轻跟练/收藏/风险提醒优先；强转化与效果承诺待人工删改,单动作循环演示；当前未调用视觉模型，动作画面证据待人审,pending_visual_review：未做人脸/情绪视觉识别,文件名/路径语义可辅助，不能替代字幕 OCR 或画面确认,pending_visual_review：未做 ASR/口播与动作同步验证,缺开头人群/痛点,只作灵感,B,关键帧确认动作是否完整；字幕/口播是否同题兑现；健康/效果/价格/课程事实待客户确认,无明显标题风险，但仍需视觉和业务人审,元数据：9.404s，1080x1920，30.000fps，audio=true；标题锚点：待视觉复核/待视觉复核/单动作循环演示
cfv_0112,每天坚持这个动作让你越练越J致6.9.mp4,pending_visual_review,人群点名 + 痛点放大 + 单动作演示 + 坚持建议,痛点/人群点名 + 单动作循环演示 + 坚持建议,merge,3,1,盆底松弛无力；基于标题/路径语义，待关键帧确认,单动作循环演示；需确认动作完整循环、发力点、方向/次数/呼吸,轻跟练/收藏/风险提醒优先；强转化与效果承诺待人工删改,单动作循环演示；当前未调用视觉模型，动作画面证据待人审,pending_visual_review：未做人脸/情绪视觉识别,文件名/路径语义可辅助，不能替代字幕 OCR 或画面确认,pending_visual_review：未做 ASR/口播与动作同步验证,无明显缺失但需视觉人审,只作灵感,B,关键帧确认动作是否完整；字幕/口播是否同题兑现；健康/效果/价格/课程事实待客户确认,效果承诺风险,元数据：42.655s，1080x1920，30.000fps，audio=true；标题锚点：盆底松弛无力/盆底紧致/八爪鱼/抓握力/单动作循环演示
cfv_0113,每天睡前练习盆底肌会越练越紧6.3（4）.mp4,pending_visual_review,人群点名 + 痛点放大 + 单动作演示 + 坚持建议,痛点/人群点名 + 单动作循环演示 + 坚持建议,merge,3,1,盆底松弛无力；基于标题/路径语义，待关键帧确认,单动作循环演示；需确认动作完整循环、发力点、方向/次数/呼吸,轻跟练/收藏/风险提醒优先；强转化与效果承诺待人工删改,单动作循环演示；当前未调用视觉模型，动作画面证据待人审,pending_visual_review：未做人脸/情绪视觉识别,文件名/路径语义可辅助，不能替代字幕 OCR 或画面确认,pending_visual_review：未做 ASR/口播与动作同步验证,无明显缺失但需视觉人审,只作灵感,B,关键帧确认动作是否完整；字幕/口播是否同题兑现；健康/效果/价格/课程事实待客户确认,医学/健康边界风险；效果承诺风险,元数据：28.189s，1080x1920，30.000fps，audio=true；标题锚点：盆底松弛无力/盆底紧致/八爪鱼/抓握力/单动作循环演示
cfv_0114,每天碎片10分钟告别“小腹婆”.mp4,pending_visual_review,痛点可视化 + 解决方案 + 效果对比 + 行动指令,痛点/结果可视化 + 单动作循环演示 + 低压行动,rename,3,1,小腹凸/腹压/悬垂腹；基于标题/路径语义，待关键帧确认,单动作循环演示；需确认动作完整循环、发力点、方向/次数/呼吸,轻跟练/收藏/风险提醒优先；强转化与效果承诺待人工删改,单动作循环演示；当前未调用视觉模型，动作画面证据待人审,pending_visual_review：未做人脸/情绪视觉识别,文件名/路径语义可辅助，不能替代字幕 OCR 或画面确认,pending_visual_review：未做 ASR/口播与动作同步验证,缺业务/健康事实确认,只作灵感,B,关键帧确认动作是否完整；字幕/口播是否同题兑现；健康/效果/价格/课程事实待客户确认,效果承诺风险,元数据：10.008s，1080x1920，30.000fps，audio=true；标题锚点：小腹凸/腹压/悬垂腹/待视觉复核/单动作循环演示
cfv_0115,每天练习5分钟腹直肌分离不见了6.11.mp4,pending_visual_review,痛点可视化 + 解决方案 + 效果对比 + 行动指令,痛点/结果可视化 + 单动作循环演示 + 低压行动,rename,3,1,小腹凸/腹压/悬垂腹；基于标题/路径语义，待关键帧确认,单动作循环演示；需确认动作完整循环、发力点、方向/次数/呼吸,轻跟练/收藏/风险提醒优先；强转化与效果承诺待人工删改,单动作循环演示；当前未调用视觉模型，动作画面证据待人审,pending_visual_review：未做人脸/情绪视觉识别,文件名/路径语义可辅助，不能替代字幕 OCR 或画面确认,pending_visual_review：未做 ASR/口播与动作同步验证,无明显缺失但需视觉人审,只作灵感,B,关键帧确认动作是否完整；字幕/口播是否同题兑现；健康/效果/价格/课程事实待客户确认,效果承诺风险,元数据：10.913s，1080x1920，30.000fps，audio=true；标题锚点：小腹凸/腹压/悬垂腹/待视觉复核/单动作循环演示
cfv_0116,每天练习五组告别小腹凸出困扰.mp4,pending_visual_review,痛点可视化 + 解决方案 + 效果对比 + 行动指令,痛点/结果可视化 + 单动作循环演示 + 低压行动,rename,3,1,小腹凸/腹压/悬垂腹；基于标题/路径语义，待关键帧确认,单动作循环演示；需确认动作完整循环、发力点、方向/次数/呼吸,轻跟练/收藏/风险提醒优先；强转化与效果承诺待人工删改,单动作循环演示；当前未调用视觉模型，动作画面证据待人审,pending_visual_review：未做人脸/情绪视觉识别,文件名/路径语义可辅助，不能替代字幕 OCR 或画面确认,pending_visual_review：未做 ASR/口播与动作同步验证,缺业务/健康事实确认,只作灵感,B,关键帧确认动作是否完整；字幕/口播是否同题兑现；健康/效果/价格/课程事实待客户确认,效果承诺风险,元数据：58.700s，1080x1920，30.000fps，audio=true；标题锚点：小腹凸/腹压/悬垂腹/待视觉复核/单动作循环演示
cfv_0117,每天练习这个动作越练越有力量6.6.mp4,pending_visual_review,人群点名 + 痛点放大 + 单动作演示 + 坚持建议,痛点/人群点名 + 单动作循环演示 + 坚持建议,merge,3,1,待视觉复核；基于标题/路径语义，待关键帧确认,单动作循环演示；需确认动作完整循环、发力点、方向/次数/呼吸,轻跟练/收藏/风险提醒优先；强转化与效果承诺待人工删改,单动作循环演示；当前未调用视觉模型，动作画面证据待人审,pending_visual_review：未做人脸/情绪视觉识别,文件名/路径语义可辅助，不能替代字幕 OCR 或画面确认,pending_visual_review：未做 ASR/口播与动作同步验证,缺开头人群/痛点,只作灵感,B,关键帧确认动作是否完整；字幕/口播是否同题兑现；健康/效果/价格/课程事实待客户确认,效果承诺风险,元数据：35.921s，1080x1920，30.000fps，audio=true；标题锚点：待视觉复核/待视觉复核/单动作循环演示
cfv_0118,每天练瑜伽小球告别跑跳漏水尴尬.mp4,pending_visual_review,痛点可视化 + 解决方案 + 效果对比 + 行动指令,痛点/结果可视化 + 单动作循环演示 + 低压行动,rename,3,1,漏尿漏水尴尬；基于标题/路径语义，待关键帧确认,单动作循环演示；需确认动作完整循环、发力点、方向/次数/呼吸,轻跟练/收藏/风险提醒优先；强转化与效果承诺待人工删改,单动作循环演示；当前未调用视觉模型，动作画面证据待人审,pending_visual_review：未做人脸/情绪视觉识别,文件名/路径语义可辅助，不能替代字幕 OCR 或画面确认,pending_visual_review：未做 ASR/口播与动作同步验证,缺业务/健康事实确认,只作灵感,B,关键帧确认动作是否完整；字幕/口播是否同题兑现；健康/效果/价格/课程事实待客户确认,医学/健康边界风险；效果承诺风险,元数据：23.986s，1080x1920，30.000fps，audio=true；标题锚点：漏尿漏水尴尬/漏尿漏水改善/单动作循环演示
cfv_0119,王炸臀桥.mp4,pending_visual_review,人群点名 + 痛点放大 + 单动作演示 + 坚持建议,痛点/人群点名 + 工具辅助动作 + 坚持建议,merge,3,1,待视觉复核；基于标题/路径语义，待关键帧确认,工具辅助动作；需确认动作完整循环、发力点、方向/次数/呼吸,轻跟练/收藏/风险提醒优先；强转化与效果承诺待人工删改,工具辅助动作；当前未调用视觉模型，动作画面证据待人审,pending_visual_review：未做人脸/情绪视觉识别,文件名/路径语义可辅助，不能替代字幕 OCR 或画面确认,pending_visual_review：未做 ASR/口播与动作同步验证,缺开头人群/痛点,只作灵感,B,关键帧确认动作是否完整；字幕/口播是否同题兑现；健康/效果/价格/课程事实待客户确认,无明显标题风险，但仍需视觉和业务人审,元数据：12.306s，1080x1920，30.000fps，audio=true；标题锚点：待视觉复核/待视觉复核/工具辅助动作
cfv_0120,甩掉小肚腩.mp4,pending_visual_review,待视觉复核：文件名无足够结构信息,待视觉复核：需关键帧/人工判断后定公式,pending_visual_review,1,1,待视觉复核；基于标题/路径语义，待关键帧确认,待视觉复核；需确认动作完整循环、发力点、方向/次数/呼吸,轻跟练/收藏/风险提醒优先；强转化与效果承诺待人工删改,待视觉复核；当前未调用视觉模型，动作画面证据待人审,pending_visual_review：未做人脸/情绪视觉识别,文件名/路径语义可辅助，不能替代字幕 OCR 或画面确认,pending_visual_review：未做 ASR/口播与动作同步验证,缺开头人群/痛点；缺动作证据；缺视觉结构证据,只作灵感,C,关键帧确认动作是否完整；字幕/口播是否同题兑现；健康/效果/价格/课程事实待客户确认,无明显标题风险，但仍需视觉和业务人审,元数据：20.642s，720x1280，30.000fps，audio=true；标题锚点：待视觉复核/待视觉复核/待视觉复核
cfv_0121,疼痛不舒服的这个动作帮你改变.mp4,pending_visual_review,痛点可视化 + 解决方案 + 效果对比 + 行动指令,痛点/结果可视化 + 单动作循环演示 + 低压行动,rename,3,3,盆底高张疼痛；基于标题/路径语义，待关键帧确认,单动作循环演示；需确认动作完整循环、发力点、方向/次数/呼吸,轻跟练/收藏/风险提醒优先；强转化与效果承诺待人工删改,单动作循环演示；当前未调用视觉模型，动作画面证据待人审,pending_visual_review：未做人脸/情绪视觉识别,文件名/路径语义可辅助，不能替代字幕 OCR 或画面确认,pending_visual_review：未做 ASR/口播与动作同步验证,缺业务/健康事实确认,可二次加工,A,关键帧确认动作是否完整；字幕/口播是否同题兑现；健康/效果/价格/课程事实待客户确认,医学/健康边界风险；效果承诺风险,元数据：31.068s，1080x1920，30.000fps，audio=true；标题锚点：盆底高张疼痛/待视觉复核/单动作循环演示
cfv_0122,盆底肌没有感觉就练这个动作6.5（2）.mp4,pending_visual_review,待视觉复核：文件名无足够结构信息,待视觉复核：需关键帧/人工判断后定公式,pending_visual_review,3,3,盆底松弛无力；基于标题/路径语义，待关键帧确认,单动作循环演示；需确认动作完整循环、发力点、方向/次数/呼吸,轻跟练/收藏/风险提醒优先；强转化与效果承诺待人工删改,单动作循环演示；当前未调用视觉模型，动作画面证据待人审,pending_visual_review：未做人脸/情绪视觉识别,文件名/路径语义可辅助，不能替代字幕 OCR 或画面确认,pending_visual_review：未做 ASR/口播与动作同步验证,缺视觉结构证据,只作灵感,A,关键帧确认动作是否完整；字幕/口播是否同题兑现；健康/效果/价格/课程事实待客户确认,医学/健康边界风险,元数据：27.376s，1080x1920，30.000fps，audio=true；标题锚点：盆底松弛无力/待视觉复核/单动作循环演示
cfv_0123,盆底高张多练这个动作.mp4,pending_visual_review,待视觉复核：文件名无足够结构信息,待视觉复核：需关键帧/人工判断后定公式,pending_visual_review,3,3,盆底松弛无力；基于标题/路径语义，待关键帧确认,单动作循环演示；需确认动作完整循环、发力点、方向/次数/呼吸,轻跟练/收藏/风险提醒优先；强转化与效果承诺待人工删改,单动作循环演示；当前未调用视觉模型，动作画面证据待人审,pending_visual_review：未做人脸/情绪视觉识别,文件名/路径语义可辅助，不能替代字幕 OCR 或画面确认,pending_visual_review：未做 ASR/口播与动作同步验证,缺视觉结构证据,只作灵感,A,关键帧确认动作是否完整；字幕/口播是否同题兑现；健康/效果/价格/课程事实待客户确认,医学/健康边界风险,元数据：49.644s，1080x1920，30.000fps，audio=true；标题锚点：盆底松弛无力/待视觉复核/单动作循环演示
cfv_0124,盆盆底松C一个小球让你紧致.mp4,pending_visual_review,人群点名 + 痛点放大 + 单动作演示 + 坚持建议,痛点/人群点名 + 工具辅助动作 + 坚持建议,merge,3,3,盆底松弛无力；基于标题/路径语义，待关键帧确认,工具辅助动作；需确认动作完整循环、发力点、方向/次数/呼吸,轻跟练/收藏/风险提醒优先；强转化与效果承诺待人工删改,工具辅助动作；当前未调用视觉模型，动作画面证据待人审,pending_visual_review：未做人脸/情绪视觉识别,文件名/路径语义可辅助，不能替代字幕 OCR 或画面确认,pending_visual_review：未做 ASR/口播与动作同步验证,无明显缺失但需视觉人审,可二次加工,A,关键帧确认动作是否完整；字幕/口播是否同题兑现；健康/效果/价格/课程事实待客户确认,医学/健康边界风险；单一方法过度承诺,元数据：26.053s，1080x1920，30.000fps，audio=true；标题锚点：盆底松弛无力/盆底紧致/八爪鱼/抓握力/工具辅助动作
cfv_0125,盆盆底松松的一个小球帮你改变.mp4,pending_visual_review,痛点可视化 + 解决方案 + 效果对比 + 行动指令,痛点/结果可视化 + 工具辅助动作 + 低压行动,rename,3,3,盆底松弛无力；基于标题/路径语义，待关键帧确认,工具辅助动作；需确认动作完整循环、发力点、方向/次数/呼吸,轻跟练/收藏/风险提醒优先；强转化与效果承诺待人工删改,工具辅助动作；当前未调用视觉模型，动作画面证据待人审,pending_visual_review：未做人脸/情绪视觉识别,文件名/路径语义可辅助，不能替代字幕 OCR 或画面确认,pending_visual_review：未做 ASR/口播与动作同步验证,缺业务/健康事实确认,可二次加工,A,关键帧确认动作是否完整；字幕/口播是否同题兑现；健康/效果/价格/课程事实待客户确认,医学/健康边界风险；效果承诺风险；单一方法过度承诺,元数据：41.355s，1080x1920，30.000fps，audio=true；标题锚点：盆底松弛无力/待视觉复核/工具辅助动作
cfv_0126,腹横肌.mp4,pending_visual_review,待视觉复核：文件名无足够结构信息,待视觉复核：需关键帧/人工判断后定公式,pending_visual_review,3,1,待视觉复核；基于标题/路径语义，待关键帧确认,图解/解剖辅助说明；需确认动作完整循环、发力点、方向/次数/呼吸,轻跟练/收藏/风险提醒优先；强转化与效果承诺待人工删改,图解/解剖辅助说明；当前未调用视觉模型，动作画面证据待人审,pending_visual_review：未做人脸/情绪视觉识别,文件名/路径语义可辅助，不能替代字幕 OCR 或画面确认,pending_visual_review：未做 ASR/口播与动作同步验证,缺开头人群/痛点；缺视觉结构证据,只作灵感,B,关键帧确认动作是否完整；字幕/口播是否同题兑现；健康/效果/价格/课程事实待客户确认,无明显标题风险，但仍需视觉和业务人审,元数据：15.000s，720x1280，30.000fps，audio=true；标题锚点：待视觉复核/待视觉复核/图解/解剖辅助说明
cfv_0127,蝴蝶开合式让你收盆底提耻骨6.3（3）.mp4,pending_visual_review,待视觉复核：文件名无足够结构信息,待视觉复核：需关键帧/人工判断后定公式,pending_visual_review,3,3,盆底松弛无力；基于标题/路径语义，待关键帧确认,工具辅助动作；需确认动作完整循环、发力点、方向/次数/呼吸,轻跟练/收藏/风险提醒优先；强转化与效果承诺待人工删改,工具辅助动作；当前未调用视觉模型，动作画面证据待人审,pending_visual_review：未做人脸/情绪视觉识别,文件名/路径语义可辅助，不能替代字幕 OCR 或画面确认,pending_visual_review：未做 ASR/口播与动作同步验证,缺视觉结构证据,只作灵感,A,关键帧确认动作是否完整；字幕/口播是否同题兑现；健康/效果/价格/课程事实待客户确认,医学/健康边界风险,元数据：31.486s，1080x1920，30.000fps，audio=true；标题锚点：盆底松弛无力/待视觉复核/工具辅助动作
cfv_0128,跑跳漏水尴尬一个小球告别困扰.mp4,pending_visual_review,痛点可视化 + 解决方案 + 效果对比 + 行动指令,痛点/结果可视化 + 工具辅助动作 + 低压行动,rename,3,1,漏尿漏水尴尬；基于标题/路径语义，待关键帧确认,工具辅助动作；需确认动作完整循环、发力点、方向/次数/呼吸,轻跟练/收藏/风险提醒优先；强转化与效果承诺待人工删改,工具辅助动作；当前未调用视觉模型，动作画面证据待人审,pending_visual_review：未做人脸/情绪视觉识别,文件名/路径语义可辅助，不能替代字幕 OCR 或画面确认,pending_visual_review：未做 ASR/口播与动作同步验证,缺业务/健康事实确认,只作灵感,B,关键帧确认动作是否完整；字幕/口播是否同题兑现；健康/效果/价格/课程事实待客户确认,医学/健康边界风险；效果承诺风险；单一方法过度承诺,元数据：25.472s，1080x1920，30.000fps，audio=true；标题锚点：漏尿漏水尴尬/漏尿漏水改善/工具辅助动作
cfv_0129,跑跳漏水尴尬一个小球告别尴尬.mp4,pending_visual_review,痛点可视化 + 解决方案 + 效果对比 + 行动指令,痛点/结果可视化 + 工具辅助动作 + 低压行动,rename,3,1,漏尿漏水尴尬；基于标题/路径语义，待关键帧确认,工具辅助动作；需确认动作完整循环、发力点、方向/次数/呼吸,轻跟练/收藏/风险提醒优先；强转化与效果承诺待人工删改,工具辅助动作；当前未调用视觉模型，动作画面证据待人审,pending_visual_review：未做人脸/情绪视觉识别,文件名/路径语义可辅助，不能替代字幕 OCR 或画面确认,pending_visual_review：未做 ASR/口播与动作同步验证,缺业务/健康事实确认,只作灵感,B,关键帧确认动作是否完整；字幕/口播是否同题兑现；健康/效果/价格/课程事实待客户确认,医学/健康边界风险；效果承诺风险；单一方法过度承诺,元数据：25.472s，1080x1920，30.000fps，audio=true；标题锚点：漏尿漏水尴尬/漏尿漏水改善/工具辅助动作
cfv_0130,跑跳漏水尴尬就练这几个动作6.16.mp4,pending_visual_review,待视觉复核：文件名无足够结构信息,待视觉复核：需关键帧/人工判断后定公式,pending_visual_review,3,3,漏尿漏水尴尬；基于标题/路径语义，待关键帧确认,单动作循环演示；需确认动作完整循环、发力点、方向/次数/呼吸,轻跟练/收藏/风险提醒优先；强转化与效果承诺待人工删改,单动作循环演示；当前未调用视觉模型，动作画面证据待人审,pending_visual_review：未做人脸/情绪视觉识别,文件名/路径语义可辅助，不能替代字幕 OCR 或画面确认,pending_visual_review：未做 ASR/口播与动作同步验证,缺视觉结构证据,只作灵感,A,关键帧确认动作是否完整；字幕/口播是否同题兑现；健康/效果/价格/课程事实待客户确认,医学/健康边界风险,元数据：24.474s，1080x1920，30.000fps，audio=true；标题锚点：漏尿漏水尴尬/待视觉复核/单动作循环演示
cfv_0131,1.mp4,pending_visual_review,待视觉复核：文件名无足够结构信息,待视觉复核：需关键帧/人工判断后定公式,pending_visual_review,1,1,待视觉复核；基于标题/路径语义，待关键帧确认,待视觉复核；需确认动作完整循环、发力点、方向/次数/呼吸,轻跟练/收藏/风险提醒优先；强转化与效果承诺待人工删改,待视觉复核；当前未调用视觉模型，动作画面证据待人审,pending_visual_review：未做人脸/情绪视觉识别,文件名/路径语义可辅助，不能替代字幕 OCR 或画面确认,pending_visual_review：未做 ASR/口播与动作同步验证,缺开头人群/痛点；缺动作证据；缺视觉结构证据,只作灵感,C,关键帧确认动作是否完整；字幕/口播是否同题兑现；健康/效果/价格/课程事实待客户确认,无明显标题风险，但仍需视觉和业务人审,元数据：27.121s，1080x1920，30.000fps，audio=true；标题锚点：待视觉复核/待视觉复核/待视觉复核
cfv_0132,2.mp4,pending_visual_review,待视觉复核：文件名无足够结构信息,待视觉复核：需关键帧/人工判断后定公式,pending_visual_review,1,1,待视觉复核；基于标题/路径语义，待关键帧确认,待视觉复核；需确认动作完整循环、发力点、方向/次数/呼吸,轻跟练/收藏/风险提醒优先；强转化与效果承诺待人工删改,待视觉复核；当前未调用视觉模型，动作画面证据待人审,pending_visual_review：未做人脸/情绪视觉识别,文件名/路径语义可辅助，不能替代字幕 OCR 或画面确认,pending_visual_review：未做 ASR/口播与动作同步验证,缺开头人群/痛点；缺动作证据；缺视觉结构证据,只作灵感,C,关键帧确认动作是否完整；字幕/口播是否同题兑现；健康/效果/价格/课程事实待客户确认,无明显标题风险，但仍需视觉和业务人审,元数据：12.121s，1080x1920，30.000fps，audio=true；标题锚点：待视觉复核/待视觉复核/待视觉复核
cfv_0133,3.mp4,pending_visual_review,待视觉复核：文件名无足够结构信息,待视觉复核：需关键帧/人工判断后定公式,pending_visual_review,1,1,待视觉复核；基于标题/路径语义，待关键帧确认,待视觉复核；需确认动作完整循环、发力点、方向/次数/呼吸,轻跟练/收藏/风险提醒优先；强转化与效果承诺待人工删改,待视觉复核；当前未调用视觉模型，动作画面证据待人审,pending_visual_review：未做人脸/情绪视觉识别,文件名/路径语义可辅助，不能替代字幕 OCR 或画面确认,pending_visual_review：未做 ASR/口播与动作同步验证,缺开头人群/痛点；缺动作证据；缺视觉结构证据,只作灵感,C,关键帧确认动作是否完整；字幕/口播是否同题兑现；健康/效果/价格/课程事实待客户确认,无明显标题风险，但仍需视觉和业务人审,元数据：23.614s，1080x1920，30.000fps，audio=true；标题锚点：待视觉复核/待视觉复核/待视觉复核
cfv_0134,3c1f730c6718638e03e080ee7f2bb1c4.mp4,pending_visual_review,人群点名 + 低门槛动作 + 坚持建议,人群/年龄点名 + 动作证据待视觉复核 + 坚持建议,split,1,1,待视觉复核；基于标题/路径语义，待关键帧确认,待视觉复核；需确认动作完整循环、发力点、方向/次数/呼吸,轻跟练/收藏/风险提醒优先；强转化与效果承诺待人工删改,待视觉复核；当前未调用视觉模型，动作画面证据待人审,pending_visual_review：未做人脸/情绪视觉识别,文件名/路径语义可辅助，不能替代字幕 OCR 或画面确认,pending_visual_review：未做 ASR/口播与动作同步验证,缺动作证据,不建议当前阶段使用,C,关键帧确认动作是否完整；字幕/口播是否同题兑现；健康/效果/价格/课程事实待客户确认,无明显标题风险，但仍需视觉和业务人审,元数据：40.358s，720x1280，30.006fps，audio=true；标题锚点：待视觉复核/待视觉复核/待视觉复核
cfv_0135,4.mp4,pending_visual_review,待视觉复核：文件名无足够结构信息,待视觉复核：需关键帧/人工判断后定公式,pending_visual_review,1,1,待视觉复核；基于标题/路径语义，待关键帧确认,待视觉复核；需确认动作完整循环、发力点、方向/次数/呼吸,轻跟练/收藏/风险提醒优先；强转化与效果承诺待人工删改,待视觉复核；当前未调用视觉模型，动作画面证据待人审,pending_visual_review：未做人脸/情绪视觉识别,文件名/路径语义可辅助，不能替代字幕 OCR 或画面确认,pending_visual_review：未做 ASR/口播与动作同步验证,缺开头人群/痛点；缺动作证据；缺视觉结构证据,只作灵感,C,关键帧确认动作是否完整；字幕/口播是否同题兑现；健康/效果/价格/课程事实待客户确认,无明显标题风险，但仍需视觉和业务人审,元数据：38.313s，1080x1920，30.000fps，audio=true；标题锚点：待视觉复核/待视觉复核/待视觉复核
cfv_0136,5.mp4,pending_visual_review,待视觉复核：文件名无足够结构信息,待视觉复核：需关键帧/人工判断后定公式,pending_visual_review,1,1,待视觉复核；基于标题/路径语义，待关键帧确认,待视觉复核；需确认动作完整循环、发力点、方向/次数/呼吸,轻跟练/收藏/风险提醒优先；强转化与效果承诺待人工删改,待视觉复核；当前未调用视觉模型，动作画面证据待人审,pending_visual_review：未做人脸/情绪视觉识别,文件名/路径语义可辅助，不能替代字幕 OCR 或画面确认,pending_visual_review：未做 ASR/口播与动作同步验证,缺开头人群/痛点；缺动作证据；缺视觉结构证据,只作灵感,C,关键帧确认动作是否完整；字幕/口播是否同题兑现；健康/效果/价格/课程事实待客户确认,无明显标题风险，但仍需视觉和业务人审,元数据：20.642s，1080x1920，30.000fps，audio=true；标题锚点：待视觉复核/待视觉复核/待视觉复核
cfv_0137,下腹部坠胀这一式帮你搞定6.5（3）.mp4,pending_visual_review,痛点可视化 + 解决方案 + 效果对比 + 行动指令,痛点/结果可视化 + 单动作循环演示 + 低压行动,rename,3,1,小腹凸/腹压/悬垂腹；基于标题/路径语义，待关键帧确认,单动作循环演示；需确认动作完整循环、发力点、方向/次数/呼吸,轻跟练/收藏/风险提醒优先；强转化与效果承诺待人工删改,单动作循环演示；当前未调用视觉模型，动作画面证据待人审,pending_visual_review：未做人脸/情绪视觉识别,文件名/路径语义可辅助，不能替代字幕 OCR 或画面确认,pending_visual_review：未做 ASR/口播与动作同步验证,缺业务/健康事实确认,只作灵感,B,关键帧确认动作是否完整；字幕/口播是否同题兑现；健康/效果/价格/课程事实待客户确认,效果承诺风险；单一方法过度承诺,元数据：36.223s，1080x1920，30.000fps，audio=true；标题锚点：小腹凸/腹压/悬垂腹/待视觉复核/单动作循环演示
cfv_0138,产后三个动作告别妈妈臀（复制.mp4,pending_visual_review,痛点可视化 + 解决方案 + 效果对比 + 行动指令,痛点/结果可视化 + 单动作循环演示 + 低压行动,rename,3,1,臀凹陷/妈妈臀/扁平臀；基于标题/路径语义，待关键帧确认,单动作循环演示；需确认动作完整循环、发力点、方向/次数/呼吸,轻跟练/收藏/风险提醒优先；强转化与效果承诺待人工删改,单动作循环演示；当前未调用视觉模型，动作画面证据待人审,pending_visual_review：未做人脸/情绪视觉识别,文件名/路径语义可辅助，不能替代字幕 OCR 或画面确认,pending_visual_review：未做 ASR/口播与动作同步验证,缺业务/健康事实确认,只作灵感,B,关键帧确认动作是否完整；字幕/口播是否同题兑现；健康/效果/价格/课程事实待客户确认,效果承诺风险,元数据：10.936s，1080x1920，30.000fps，audio=true；标题锚点：臀凹陷/妈妈臀/扁平臀/待视觉复核/单动作循环演示
cfv_0139,只需一个瑜伽小球告别跑跳（复制.mp4,pending_visual_review,痛点可视化 + 解决方案 + 效果对比 + 行动指令,痛点/结果可视化 + 工具辅助动作 + 低压行动,rename,3,1,漏尿漏水尴尬；基于标题/路径语义，待关键帧确认,工具辅助动作；需确认动作完整循环、发力点、方向/次数/呼吸,轻跟练/收藏/风险提醒优先；强转化与效果承诺待人工删改,工具辅助动作；当前未调用视觉模型，动作画面证据待人审,pending_visual_review：未做人脸/情绪视觉识别,文件名/路径语义可辅助，不能替代字幕 OCR 或画面确认,pending_visual_review：未做 ASR/口播与动作同步验证,缺业务/健康事实确认,只作灵感,B,关键帧确认动作是否完整；字幕/口播是否同题兑现；健康/效果/价格/课程事实待客户确认,效果承诺风险；单一方法过度承诺,元数据：20.433s，1080x1920，30.000fps，audio=true；标题锚点：漏尿漏水尴尬/待视觉复核/工具辅助动作
cfv_0140,只需一个瑜伽小球让你告别妈妈臀（复制.mp4,pending_visual_review,痛点可视化 + 解决方案 + 效果对比 + 行动指令,痛点/结果可视化 + 工具辅助动作 + 低压行动,rename,3,1,臀凹陷/妈妈臀/扁平臀；基于标题/路径语义，待关键帧确认,工具辅助动作；需确认动作完整循环、发力点、方向/次数/呼吸,轻跟练/收藏/风险提醒优先；强转化与效果承诺待人工删改,工具辅助动作；当前未调用视觉模型，动作画面证据待人审,pending_visual_review：未做人脸/情绪视觉识别,文件名/路径语义可辅助，不能替代字幕 OCR 或画面确认,pending_visual_review：未做 ASR/口播与动作同步验证,缺业务/健康事实确认,只作灵感,B,关键帧确认动作是否完整；字幕/口播是否同题兑现；健康/效果/价格/课程事实待客户确认,效果承诺风险；单一方法过度承诺,元数据：12.237s，1080x1920，30.000fps，audio=true；标题锚点：臀凹陷/妈妈臀/扁平臀/待视觉复核/工具辅助动作
cfv_0141,只需一个瑜伽球告别盆盆松（复制.mp4,pending_visual_review,痛点可视化 + 解决方案 + 效果对比 + 行动指令,痛点/结果可视化 + 工具辅助动作 + 低压行动,rename,3,1,盆底松弛无力；基于标题/路径语义，待关键帧确认,工具辅助动作；需确认动作完整循环、发力点、方向/次数/呼吸,轻跟练/收藏/风险提醒优先；强转化与效果承诺待人工删改,工具辅助动作；当前未调用视觉模型，动作画面证据待人审,pending_visual_review：未做人脸/情绪视觉识别,文件名/路径语义可辅助，不能替代字幕 OCR 或画面确认,pending_visual_review：未做 ASR/口播与动作同步验证,缺业务/健康事实确认,只作灵感,B,关键帧确认动作是否完整；字幕/口播是否同题兑现；健康/效果/价格/课程事实待客户确认,效果承诺风险；单一方法过度承诺,元数据：9.404s，1080x1920，30.000fps，audio=true；标题锚点：盆底松弛无力/待视觉复核/工具辅助动作
cfv_0142,只需一个瑜伽球练出紧致的盆底肌（复制.mp4,pending_visual_review,痛点可视化 + 解决方案 + 效果对比 + 行动指令,痛点/结果可视化 + 工具辅助动作 + 低压行动,rename,3,1,盆底松弛无力；基于标题/路径语义，待关键帧确认,工具辅助动作；需确认动作完整循环、发力点、方向/次数/呼吸,轻跟练/收藏/风险提醒优先；强转化与效果承诺待人工删改,工具辅助动作；当前未调用视觉模型，动作画面证据待人审,pending_visual_review：未做人脸/情绪视觉识别,文件名/路径语义可辅助，不能替代字幕 OCR 或画面确认,pending_visual_review：未做 ASR/口播与动作同步验证,缺业务/健康事实确认,只作灵感,B,关键帧确认动作是否完整；字幕/口播是否同题兑现；健康/效果/价格/课程事实待客户确认,医学/健康边界风险；单一方法过度承诺,元数据：13.189s，1080x1920，30.000fps，audio=true；标题锚点：盆底松弛无力/盆底紧致/八爪鱼/抓握力/工具辅助动作
cfv_0143,只需一个瑜伽球臀翘了小肚子不见了（复制.mp4,pending_visual_review,痛点可视化 + 解决方案 + 效果对比 + 行动指令,痛点/结果可视化 + 工具辅助动作 + 低压行动,rename,3,1,小腹凸/腹压/悬垂腹；基于标题/路径语义，待关键帧确认,工具辅助动作；需确认动作完整循环、发力点、方向/次数/呼吸,轻跟练/收藏/风险提醒优先；强转化与效果承诺待人工删改,工具辅助动作；当前未调用视觉模型，动作画面证据待人审,pending_visual_review：未做人脸/情绪视觉识别,文件名/路径语义可辅助，不能替代字幕 OCR 或画面确认,pending_visual_review：未做 ASR/口播与动作同步验证,缺业务/健康事实确认,只作灵感,B,关键帧确认动作是否完整；字幕/口播是否同题兑现；健康/效果/价格/课程事实待客户确认,效果承诺风险；单一方法过度承诺,元数据：9.752s，1080x1920，30.000fps，audio=true；标题锚点：小腹凸/腹压/悬垂腹/臀翘/臀饱满/蜜桃臀/工具辅助动作
cfv_0144,钻石式臀桥告别产后妈妈臀.mp4,pending_visual_review,痛点可视化 + 解决方案 + 效果对比 + 行动指令,痛点/结果可视化 + 工具辅助动作 + 低压行动,rename,3,1,臀凹陷/妈妈臀/扁平臀；基于标题/路径语义，待关键帧确认,工具辅助动作；需确认动作完整循环、发力点、方向/次数/呼吸,轻跟练/收藏/风险提醒优先；强转化与效果承诺待人工删改,工具辅助动作；当前未调用视觉模型，动作画面证据待人审,pending_visual_review：未做人脸/情绪视觉识别,文件名/路径语义可辅助，不能替代字幕 OCR 或画面确认,pending_visual_review：未做 ASR/口播与动作同步验证,缺业务/健康事实确认,只作灵感,B,关键帧确认动作是否完整；字幕/口播是否同题兑现；健康/效果/价格/课程事实待客户确认,效果承诺风险,元数据：57.074s，1080x1920，30.000fps，audio=true；标题锚点：臀凹陷/妈妈臀/扁平臀/待视觉复核/工具辅助动作
cfv_0145,青蛙趴变式改善骨盆前倾.mp4,pending_visual_review,痛点可视化 + 解决方案 + 效果对比 + 行动指令,痛点/结果可视化 + 图解/解剖辅助说明 + 低压行动,rename,3,3,假胯宽/骨盆外翻/体态问题；基于标题/路径语义，待关键帧确认,图解/解剖辅助说明；需确认动作完整循环、发力点、方向/次数/呼吸,轻跟练/收藏/风险提醒优先；强转化与效果承诺待人工删改,图解/解剖辅助说明；当前未调用视觉模型，动作画面证据待人审,pending_visual_review：未做人脸/情绪视觉识别,文件名/路径语义可辅助，不能替代字幕 OCR 或画面确认,pending_visual_review：未做 ASR/口播与动作同步验证,缺业务/健康事实确认,可二次加工,B,关键帧确认动作是否完整；字幕/口播是否同题兑现；健康/效果/价格/课程事实待客户确认,效果承诺风险,元数据：10.008s，1080x1920，30.000fps，audio=true；标题锚点：假胯宽/骨盆外翻/体态问题/待视觉复核/图解/解剖辅助说明
cfv_0146,高段位的女性都在练习八爪鱼.mp4,pending_visual_review,人群点名 + 低门槛动作 + 坚持建议,人群/年龄点名 + 单动作循环演示 + 坚持建议,split,3,3,盆底松弛无力；基于标题/路径语义，待关键帧确认,单动作循环演示；需确认动作完整循环、发力点、方向/次数/呼吸,轻跟练/收藏/风险提醒优先；强转化与效果承诺待人工删改,单动作循环演示；当前未调用视觉模型，动作画面证据待人审,pending_visual_review：未做人脸/情绪视觉识别,文件名/路径语义可辅助，不能替代字幕 OCR 或画面确认,pending_visual_review：未做 ASR/口播与动作同步验证,无明显缺失但需视觉人审,可二次加工,B,关键帧确认动作是否完整；字幕/口播是否同题兑现；健康/效果/价格/课程事实待客户确认,无明显标题风险，但仍需视觉和业务人审,元数据：13.282s，1080x1920，30.000fps，audio=true；标题锚点：盆底松弛无力/盆底紧致/八爪鱼/抓握力/单动作循环演示
cfv_0147,高段位的女性都在练习盆底肌.mp4,pending_visual_review,人群点名 + 低门槛动作 + 坚持建议,人群/年龄点名 + 单动作循环演示 + 坚持建议,split,3,3,盆底松弛无力；基于标题/路径语义，待关键帧确认,单动作循环演示；需确认动作完整循环、发力点、方向/次数/呼吸,轻跟练/收藏/风险提醒优先；强转化与效果承诺待人工删改,单动作循环演示；当前未调用视觉模型，动作画面证据待人审,pending_visual_review：未做人脸/情绪视觉识别,文件名/路径语义可辅助，不能替代字幕 OCR 或画面确认,pending_visual_review：未做 ASR/口播与动作同步验证,无明显缺失但需视觉人审,可二次加工,A,关键帧确认动作是否完整；字幕/口播是否同题兑现；健康/效果/价格/课程事实待客户确认,医学/健康边界风险,元数据：15.743s，1080x1920，30.000fps，audio=true；标题锚点：盆底松弛无力/好状态/抗衰体态/单动作循环演示
cfv_0148,高段位的女性都在练八爪鱼6.16.mp4,pending_visual_review,人群点名 + 低门槛动作 + 坚持建议,人群/年龄点名 + 动作证据待视觉复核 + 坚持建议,split,3,3,盆底松弛无力；基于标题/路径语义，待关键帧确认,待视觉复核；需确认动作完整循环、发力点、方向/次数/呼吸,轻跟练/收藏/风险提醒优先；强转化与效果承诺待人工删改,待视觉复核；当前未调用视觉模型，动作画面证据待人审,pending_visual_review：未做人脸/情绪视觉识别,文件名/路径语义可辅助，不能替代字幕 OCR 或画面确认,pending_visual_review：未做 ASR/口播与动作同步验证,缺动作证据,可二次加工,B,关键帧确认动作是否完整；字幕/口播是否同题兑现；健康/效果/价格/课程事实待客户确认,无明显标题风险，但仍需视觉和业务人审,元数据：21.501s，1080x1920，30.000fps，audio=true；标题锚点：盆底松弛无力/盆底紧致/八爪鱼/抓握力/待视觉复核
cfv_0149,高段位的女性都开始练盆底肌6.10.mp4,pending_visual_review,人群点名 + 低门槛动作 + 坚持建议,人群/年龄点名 + 图解/解剖辅助说明 + 坚持建议,split,3,3,盆底松弛无力；基于标题/路径语义，待关键帧确认,图解/解剖辅助说明；需确认动作完整循环、发力点、方向/次数/呼吸,轻跟练/收藏/风险提醒优先；强转化与效果承诺待人工删改,图解/解剖辅助说明；当前未调用视觉模型，动作画面证据待人审,pending_visual_review：未做人脸/情绪视觉识别,文件名/路径语义可辅助，不能替代字幕 OCR 或画面确认,pending_visual_review：未做 ASR/口播与动作同步验证,无明显缺失但需视觉人审,可二次加工,A,关键帧确认动作是否完整；字幕/口播是否同题兑现；健康/效果/价格/课程事实待客户确认,医学/健康边界风险,元数据：11.169s，1080x1920，30.000fps，audio=true；标题锚点：盆底松弛无力/好状态/抗衰体态/图解/解剖辅助说明
cfv_0150,高段位的女性都想拥有蜜桃臀.mp4,pending_visual_review,人群点名 + 低门槛动作 + 坚持建议,人群/年龄点名 + 动作证据待视觉复核 + 坚持建议,split,3,3,臀凹陷/妈妈臀/扁平臀；基于标题/路径语义，待关键帧确认,待视觉复核；需确认动作完整循环、发力点、方向/次数/呼吸,轻跟练/收藏/风险提醒优先；强转化与效果承诺待人工删改,待视觉复核；当前未调用视觉模型，动作画面证据待人审,pending_visual_review：未做人脸/情绪视觉识别,文件名/路径语义可辅助，不能替代字幕 OCR 或画面确认,pending_visual_review：未做 ASR/口播与动作同步验证,缺动作证据,可二次加工,B,关键帧确认动作是否完整；字幕/口播是否同题兑现；健康/效果/价格/课程事实待客户确认,无明显标题风险，但仍需视觉和业务人审,元数据：18.738s，1080x1920，30.000fps，audio=true；标题锚点：臀凹陷/妈妈臀/扁平臀/臀翘/臀饱满/蜜桃臀/待视觉复核
cfv_0151,悬垂腹大肚子躺着就能变小.mp4,pending_visual_review,待视觉复核：文件名无足够结构信息,待视觉复核：需关键帧/人工判断后定公式,pending_visual_review,3,3,小腹凸/腹压/悬垂腹；基于标题/路径语义，待关键帧确认,待视觉复核；需确认动作完整循环、发力点、方向/次数/呼吸,轻跟练/收藏/风险提醒优先；强转化与效果承诺待人工删改,待视觉复核；当前未调用视觉模型，动作画面证据待人审,pending_visual_review：未做人脸/情绪视觉识别,文件名/路径语义可辅助，不能替代字幕 OCR 或画面确认,pending_visual_review：未做 ASR/口播与动作同步验证,缺动作证据；缺视觉结构证据,只作灵感,B,关键帧确认动作是否完整；字幕/口播是否同题兑现；健康/效果/价格/课程事实待客户确认,无明显标题风险，但仍需视觉和业务人审,元数据：32.136s，1080x1920，60.000fps，audio=true；标题锚点：小腹凸/腹压/悬垂腹/小腹平/肚子平/待视觉复核
cfv_0152,收紧盆底肌每天坚持五分钟.mp4,pending_visual_review,人群点名 + 痛点放大 + 单动作演示 + 坚持建议,痛点/人群点名 + 单动作循环演示 + 坚持建议,merge,3,3,盆底松弛无力；基于标题/路径语义，待关键帧确认,单动作循环演示；需确认动作完整循环、发力点、方向/次数/呼吸,轻跟练/收藏/风险提醒优先；强转化与效果承诺待人工删改,单动作循环演示；当前未调用视觉模型，动作画面证据待人审,pending_visual_review：未做人脸/情绪视觉识别,文件名/路径语义可辅助，不能替代字幕 OCR 或画面确认,pending_visual_review：未做 ASR/口播与动作同步验证,无明显缺失但需视觉人审,可二次加工,A,关键帧确认动作是否完整；字幕/口播是否同题兑现；健康/效果/价格/课程事实待客户确认,医学/健康边界风险,元数据：41.076s，1080x1920，60.000fps，audio=true；标题锚点：盆底松弛无力/盆底紧致/八爪鱼/抓握力/单动作循环演示
cfv_0153,椅子上一个动作轻松闭合花园.mp4,pending_visual_review,人群点名 + 痛点放大 + 单动作演示 + 坚持建议,痛点/人群点名 + 单动作循环演示 + 坚持建议,merge,3,1,待视觉复核；基于标题/路径语义，待关键帧确认,单动作循环演示；需确认动作完整循环、发力点、方向/次数/呼吸,轻跟练/收藏/风险提醒优先；强转化与效果承诺待人工删改,单动作循环演示；当前未调用视觉模型，动作画面证据待人审,pending_visual_review：未做人脸/情绪视觉识别,文件名/路径语义可辅助，不能替代字幕 OCR 或画面确认,pending_visual_review：未做 ASR/口播与动作同步验证,缺开头人群/痛点,只作灵感,B,关键帧确认动作是否完整；字幕/口播是否同题兑现；健康/效果/价格/课程事实待客户确认,单一方法过度承诺,元数据：85.147s，1080x1920，60.000fps，audio=true；标题锚点：待视觉复核/待视觉复核/单动作循环演示
cfv_0154,每天10分钟臀不塌了胯不宽了.mp4,pending_visual_review,人群点名 + 痛点放大 + 单动作演示 + 坚持建议,痛点/人群点名 + 单动作循环演示 + 坚持建议,merge,3,3,假胯宽/骨盆外翻/体态问题；基于标题/路径语义，待关键帧确认,单动作循环演示；需确认动作完整循环、发力点、方向/次数/呼吸,轻跟练/收藏/风险提醒优先；强转化与效果承诺待人工删改,单动作循环演示；当前未调用视觉模型，动作画面证据待人审,pending_visual_review：未做人脸/情绪视觉识别,文件名/路径语义可辅助，不能替代字幕 OCR 或画面确认,pending_visual_review：未做 ASR/口播与动作同步验证,无明显缺失但需视觉人审,可二次加工,B,关键帧确认动作是否完整；字幕/口播是否同题兑现；健康/效果/价格/课程事实待客户确认,无明显标题风险，但仍需视觉和业务人审,元数据：23.707s，1080x1920，30.000fps，audio=true；标题锚点：假胯宽/骨盆外翻/体态问题/待视觉复核/单动作循环演示
cfv_0155,每天3分钟缓解腹部胀气.mp4,pending_visual_review,人群点名 + 痛点放大 + 单动作演示 + 坚持建议,痛点/人群点名 + 单动作循环演示 + 坚持建议,merge,3,3,小腹凸/腹压/悬垂腹；基于标题/路径语义，待关键帧确认,单动作循环演示；需确认动作完整循环、发力点、方向/次数/呼吸,轻跟练/收藏/风险提醒优先；强转化与效果承诺待人工删改,单动作循环演示；当前未调用视觉模型，动作画面证据待人审,pending_visual_review：未做人脸/情绪视觉识别,文件名/路径语义可辅助，不能替代字幕 OCR 或画面确认,pending_visual_review：未做 ASR/口播与动作同步验证,无明显缺失但需视觉人审,可二次加工,B,关键帧确认动作是否完整；字幕/口播是否同题兑现；健康/效果/价格/课程事实待客户确认,无明显标题风险，但仍需视觉和业务人审,元数据：30.534s，1080x1920，60.000fps，audio=true；标题锚点：小腹凸/腹压/悬垂腹/待视觉复核/单动作循环演示
cfv_0156,每天坚持一分钟收紧盆底肌.mp4,pending_visual_review,人群点名 + 痛点放大 + 单动作演示 + 坚持建议,痛点/人群点名 + 单动作循环演示 + 坚持建议,merge,3,3,盆底松弛无力；基于标题/路径语义，待关键帧确认,单动作循环演示；需确认动作完整循环、发力点、方向/次数/呼吸,轻跟练/收藏/风险提醒优先；强转化与效果承诺待人工删改,单动作循环演示；当前未调用视觉模型，动作画面证据待人审,pending_visual_review：未做人脸/情绪视觉识别,文件名/路径语义可辅助，不能替代字幕 OCR 或画面确认,pending_visual_review：未做 ASR/口播与动作同步验证,无明显缺失但需视觉人审,可二次加工,A,关键帧确认动作是否完整；字幕/口播是否同题兑现；健康/效果/价格/课程事实待客户确认,医学/健康边界风险,元数据：79.133s，1080x1920，60.000fps，audio=true；标题锚点：盆底松弛无力/盆底紧致/八爪鱼/抓握力/单动作循环演示
cfv_0157,每天坚持这个动作盆底肌J了.mp4,pending_visual_review,人群点名 + 痛点放大 + 单动作演示 + 坚持建议,痛点/人群点名 + 单动作循环演示 + 坚持建议,merge,3,3,盆底松弛无力；基于标题/路径语义，待关键帧确认,单动作循环演示；需确认动作完整循环、发力点、方向/次数/呼吸,轻跟练/收藏/风险提醒优先；强转化与效果承诺待人工删改,单动作循环演示；当前未调用视觉模型，动作画面证据待人审,pending_visual_review：未做人脸/情绪视觉识别,文件名/路径语义可辅助，不能替代字幕 OCR 或画面确认,pending_visual_review：未做 ASR/口播与动作同步验证,无明显缺失但需视觉人审,可二次加工,A,关键帧确认动作是否完整；字幕/口播是否同题兑现；健康/效果/价格/课程事实待客户确认,医学/健康边界风险,元数据：45.813s，1080x1920，60.000fps，audio=true；标题锚点：盆底松弛无力/待视觉复核/单动作循环演示
cfv_0158,每天坚持这个动作臀饱满了.mp4,pending_visual_review,人群点名 + 痛点放大 + 单动作演示 + 坚持建议,痛点/人群点名 + 单动作循环演示 + 坚持建议,merge,3,3,臀凹陷/妈妈臀/扁平臀；基于标题/路径语义，待关键帧确认,单动作循环演示；需确认动作完整循环、发力点、方向/次数/呼吸,轻跟练/收藏/风险提醒优先；强转化与效果承诺待人工删改,单动作循环演示；当前未调用视觉模型，动作画面证据待人审,pending_visual_review：未做人脸/情绪视觉识别,文件名/路径语义可辅助，不能替代字幕 OCR 或画面确认,pending_visual_review：未做 ASR/口播与动作同步验证,无明显缺失但需视觉人审,可二次加工,A,关键帧确认动作是否完整；字幕/口播是否同题兑现；健康/效果/价格/课程事实待客户确认,无明显标题风险，但仍需视觉和业务人审,元数据：16.602s，1080x1920，60.000fps，audio=true；标题锚点：臀凹陷/妈妈臀/扁平臀/臀翘/臀饱满/蜜桃臀/单动作循环演示
cfv_0159,用产品就能治疗脱垂膨出？.mp4,pending_visual_review,痛点问题 + 原因解释 + 方法交付,问题问答 + 原因解释 + 方法边界（膨出脱垂/下垂）,keep,3,3,膨出脱垂/下垂；基于标题/路径语义，待关键帧确认,待视觉复核；需确认动作完整循环、发力点、方向/次数/呼吸,轻跟练/收藏/风险提醒优先；强转化与效果承诺待人工删改,待视觉复核；当前未调用视觉模型，动作画面证据待人审,pending_visual_review：未做人脸/情绪视觉识别,文件名/路径语义可辅助，不能替代字幕 OCR 或画面确认,pending_visual_review：未做 ASR/口播与动作同步验证,缺动作证据,可二次加工,B,关键帧确认动作是否完整；字幕/口播是否同题兑现；健康/效果/价格/课程事实待客户确认,医学/健康边界风险,元数据：132.586s，1080x1920，60.000fps，audio=true；标题锚点：膨出脱垂/下垂/待视觉复核/待视觉复核
cfv_0160,盆底肌松了人真的会变丑.mp4,pending_visual_review,待视觉复核：文件名无足够结构信息,待视觉复核：需关键帧/人工判断后定公式,pending_visual_review,3,3,盆底松弛无力；基于标题/路径语义，待关键帧确认,图解/解剖辅助说明；需确认动作完整循环、发力点、方向/次数/呼吸,轻跟练/收藏/风险提醒优先；强转化与效果承诺待人工删改,图解/解剖辅助说明；当前未调用视觉模型，动作画面证据待人审,pending_visual_review：未做人脸/情绪视觉识别,文件名/路径语义可辅助，不能替代字幕 OCR 或画面确认,pending_visual_review：未做 ASR/口播与动作同步验证,缺视觉结构证据,只作灵感,A,关键帧确认动作是否完整；字幕/口播是否同题兑现；健康/效果/价格/课程事实待客户确认,医学/健康边界风险,元数据：54.915s，1080x1920，60.000fps，audio=true；标题锚点：盆底松弛无力/待视觉复核/图解/解剖辅助说明
cfv_0161,盆底高张疼痛每天两分钟蝴蝶开合.mp4,pending_visual_review,人群点名 + 痛点放大 + 单动作演示 + 坚持建议,痛点/人群点名 + 单动作循环演示 + 坚持建议,merge,3,3,盆底松弛无力；基于标题/路径语义，待关键帧确认,单动作循环演示；需确认动作完整循环、发力点、方向/次数/呼吸,轻跟练/收藏/风险提醒优先；强转化与效果承诺待人工删改,单动作循环演示；当前未调用视觉模型，动作画面证据待人审,pending_visual_review：未做人脸/情绪视觉识别,文件名/路径语义可辅助，不能替代字幕 OCR 或画面确认,pending_visual_review：未做 ASR/口播与动作同步验证,无明显缺失但需视觉人审,可二次加工,A,关键帧确认动作是否完整；字幕/口播是否同题兑现；健康/效果/价格/课程事实待客户确认,医学/健康边界风险,元数据：43.282s，1080x1920，60.000fps，audio=true；标题锚点：盆底松弛无力/待视觉复核/单动作循环演示
cfv_0162,直播切片1.mp4,pending_visual_review,痛点问题 + 原因解释 + 方法交付,问题问答 + 原因解释 + 方法边界（泛身体状态/待视觉复核）,keep,3,3,待视觉复核；基于标题/路径语义，待关键帧确认,待视觉复核；需确认动作完整循环、发力点、方向/次数/呼吸,轻跟练/收藏/风险提醒优先；强转化与效果承诺待人工删改,待视觉复核；当前未调用视觉模型，动作画面证据待人审,pending_visual_review：未做人脸/情绪视觉识别,文件名/路径语义可辅助，不能替代字幕 OCR 或画面确认,pending_visual_review：未做 ASR/口播与动作同步验证,缺开头人群/痛点；缺动作证据,可二次加工,B,关键帧确认动作是否完整；字幕/口播是否同题兑现；健康/效果/价格/课程事实待客户确认,无明显标题风险，但仍需视觉和业务人审,元数据：229.599s，1080x1920，30.000fps，audio=true；标题锚点：待视觉复核/待视觉复核/待视觉复核
cfv_0163,练这个动作腰细了盆底紧了.mp4,pending_visual_review,痛点可视化 + 解决方案 + 效果对比 + 行动指令,痛点/结果可视化 + 单动作循环演示 + 低压行动,rename,3,3,盆底松弛无力；基于标题/路径语义，待关键帧确认,单动作循环演示；需确认动作完整循环、发力点、方向/次数/呼吸,轻跟练/收藏/风险提醒优先；强转化与效果承诺待人工删改,单动作循环演示；当前未调用视觉模型，动作画面证据待人审,pending_visual_review：未做人脸/情绪视觉识别,文件名/路径语义可辅助，不能替代字幕 OCR 或画面确认,pending_visual_review：未做 ASR/口播与动作同步验证,缺业务/健康事实确认,可二次加工,A,关键帧确认动作是否完整；字幕/口播是否同题兑现；健康/效果/价格/课程事实待客户确认,医学/健康边界风险；效果承诺风险,元数据：45.441s，1080x1920，30.000fps，audio=true；标题锚点：盆底松弛无力/盆底紧致/八爪鱼/抓握力/单动作循环演示
cfv_0164,背变厚了？可能不是胖.mp4,pending_visual_review,待视觉复核：文件名无足够结构信息,待视觉复核：需关键帧/人工判断后定公式,pending_visual_review,3,3,假胯宽/骨盆外翻/体态问题；基于标题/路径语义，待关键帧确认,待视觉复核；需确认动作完整循环、发力点、方向/次数/呼吸,轻跟练/收藏/风险提醒优先；强转化与效果承诺待人工删改,待视觉复核；当前未调用视觉模型，动作画面证据待人审,pending_visual_review：未做人脸/情绪视觉识别,文件名/路径语义可辅助，不能替代字幕 OCR 或画面确认,pending_visual_review：未做 ASR/口播与动作同步验证,缺动作证据；缺视觉结构证据,只作灵感,B,关键帧确认动作是否完整；字幕/口播是否同题兑现；健康/效果/价格/课程事实待客户确认,无明显标题风险，但仍需视觉和业务人审,元数据：52.105s，1080x1920，60.000fps，audio=true；标题锚点：假胯宽/骨盆外翻/体态问题/待视觉复核/待视觉复核
cfv_0165,腹内压小肚子凸出趴着就能变小.mp4,pending_visual_review,待视觉复核：文件名无足够结构信息,待视觉复核：需关键帧/人工判断后定公式,pending_visual_review,3,3,小腹凸/腹压/悬垂腹；基于标题/路径语义，待关键帧确认,待视觉复核；需确认动作完整循环、发力点、方向/次数/呼吸,轻跟练/收藏/风险提醒优先；强转化与效果承诺待人工删改,待视觉复核；当前未调用视觉模型，动作画面证据待人审,pending_visual_review：未做人脸/情绪视觉识别,文件名/路径语义可辅助，不能替代字幕 OCR 或画面确认,pending_visual_review：未做 ASR/口播与动作同步验证,缺动作证据；缺视觉结构证据,只作灵感,B,关键帧确认动作是否完整；字幕/口播是否同题兑现；健康/效果/价格/课程事实待客户确认,无明显标题风险，但仍需视觉和业务人审,元数据：16.834s，1080x1920，60.000fps，audio=true；标题锚点：小腹凸/腹压/悬垂腹/小腹平/肚子平/待视觉复核
cfv_0166,轻度脱垂忍忍就能好？.mp4,pending_visual_review,痛点问题 + 原因解释 + 方法交付,问题问答 + 原因解释 + 方法边界（膨出脱垂/下垂）,keep,3,3,膨出脱垂/下垂；基于标题/路径语义，待关键帧确认,待视觉复核；需确认动作完整循环、发力点、方向/次数/呼吸,轻跟练/收藏/风险提醒优先；强转化与效果承诺待人工删改,待视觉复核；当前未调用视觉模型，动作画面证据待人审,pending_visual_review：未做人脸/情绪视觉识别,文件名/路径语义可辅助，不能替代字幕 OCR 或画面确认,pending_visual_review：未做 ASR/口播与动作同步验证,缺动作证据,可二次加工,B,关键帧确认动作是否完整；字幕/口播是否同题兑现；健康/效果/价格/课程事实待客户确认,医学/健康边界风险,元数据：116.959s，1080x1920，60.000fps，audio=true；标题锚点：膨出脱垂/下垂/待视觉复核/待视觉复核
