export_id,candidate_id,pair_group_id,recording_id,usable_structure_name,structure_folder,candidate_folder,source_file,start_time,end_time,duration_seconds,full_context_path,full_context_relpath,full_context_exists,full_context_probe_status,full_context_duration_seconds,width,height,video_codec,audio_codec,export_method,front_clip_path,action_clip_path,front_back_split_status,clip_value_type,recommended_editor_action,manual_review_items,status
A001,live_cand_0004,pair_0004,rec_001,误区/错误先抛 + 正确动作对比 + 原因解释,01_误区错误纠正_错误动作正确动作原因解释,/Volumes/WD_BLACK/澜心社剪辑/lanxinse--/outputs/local_live_A_editor_package/01_误区错误纠正_错误动作正确动作原因解释/A001_live_cand_0004_pair_0004_rec_001,/Volumes/WD_BLACK/完整直播录屏/今年直播素材/5月13日直播素材.MP4,00:10:00.000,00:12:00.000,120,/Volumes/WD_BLACK/澜心社剪辑/lanxinse--/outputs/local_live_A_editor_package/01_误区错误纠正_错误动作正确动作原因解释/A001_live_cand_0004_pair_0004_rec_001/03_完整上下文_full_context.mp4,outputs/local_live_A_editor_package/01_误区错误纠正_错误动作正确动作原因解释/A001_live_cand_0004_pair_0004_rec_001/03_完整上下文_full_context.mp4,true,success,120.020,1920,1080,h264,pcm_s16be,stream_copy,,,not_available_from_pair_table_same_time_range,风险,优先给剪辑师听审和看原片；保留同题口播与动作窗口，先做人工精修候选。,ASR 校字；原片听审；动作完整循环；画面遮挡；健康/业务/适用人群；敏感表达公开尺度。,exported_pending_manual_review
A002,live_cand_0006,pair_0006,rec_001,问题问答 + 原因解释 + 方法边界,02_问题问答_原因解释方法边界,/Volumes/WD_BLACK/澜心社剪辑/lanxinse--/outputs/local_live_A_editor_package/02_问题问答_原因解释方法边界/A002_live_cand_0006_pair_0006_rec_001,/Volumes/WD_BLACK/完整直播录屏/今年直播素材/5月13日直播素材.MP4,00:14:00.000,00:16:00.000,120,/Volumes/WD_BLACK/澜心社剪辑/lanxinse--/outputs/local_live_A_editor_package/02_问题问答_原因解释方法边界/A002_live_cand_0006_pair_0006_rec_001/03_完整上下文_full_context.mp4,outputs/local_live_A_editor_package/02_问题问答_原因解释方法边界/A002_live_cand_0006_pair_0006_rec_001/03_完整上下文_full_context.mp4,true,success,120.020,1920,1080,h264,pcm_s16be,stream_copy,,,not_available_from_pair_table_same_time_range,方法,优先给剪辑师听审和看原片；保留同题口播与动作窗口，先做人工精修候选。,ASR 校字；原片听审；动作完整循环；画面遮挡；健康/业务/适用人群；敏感表达公开尺度。,exported_pending_manual_review
A003,live_cand_0011,pair_0011,rec_001,工具/动作演示 + 发力口令 + 低压跟练收束,04_工具动作演示_发力口令低压跟练收束,/Volumes/WD_BLACK/澜心社剪辑/lanxinse--/outputs/local_live_A_editor_package/04_工具动作演示_发力口令低压跟练收束/A003_live_cand_0011_pair_0011_rec_001,/Volumes/WD_BLACK/完整直播录屏/今年直播素材/5月13日直播素材.MP4,00:24:00.000,00:26:00.000,120,/Volumes/WD_BLACK/澜心社剪辑/lanxinse--/outputs/local_live_A_editor_package/04_工具动作演示_发力口令低压跟练收束/A003_live_cand_0011_pair_0011_rec_001/03_完整上下文_full_context.mp4,outputs/local_live_A_editor_package/04_工具动作演示_发力口令低压跟练收束/A003_live_cand_0011_pair_0011_rec_001/03_完整上下文_full_context.mp4,true,success,120.020,1920,1080,h264,pcm_s16be,stream_copy,,,not_available_from_pair_table_same_time_range,方法,优先给剪辑师听审和看原片；保留同题口播与动作窗口，先做人工精修候选。,ASR 校字；原片听审；动作完整循环；画面遮挡；健康/业务/适用人群；敏感表达公开尺度。,exported_pending_manual_review
A004,live_cand_0012,pair_0012,rec_001,工具/动作演示 + 发力口令 + 低压跟练收束,04_工具动作演示_发力口令低压跟练收束,/Volumes/WD_BLACK/澜心社剪辑/lanxinse--/outputs/local_live_A_editor_package/04_工具动作演示_发力口令低压跟练收束/A004_live_cand_0012_pair_0012_rec_001,/Volumes/WD_BLACK/完整直播录屏/今年直播素材/5月13日直播素材.MP4,00:26:00.000,00:28:00.000,120,/Volumes/WD_BLACK/澜心社剪辑/lanxinse--/outputs/local_live_A_editor_package/04_工具动作演示_发力口令低压跟练收束/A004_live_cand_0012_pair_0012_rec_001/03_完整上下文_full_context.mp4,outputs/local_live_A_editor_package/04_工具动作演示_发力口令低压跟练收束/A004_live_cand_0012_pair_0012_rec_001/03_完整上下文_full_context.mp4,true,success,120.020,1920,1080,h264,pcm_s16be,stream_copy,,,not_available_from_pair_table_same_time_range,方法,优先给剪辑师听审和看原片；保留同题口播与动作窗口，先做人工精修候选。,ASR 校字；原片听审；动作完整循环；画面遮挡；健康/业务/适用人群；敏感表达公开尺度。,exported_pending_manual_review
A005,live_cand_0013,pair_0013,rec_001,多动作组合 + 同一主题推进 + 轻跟练收束,05_多动作组合_同一主题推进轻跟练收束,/Volumes/WD_BLACK/澜心社剪辑/lanxinse--/outputs/local_live_A_editor_package/05_多动作组合_同一主题推进轻跟练收束/A005_live_cand_0013_pair_0013_rec_001,/Volumes/WD_BLACK/完整直播录屏/今年直播素材/5月13日直播素材.MP4,00:28:00.000,00:30:00.000,120,/Volumes/WD_BLACK/澜心社剪辑/lanxinse--/outputs/local_live_A_editor_package/05_多动作组合_同一主题推进轻跟练收束/A005_live_cand_0013_pair_0013_rec_001/03_完整上下文_full_context.mp4,outputs/local_live_A_editor_package/05_多动作组合_同一主题推进轻跟练收束/A005_live_cand_0013_pair_0013_rec_001/03_完整上下文_full_context.mp4,true,success,120.020,1920,1080,h264,pcm_s16be,stream_copy,,,not_available_from_pair_table_same_time_range,风险,优先给剪辑师听审和看原片；保留同题口播与动作窗口，先做人工精修候选。,ASR 校字；原片听审；动作完整循环；画面遮挡；健康/业务/适用人群；敏感表达公开尺度。,exported_pending_manual_review
A006,live_cand_0014,pair_0014,rec_001,工具/动作演示 + 发力口令 + 低压跟练收束,04_工具动作演示_发力口令低压跟练收束,/Volumes/WD_BLACK/澜心社剪辑/lanxinse--/outputs/local_live_A_editor_package/04_工具动作演示_发力口令低压跟练收束/A006_live_cand_0014_pair_0014_rec_001,/Volumes/WD_BLACK/完整直播录屏/今年直播素材/5月13日直播素材.MP4,00:30:00.000,00:32:00.000,120,/Volumes/WD_BLACK/澜心社剪辑/lanxinse--/outputs/local_live_A_editor_package/04_工具动作演示_发力口令低压跟练收束/A006_live_cand_0014_pair_0014_rec_001/03_完整上下文_full_context.mp4,outputs/local_live_A_editor_package/04_工具动作演示_发力口令低压跟练收束/A006_live_cand_0014_pair_0014_rec_001/03_完整上下文_full_context.mp4,true,success,120.020,1920,1080,h264,pcm_s16be,stream_copy,,,not_available_from_pair_table_same_time_range,风险,优先给剪辑师听审和看原片；保留同题口播与动作窗口，先做人工精修候选。,ASR 校字；原片听审；动作完整循环；画面遮挡；健康/业务/适用人群；敏感表达公开尺度。,exported_pending_manual_review
A007,live_cand_0015,pair_0015,rec_001,多动作组合 + 同一主题推进 + 轻跟练收束,05_多动作组合_同一主题推进轻跟练收束,/Volumes/WD_BLACK/澜心社剪辑/lanxinse--/outputs/local_live_A_editor_package/05_多动作组合_同一主题推进轻跟练收束/A007_live_cand_0015_pair_0015_rec_001,/Volumes/WD_BLACK/完整直播录屏/今年直播素材/5月13日直播素材.MP4,00:32:00.000,00:34:00.000,120,/Volumes/WD_BLACK/澜心社剪辑/lanxinse--/outputs/local_live_A_editor_package/05_多动作组合_同一主题推进轻跟练收束/A007_live_cand_0015_pair_0015_rec_001/03_完整上下文_full_context.mp4,outputs/local_live_A_editor_package/05_多动作组合_同一主题推进轻跟练收束/A007_live_cand_0015_pair_0015_rec_001/03_完整上下文_full_context.mp4,true,success,120.020,1920,1080,h264,pcm_s16be,stream_copy,,,not_available_from_pair_table_same_time_range,方法,优先给剪辑师听审和看原片；保留同题口播与动作窗口，先做人工精修候选。,ASR 校字；原片听审；动作完整循环；画面遮挡；健康/业务/适用人群；敏感表达公开尺度。,exported_pending_manual_review
A008,live_cand_0016,pair_0016,rec_001,工具/动作演示 + 发力口令 + 低压跟练收束,04_工具动作演示_发力口令低压跟练收束,/Volumes/WD_BLACK/澜心社剪辑/lanxinse--/outputs/local_live_A_editor_package/04_工具动作演示_发力口令低压跟练收束/A008_live_cand_0016_pair_0016_rec_001,/Volumes/WD_BLACK/完整直播录屏/今年直播素材/5月13日直播素材.MP4,00:34:00.000,00:36:00.000,120,/Volumes/WD_BLACK/澜心社剪辑/lanxinse--/outputs/local_live_A_editor_package/04_工具动作演示_发力口令低压跟练收束/A008_live_cand_0016_pair_0016_rec_001/03_完整上下文_full_context.mp4,outputs/local_live_A_editor_package/04_工具动作演示_发力口令低压跟练收束/A008_live_cand_0016_pair_0016_rec_001/03_完整上下文_full_context.mp4,true,success,120.020,1920,1080,h264,pcm_s16be,stream_copy,,,not_available_from_pair_table_same_time_range,风险,优先给剪辑师听审和看原片；保留同题口播与动作窗口，先做人工精修候选。,ASR 校字；原片听审；动作完整循环；画面遮挡；健康/业务/适用人群；敏感表达公开尺度。,exported_pending_manual_review
A009,live_cand_0017,pair_0017,rec_001,多动作组合 + 同一主题推进 + 轻跟练收束,05_多动作组合_同一主题推进轻跟练收束,/Volumes/WD_BLACK/澜心社剪辑/lanxinse--/outputs/local_live_A_editor_package/05_多动作组合_同一主题推进轻跟练收束/A009_live_cand_0017_pair_0017_rec_001,/Volumes/WD_BLACK/完整直播录屏/今年直播素材/5月13日直播素材.MP4,00:36:00.000,00:38:00.000,120,/Volumes/WD_BLACK/澜心社剪辑/lanxinse--/outputs/local_live_A_editor_package/05_多动作组合_同一主题推进轻跟练收束/A009_live_cand_0017_pair_0017_rec_001/03_完整上下文_full_context.mp4,outputs/local_live_A_editor_package/05_多动作组合_同一主题推进轻跟练收束/A009_live_cand_0017_pair_0017_rec_001/03_完整上下文_full_context.mp4,true,success,120.020,1920,1080,h264,pcm_s16be,stream_copy,,,not_available_from_pair_table_same_time_range,方法,优先给剪辑师听审和看原片；保留同题口播与动作窗口，先做人工精修候选。,ASR 校字；原片听审；动作完整循环；画面遮挡；健康/业务/适用人群；敏感表达公开尺度。,exported_pending_manual_review
A010,live_cand_0018,pair_0018,rec_001,痛点/人群点名 + 单动作完整循环 + 坚持建议,03_痛点人群点名_单动作完整循环坚持建议,/Volumes/WD_BLACK/澜心社剪辑/lanxinse--/outputs/local_live_A_editor_package/03_痛点人群点名_单动作完整循环坚持建议/A010_live_cand_0018_pair_0018_rec_001,/Volumes/WD_BLACK/完整直播录屏/今年直播素材/5月13日直播素材.MP4,00:38:00.000,00:40:00.000,120,/Volumes/WD_BLACK/澜心社剪辑/lanxinse--/outputs/local_live_A_editor_package/03_痛点人群点名_单动作完整循环坚持建议/A010_live_cand_0018_pair_0018_rec_001/03_完整上下文_full_context.mp4,outputs/local_live_A_editor_package/03_痛点人群点名_单动作完整循环坚持建议/A010_live_cand_0018_pair_0018_rec_001/03_完整上下文_full_context.mp4,true,success,120.020,1920,1080,h264,pcm_s16be,stream_copy,,,not_available_from_pair_table_same_time_range,风险,优先给剪辑师听审和看原片；保留同题口播与动作窗口，先做人工精修候选。,ASR 校字；原片听审；动作完整循环；画面遮挡；健康/业务/适用人群；敏感表达公开尺度。,exported_pending_manual_review
A011,live_cand_0019,pair_0019,rec_001,多动作组合 + 同一主题推进 + 轻跟练收束,05_多动作组合_同一主题推进轻跟练收束,/Volumes/WD_BLACK/澜心社剪辑/lanxinse--/outputs/local_live_A_editor_package/05_多动作组合_同一主题推进轻跟练收束/A011_live_cand_0019_pair_0019_rec_001,/Volumes/WD_BLACK/完整直播录屏/今年直播素材/5月13日直播素材.MP4,00:40:00.000,00:42:00.000,120,/Volumes/WD_BLACK/澜心社剪辑/lanxinse--/outputs/local_live_A_editor_package/05_多动作组合_同一主题推进轻跟练收束/A011_live_cand_0019_pair_0019_rec_001/03_完整上下文_full_context.mp4,outputs/local_live_A_editor_package/05_多动作组合_同一主题推进轻跟练收束/A011_live_cand_0019_pair_0019_rec_001/03_完整上下文_full_context.mp4,true,success,120.020,1920,1080,h264,pcm_s16be,stream_copy,,,not_available_from_pair_table_same_time_range,方法,优先给剪辑师听审和看原片；保留同题口播与动作窗口，先做人工精修候选。,ASR 校字；原片听审；动作完整循环；画面遮挡；健康/业务/适用人群；敏感表达公开尺度。,exported_pending_manual_review
A012,live_cand_0022,pair_0022,rec_001,多动作组合 + 同一主题推进 + 轻跟练收束,05_多动作组合_同一主题推进轻跟练收束,/Volumes/WD_BLACK/澜心社剪辑/lanxinse--/outputs/local_live_A_editor_package/05_多动作组合_同一主题推进轻跟练收束/A012_live_cand_0022_pair_0022_rec_001,/Volumes/WD_BLACK/完整直播录屏/今年直播素材/5月13日直播素材.MP4,00:46:00.000,00:48:00.000,120,/Volumes/WD_BLACK/澜心社剪辑/lanxinse--/outputs/local_live_A_editor_package/05_多动作组合_同一主题推进轻跟练收束/A012_live_cand_0022_pair_0022_rec_001/03_完整上下文_full_context.mp4,outputs/local_live_A_editor_package/05_多动作组合_同一主题推进轻跟练收束/A012_live_cand_0022_pair_0022_rec_001/03_完整上下文_full_context.mp4,true,success,120.020,1920,1080,h264,pcm_s16be,stream_copy,,,not_available_from_pair_table_same_time_range,方法,优先给剪辑师听审和看原片；保留同题口播与动作窗口，先做人工精修候选。,ASR 校字；原片听审；动作完整循环；画面遮挡；健康/业务/适用人群；敏感表达公开尺度。,exported_pending_manual_review
A013,live_cand_0023,pair_0023,rec_001,工具/动作演示 + 发力口令 + 低压跟练收束,04_工具动作演示_发力口令低压跟练收束,/Volumes/WD_BLACK/澜心社剪辑/lanxinse--/outputs/local_live_A_editor_package/04_工具动作演示_发力口令低压跟练收束/A013_live_cand_0023_pair_0023_rec_001,/Volumes/WD_BLACK/完整直播录屏/今年直播素材/5月13日直播素材.MP4,00:48:00.000,00:50:00.000,120,/Volumes/WD_BLACK/澜心社剪辑/lanxinse--/outputs/local_live_A_editor_package/04_工具动作演示_发力口令低压跟练收束/A013_live_cand_0023_pair_0023_rec_001/03_完整上下文_full_context.mp4,outputs/local_live_A_editor_package/04_工具动作演示_发力口令低压跟练收束/A013_live_cand_0023_pair_0023_rec_001/03_完整上下文_full_context.mp4,true,success,120.020,1920,1080,h264,pcm_s16be,stream_copy,,,not_available_from_pair_table_same_time_range,方法,优先给剪辑师听审和看原片；保留同题口播与动作窗口，先做人工精修候选。,ASR 校字；原片听审；动作完整循环；画面遮挡；健康/业务/适用人群；敏感表达公开尺度。,exported_pending_manual_review
A014,live_cand_0024,pair_0024,rec_001,工具/动作演示 + 发力口令 + 低压跟练收束,04_工具动作演示_发力口令低压跟练收束,/Volumes/WD_BLACK/澜心社剪辑/lanxinse--/outputs/local_live_A_editor_package/04_工具动作演示_发力口令低压跟练收束/A014_live_cand_0024_pair_0024_rec_001,/Volumes/WD_BLACK/完整直播录屏/今年直播素材/5月13日直播素材.MP4,00:50:00.000,00:52:00.000,120,/Volumes/WD_BLACK/澜心社剪辑/lanxinse--/outputs/local_live_A_editor_package/04_工具动作演示_发力口令低压跟练收束/A014_live_cand_0024_pair_0024_rec_001/03_完整上下文_full_context.mp4,outputs/local_live_A_editor_package/04_工具动作演示_发力口令低压跟练收束/A014_live_cand_0024_pair_0024_rec_001/03_完整上下文_full_context.mp4,true,success,120.020,1920,1080,h264,pcm_s16be,stream_copy,,,not_available_from_pair_table_same_time_range,方法,优先给剪辑师听审和看原片；保留同题口播与动作窗口，先做人工精修候选。,ASR 校字；原片听审；动作完整循环；画面遮挡；健康/业务/适用人群；敏感表达公开尺度。,exported_pending_manual_review
A015,live_cand_0025,pair_0025,rec_001,多动作组合 + 同一主题推进 + 轻跟练收束,05_多动作组合_同一主题推进轻跟练收束,/Volumes/WD_BLACK/澜心社剪辑/lanxinse--/outputs/local_live_A_editor_package/05_多动作组合_同一主题推进轻跟练收束/A015_live_cand_0025_pair_0025_rec_001,/Volumes/WD_BLACK/完整直播录屏/今年直播素材/5月13日直播素材.MP4,00:52:00.000,00:54:00.000,120,/Volumes/WD_BLACK/澜心社剪辑/lanxinse--/outputs/local_live_A_editor_package/05_多动作组合_同一主题推进轻跟练收束/A015_live_cand_0025_pair_0025_rec_001/03_完整上下文_full_context.mp4,outputs/local_live_A_editor_package/05_多动作组合_同一主题推进轻跟练收束/A015_live_cand_0025_pair_0025_rec_001/03_完整上下文_full_context.mp4,true,success,120.020,1920,1080,h264,pcm_s16be,stream_copy,,,not_available_from_pair_table_same_time_range,痛点,优先给剪辑师听审和看原片；保留同题口播与动作窗口，先做人工精修候选。,ASR 校字；原片听审；动作完整循环；画面遮挡；健康/业务/适用人群；敏感表达公开尺度。,exported_pending_manual_review
A016,live_cand_0026,pair_0026,rec_001,工具/动作演示 + 发力口令 + 低压跟练收束,04_工具动作演示_发力口令低压跟练收束,/Volumes/WD_BLACK/澜心社剪辑/lanxinse--/outputs/local_live_A_editor_package/04_工具动作演示_发力口令低压跟练收束/A016_live_cand_0026_pair_0026_rec_001,/Volumes/WD_BLACK/完整直播录屏/今年直播素材/5月13日直播素材.MP4,00:56:00.000,00:58:00.000,120,/Volumes/WD_BLACK/澜心社剪辑/lanxinse--/outputs/local_live_A_editor_package/04_工具动作演示_发力口令低压跟练收束/A016_live_cand_0026_pair_0026_rec_001/03_完整上下文_full_context.mp4,outputs/local_live_A_editor_package/04_工具动作演示_发力口令低压跟练收束/A016_live_cand_0026_pair_0026_rec_001/03_完整上下文_full_context.mp4,true,success,120.020,1920,1080,h264,pcm_s16be,stream_copy,,,not_available_from_pair_table_same_time_range,方法,优先给剪辑师听审和看原片；保留同题口播与动作窗口，先做人工精修候选。,ASR 校字；原片听审；动作完整循环；画面遮挡；健康/业务/适用人群；敏感表达公开尺度。,exported_pending_manual_review
A017,live_cand_0027,pair_0027,rec_001,多动作组合 + 同一主题推进 + 轻跟练收束,05_多动作组合_同一主题推进轻跟练收束,/Volumes/WD_BLACK/澜心社剪辑/lanxinse--/outputs/local_live_A_editor_package/05_多动作组合_同一主题推进轻跟练收束/A017_live_cand_0027_pair_0027_rec_001,/Volumes/WD_BLACK/完整直播录屏/今年直播素材/5月13日直播素材.MP4,00:58:00.000,01:00:00.000,120,/Volumes/WD_BLACK/澜心社剪辑/lanxinse--/outputs/local_live_A_editor_package/05_多动作组合_同一主题推进轻跟练收束/A017_live_cand_0027_pair_0027_rec_001/03_完整上下文_full_context.mp4,outputs/local_live_A_editor_package/05_多动作组合_同一主题推进轻跟练收束/A017_live_cand_0027_pair_0027_rec_001/03_完整上下文_full_context.mp4,true,success,120.020,1920,1080,h264,pcm_s16be,stream_copy,,,not_available_from_pair_table_same_time_range,方法,优先给剪辑师听审和看原片；保留同题口播与动作窗口，先做人工精修候选。,ASR 校字；原片听审；动作完整循环；画面遮挡；健康/业务/适用人群；敏感表达公开尺度。,exported_pending_manual_review
A018,live_cand_0028,pair_0028,rec_001,多动作组合 + 同一主题推进 + 轻跟练收束,05_多动作组合_同一主题推进轻跟练收束,/Volumes/WD_BLACK/澜心社剪辑/lanxinse--/outputs/local_live_A_editor_package/05_多动作组合_同一主题推进轻跟练收束/A018_live_cand_0028_pair_0028_rec_001,/Volumes/WD_BLACK/完整直播录屏/今年直播素材/5月13日直播素材.MP4,01:00:00.000,01:02:00.000,120,/Volumes/WD_BLACK/澜心社剪辑/lanxinse--/outputs/local_live_A_editor_package/05_多动作组合_同一主题推进轻跟练收束/A018_live_cand_0028_pair_0028_rec_001/03_完整上下文_full_context.mp4,outputs/local_live_A_editor_package/05_多动作组合_同一主题推进轻跟练收束/A018_live_cand_0028_pair_0028_rec_001/03_完整上下文_full_context.mp4,true,success,120.020,1920,1080,h264,pcm_s16be,stream_copy,,,not_available_from_pair_table_same_time_range,风险,优先给剪辑师听审和看原片；保留同题口播与动作窗口，先做人工精修候选。,ASR 校字；原片听审；动作完整循环；画面遮挡；健康/业务/适用人群；敏感表达公开尺度。,exported_pending_manual_review
A019,live_cand_0030,pair_0030,rec_001,误区/错误先抛 + 正确动作对比 + 原因解释,01_误区错误纠正_错误动作正确动作原因解释,/Volumes/WD_BLACK/澜心社剪辑/lanxinse--/outputs/local_live_A_editor_package/01_误区错误纠正_错误动作正确动作原因解释/A019_live_cand_0030_pair_0030_rec_001,/Volumes/WD_BLACK/完整直播录屏/今年直播素材/5月13日直播素材.MP4,01:04:00.000,01:06:00.000,120,/Volumes/WD_BLACK/澜心社剪辑/lanxinse--/outputs/local_live_A_editor_package/01_误区错误纠正_错误动作正确动作原因解释/A019_live_cand_0030_pair_0030_rec_001/03_完整上下文_full_context.mp4,outputs/local_live_A_editor_package/01_误区错误纠正_错误动作正确动作原因解释/A019_live_cand_0030_pair_0030_rec_001/03_完整上下文_full_context.mp4,true,success,120.020,1920,1080,h264,pcm_s16be,stream_copy,,,not_available_from_pair_table_same_time_range,风险,优先给剪辑师听审和看原片；保留同题口播与动作窗口，先做人工精修候选。,ASR 校字；原片听审；动作完整循环；画面遮挡；健康/业务/适用人群；敏感表达公开尺度。,exported_pending_manual_review
A020,live_cand_0031,pair_0031,rec_001,多动作组合 + 同一主题推进 + 轻跟练收束,05_多动作组合_同一主题推进轻跟练收束,/Volumes/WD_BLACK/澜心社剪辑/lanxinse--/outputs/local_live_A_editor_package/05_多动作组合_同一主题推进轻跟练收束/A020_live_cand_0031_pair_0031_rec_001,/Volumes/WD_BLACK/完整直播录屏/今年直播素材/5月13日直播素材.MP4,01:06:00.000,01:08:00.000,120,/Volumes/WD_BLACK/澜心社剪辑/lanxinse--/outputs/local_live_A_editor_package/05_多动作组合_同一主题推进轻跟练收束/A020_live_cand_0031_pair_0031_rec_001/03_完整上下文_full_context.mp4,outputs/local_live_A_editor_package/05_多动作组合_同一主题推进轻跟练收束/A020_live_cand_0031_pair_0031_rec_001/03_完整上下文_full_context.mp4,true,success,120.020,1920,1080,h264,pcm_s16be,stream_copy,,,not_available_from_pair_table_same_time_range,风险,优先给剪辑师听审和看原片；保留同题口播与动作窗口，先做人工精修候选。,ASR 校字；原片听审；动作完整循环；画面遮挡；健康/业务/适用人群；敏感表达公开尺度。,exported_pending_manual_review
A021,live_cand_0032,pair_0032,rec_001,多动作组合 + 同一主题推进 + 轻跟练收束,05_多动作组合_同一主题推进轻跟练收束,/Volumes/WD_BLACK/澜心社剪辑/lanxinse--/outputs/local_live_A_editor_package/05_多动作组合_同一主题推进轻跟练收束/A021_live_cand_0032_pair_0032_rec_001,/Volumes/WD_BLACK/完整直播录屏/今年直播素材/5月13日直播素材.MP4,01:08:00.000,01:10:00.000,120,/Volumes/WD_BLACK/澜心社剪辑/lanxinse--/outputs/local_live_A_editor_package/05_多动作组合_同一主题推进轻跟练收束/A021_live_cand_0032_pair_0032_rec_001/03_完整上下文_full_context.mp4,outputs/local_live_A_editor_package/05_多动作组合_同一主题推进轻跟练收束/A021_live_cand_0032_pair_0032_rec_001/03_完整上下文_full_context.mp4,true,success,120.020,1920,1080,h264,pcm_s16be,stream_copy,,,not_available_from_pair_table_same_time_range,方法,优先给剪辑师听审和看原片；保留同题口播与动作窗口，先做人工精修候选。,ASR 校字；原片听审；动作完整循环；画面遮挡；健康/业务/适用人群；敏感表达公开尺度。,exported_pending_manual_review
A022,live_cand_0033,pair_0033,rec_001,多动作组合 + 同一主题推进 + 轻跟练收束,05_多动作组合_同一主题推进轻跟练收束,/Volumes/WD_BLACK/澜心社剪辑/lanxinse--/outputs/local_live_A_editor_package/05_多动作组合_同一主题推进轻跟练收束/A022_live_cand_0033_pair_0033_rec_001,/Volumes/WD_BLACK/完整直播录屏/今年直播素材/5月13日直播素材.MP4,01:10:00.000,01:12:00.000,120,/Volumes/WD_BLACK/澜心社剪辑/lanxinse--/outputs/local_live_A_editor_package/05_多动作组合_同一主题推进轻跟练收束/A022_live_cand_0033_pair_0033_rec_001/03_完整上下文_full_context.mp4,outputs/local_live_A_editor_package/05_多动作组合_同一主题推进轻跟练收束/A022_live_cand_0033_pair_0033_rec_001/03_完整上下文_full_context.mp4,true,success,120.020,1920,1080,h264,pcm_s16be,stream_copy,,,not_available_from_pair_table_same_time_range,方法,优先给剪辑师听审和看原片；保留同题口播与动作窗口，先做人工精修候选。,ASR 校字；原片听审；动作完整循环；画面遮挡；健康/业务/适用人群；敏感表达公开尺度。,exported_pending_manual_review
A023,live_cand_0034,pair_0034,rec_001,误区/错误先抛 + 正确动作对比 + 原因解释,01_误区错误纠正_错误动作正确动作原因解释,/Volumes/WD_BLACK/澜心社剪辑/lanxinse--/outputs/local_live_A_editor_package/01_误区错误纠正_错误动作正确动作原因解释/A023_live_cand_0034_pair_0034_rec_001,/Volumes/WD_BLACK/完整直播录屏/今年直播素材/5月13日直播素材.MP4,01:12:00.000,01:14:00.000,120,/Volumes/WD_BLACK/澜心社剪辑/lanxinse--/outputs/local_live_A_editor_package/01_误区错误纠正_错误动作正确动作原因解释/A023_live_cand_0034_pair_0034_rec_001/03_完整上下文_full_context.mp4,outputs/local_live_A_editor_package/01_误区错误纠正_错误动作正确动作原因解释/A023_live_cand_0034_pair_0034_rec_001/03_完整上下文_full_context.mp4,true,success,120.020,1920,1080,h264,pcm_s16be,stream_copy,,,not_available_from_pair_table_same_time_range,风险,优先给剪辑师听审和看原片；保留同题口播与动作窗口，先做人工精修候选。,ASR 校字；原片听审；动作完整循环；画面遮挡；健康/业务/适用人群；敏感表达公开尺度。,exported_pending_manual_review
A024,live_cand_0035,pair_0035,rec_001,多动作组合 + 同一主题推进 + 轻跟练收束,05_多动作组合_同一主题推进轻跟练收束,/Volumes/WD_BLACK/澜心社剪辑/lanxinse--/outputs/local_live_A_editor_package/05_多动作组合_同一主题推进轻跟练收束/A024_live_cand_0035_pair_0035_rec_001,/Volumes/WD_BLACK/完整直播录屏/今年直播素材/5月13日直播素材.MP4,01:14:00.000,01:16:00.000,120,/Volumes/WD_BLACK/澜心社剪辑/lanxinse--/outputs/local_live_A_editor_package/05_多动作组合_同一主题推进轻跟练收束/A024_live_cand_0035_pair_0035_rec_001/03_完整上下文_full_context.mp4,outputs/local_live_A_editor_package/05_多动作组合_同一主题推进轻跟练收束/A024_live_cand_0035_pair_0035_rec_001/03_完整上下文_full_context.mp4,true,success,120.020,1920,1080,h264,pcm_s16be,stream_copy,,,not_available_from_pair_table_same_time_range,方法,优先给剪辑师听审和看原片；保留同题口播与动作窗口，先做人工精修候选。,ASR 校字；原片听审；动作完整循环；画面遮挡；健康/业务/适用人群；敏感表达公开尺度。,exported_pending_manual_review
A025,live_cand_0036,pair_0036,rec_001,多动作组合 + 同一主题推进 + 轻跟练收束,05_多动作组合_同一主题推进轻跟练收束,/Volumes/WD_BLACK/澜心社剪辑/lanxinse--/outputs/local_live_A_editor_package/05_多动作组合_同一主题推进轻跟练收束/A025_live_cand_0036_pair_0036_rec_001,/Volumes/WD_BLACK/完整直播录屏/今年直播素材/5月13日直播素材.MP4,01:16:00.000,01:18:00.000,120,/Volumes/WD_BLACK/澜心社剪辑/lanxinse--/outputs/local_live_A_editor_package/05_多动作组合_同一主题推进轻跟练收束/A025_live_cand_0036_pair_0036_rec_001/03_完整上下文_full_context.mp4,outputs/local_live_A_editor_package/05_多动作组合_同一主题推进轻跟练收束/A025_live_cand_0036_pair_0036_rec_001/03_完整上下文_full_context.mp4,true,success,120.020,1920,1080,h264,pcm_s16be,stream_copy,,,not_available_from_pair_table_same_time_range,方法,优先给剪辑师听审和看原片；保留同题口播与动作窗口，先做人工精修候选。,ASR 校字；原片听审；动作完整循环；画面遮挡；健康/业务/适用人群；敏感表达公开尺度。,exported_pending_manual_review
A026,live_cand_0049,pair_0049,rec_001,多动作组合 + 同一主题推进 + 轻跟练收束,05_多动作组合_同一主题推进轻跟练收束,/Volumes/WD_BLACK/澜心社剪辑/lanxinse--/outputs/local_live_A_editor_package/05_多动作组合_同一主题推进轻跟练收束/A026_live_cand_0049_pair_0049_rec_001,/Volumes/WD_BLACK/完整直播录屏/今年直播素材/5月13日直播素材.MP4,01:42:00.000,01:44:00.000,120,/Volumes/WD_BLACK/澜心社剪辑/lanxinse--/outputs/local_live_A_editor_package/05_多动作组合_同一主题推进轻跟练收束/A026_live_cand_0049_pair_0049_rec_001/03_完整上下文_full_context.mp4,outputs/local_live_A_editor_package/05_多动作组合_同一主题推进轻跟练收束/A026_live_cand_0049_pair_0049_rec_001/03_完整上下文_full_context.mp4,true,success,120.020,1920,1080,h264,pcm_s16be,stream_copy,,,not_available_from_pair_table_same_time_range,风险,优先给剪辑师听审和看原片；保留同题口播与动作窗口，先做人工精修候选。,ASR 校字；原片听审；动作完整循环；画面遮挡；健康/业务/适用人群；敏感表达公开尺度。,exported_pending_manual_review
A027,live_cand_0051,pair_0051,rec_001,误区/错误先抛 + 正确动作对比 + 原因解释,01_误区错误纠正_错误动作正确动作原因解释,/Volumes/WD_BLACK/澜心社剪辑/lanxinse--/outputs/local_live_A_editor_package/01_误区错误纠正_错误动作正确动作原因解释/A027_live_cand_0051_pair_0051_rec_001,/Volumes/WD_BLACK/完整直播录屏/今年直播素材/5月13日直播素材.MP4,01:46:00.000,01:48:00.000,120,/Volumes/WD_BLACK/澜心社剪辑/lanxinse--/outputs/local_live_A_editor_package/01_误区错误纠正_错误动作正确动作原因解释/A027_live_cand_0051_pair_0051_rec_001/03_完整上下文_full_context.mp4,outputs/local_live_A_editor_package/01_误区错误纠正_错误动作正确动作原因解释/A027_live_cand_0051_pair_0051_rec_001/03_完整上下文_full_context.mp4,true,success,120.020,1920,1080,h264,pcm_s16be,stream_copy,,,not_available_from_pair_table_same_time_range,风险,优先给剪辑师听审和看原片；保留同题口播与动作窗口，先做人工精修候选。,ASR 校字；原片听审；动作完整循环；画面遮挡；健康/业务/适用人群；敏感表达公开尺度。,exported_pending_manual_review
A028,live_cand_0055,pair_0055,rec_002,误区/错误先抛 + 正确动作对比 + 原因解释,01_误区错误纠正_错误动作正确动作原因解释,/Volumes/WD_BLACK/澜心社剪辑/lanxinse--/outputs/local_live_A_editor_package/01_误区错误纠正_错误动作正确动作原因解释/A028_live_cand_0055_pair_0055_rec_002,/Volumes/WD_BLACK/完整直播录屏/今年直播素材/C5824.MP4,00:02:00.000,00:04:00.000,120,/Volumes/WD_BLACK/澜心社剪辑/lanxinse--/outputs/local_live_A_editor_package/01_误区错误纠正_错误动作正确动作原因解释/A028_live_cand_0055_pair_0055_rec_002/03_完整上下文_full_context.mp4,outputs/local_live_A_editor_package/01_误区错误纠正_错误动作正确动作原因解释/A028_live_cand_0055_pair_0055_rec_002/03_完整上下文_full_context.mp4,true,success,120.020,1920,1080,h264,pcm_s16be,stream_copy,,,not_available_from_pair_table_same_time_range,风险,优先给剪辑师听审和看原片；保留同题口播与动作窗口，先做人工精修候选。,ASR 校字；原片听审；动作完整循环；画面遮挡；健康/业务/适用人群；敏感表达公开尺度。,exported_pending_manual_review
A029,live_cand_0058,pair_0058,rec_002,多动作组合 + 同一主题推进 + 轻跟练收束,05_多动作组合_同一主题推进轻跟练收束,/Volumes/WD_BLACK/澜心社剪辑/lanxinse--/outputs/local_live_A_editor_package/05_多动作组合_同一主题推进轻跟练收束/A029_live_cand_0058_pair_0058_rec_002,/Volumes/WD_BLACK/完整直播录屏/今年直播素材/C5824.MP4,00:08:00.000,00:10:00.000,120,/Volumes/WD_BLACK/澜心社剪辑/lanxinse--/outputs/local_live_A_editor_package/05_多动作组合_同一主题推进轻跟练收束/A029_live_cand_0058_pair_0058_rec_002/03_完整上下文_full_context.mp4,outputs/local_live_A_editor_package/05_多动作组合_同一主题推进轻跟练收束/A029_live_cand_0058_pair_0058_rec_002/03_完整上下文_full_context.mp4,true,success,120.020,1920,1080,h264,pcm_s16be,stream_copy,,,not_available_from_pair_table_same_time_range,风险,优先给剪辑师听审和看原片；保留同题口播与动作窗口，先做人工精修候选。,ASR 校字；原片听审；动作完整循环；画面遮挡；健康/业务/适用人群；敏感表达公开尺度。,exported_pending_manual_review
A030,live_cand_0063,pair_0063,rec_002,工具/动作演示 + 发力口令 + 低压跟练收束,04_工具动作演示_发力口令低压跟练收束,/Volumes/WD_BLACK/澜心社剪辑/lanxinse--/outputs/local_live_A_editor_package/04_工具动作演示_发力口令低压跟练收束/A030_live_cand_0063_pair_0063_rec_002,/Volumes/WD_BLACK/完整直播录屏/今年直播素材/C5824.MP4,00:18:00.000,00:20:00.000,120,/Volumes/WD_BLACK/澜心社剪辑/lanxinse--/outputs/local_live_A_editor_package/04_工具动作演示_发力口令低压跟练收束/A030_live_cand_0063_pair_0063_rec_002/03_完整上下文_full_context.mp4,outputs/local_live_A_editor_package/04_工具动作演示_发力口令低压跟练收束/A030_live_cand_0063_pair_0063_rec_002/03_完整上下文_full_context.mp4,true,success,120.020,1920,1080,h264,pcm_s16be,stream_copy,,,not_available_from_pair_table_same_time_range,风险,优先给剪辑师听审和看原片；保留同题口播与动作窗口，先做人工精修候选。,ASR 校字；原片听审；动作完整循环；画面遮挡；健康/业务/适用人群；敏感表达公开尺度。,exported_pending_manual_review
A031,live_cand_0064,pair_0064,rec_002,误区/错误先抛 + 正确动作对比 + 原因解释,01_误区错误纠正_错误动作正确动作原因解释,/Volumes/WD_BLACK/澜心社剪辑/lanxinse--/outputs/local_live_A_editor_package/01_误区错误纠正_错误动作正确动作原因解释/A031_live_cand_0064_pair_0064_rec_002,/Volumes/WD_BLACK/完整直播录屏/今年直播素材/C5824.MP4,00:20:00.000,00:22:00.000,120,/Volumes/WD_BLACK/澜心社剪辑/lanxinse--/outputs/local_live_A_editor_package/01_误区错误纠正_错误动作正确动作原因解释/A031_live_cand_0064_pair_0064_rec_002/03_完整上下文_full_context.mp4,outputs/local_live_A_editor_package/01_误区错误纠正_错误动作正确动作原因解释/A031_live_cand_0064_pair_0064_rec_002/03_完整上下文_full_context.mp4,true,success,120.020,1920,1080,h264,pcm_s16be,stream_copy,,,not_available_from_pair_table_same_time_range,风险,优先给剪辑师听审和看原片；保留同题口播与动作窗口，先做人工精修候选。,ASR 校字；原片听审；动作完整循环；画面遮挡；健康/业务/适用人群；敏感表达公开尺度。,exported_pending_manual_review
A032,live_cand_0065,pair_0065,rec_002,误区/错误先抛 + 正确动作对比 + 原因解释,01_误区错误纠正_错误动作正确动作原因解释,/Volumes/WD_BLACK/澜心社剪辑/lanxinse--/outputs/local_live_A_editor_package/01_误区错误纠正_错误动作正确动作原因解释/A032_live_cand_0065_pair_0065_rec_002,/Volumes/WD_BLACK/完整直播录屏/今年直播素材/C5824.MP4,00:22:00.000,00:24:00.000,120,/Volumes/WD_BLACK/澜心社剪辑/lanxinse--/outputs/local_live_A_editor_package/01_误区错误纠正_错误动作正确动作原因解释/A032_live_cand_0065_pair_0065_rec_002/03_完整上下文_full_context.mp4,outputs/local_live_A_editor_package/01_误区错误纠正_错误动作正确动作原因解释/A032_live_cand_0065_pair_0065_rec_002/03_完整上下文_full_context.mp4,true,success,120.020,1920,1080,h264,pcm_s16be,stream_copy,,,not_available_from_pair_table_same_time_range,风险,优先给剪辑师听审和看原片；保留同题口播与动作窗口，先做人工精修候选。,ASR 校字；原片听审；动作完整循环；画面遮挡；健康/业务/适用人群；敏感表达公开尺度。,exported_pending_manual_review
A033,live_cand_0066,pair_0066,rec_002,痛点/人群点名 + 单动作完整循环 + 坚持建议,03_痛点人群点名_单动作完整循环坚持建议,/Volumes/WD_BLACK/澜心社剪辑/lanxinse--/outputs/local_live_A_editor_package/03_痛点人群点名_单动作完整循环坚持建议/A033_live_cand_0066_pair_0066_rec_002,/Volumes/WD_BLACK/完整直播录屏/今年直播素材/C5824.MP4,00:24:00.000,00:26:00.000,120,/Volumes/WD_BLACK/澜心社剪辑/lanxinse--/outputs/local_live_A_editor_package/03_痛点人群点名_单动作完整循环坚持建议/A033_live_cand_0066_pair_0066_rec_002/03_完整上下文_full_context.mp4,outputs/local_live_A_editor_package/03_痛点人群点名_单动作完整循环坚持建议/A033_live_cand_0066_pair_0066_rec_002/03_完整上下文_full_context.mp4,true,success,120.020,1920,1080,h264,pcm_s16be,stream_copy,,,not_available_from_pair_table_same_time_range,风险,优先给剪辑师听审和看原片；保留同题口播与动作窗口，先做人工精修候选。,ASR 校字；原片听审；动作完整循环；画面遮挡；健康/业务/适用人群；敏感表达公开尺度。,exported_pending_manual_review
A034,live_cand_0069,pair_0069,rec_002,痛点/人群点名 + 单动作完整循环 + 坚持建议,03_痛点人群点名_单动作完整循环坚持建议,/Volumes/WD_BLACK/澜心社剪辑/lanxinse--/outputs/local_live_A_editor_package/03_痛点人群点名_单动作完整循环坚持建议/A034_live_cand_0069_pair_0069_rec_002,/Volumes/WD_BLACK/完整直播录屏/今年直播素材/C5824.MP4,00:30:00.000,00:32:00.000,120,/Volumes/WD_BLACK/澜心社剪辑/lanxinse--/outputs/local_live_A_editor_package/03_痛点人群点名_单动作完整循环坚持建议/A034_live_cand_0069_pair_0069_rec_002/03_完整上下文_full_context.mp4,outputs/local_live_A_editor_package/03_痛点人群点名_单动作完整循环坚持建议/A034_live_cand_0069_pair_0069_rec_002/03_完整上下文_full_context.mp4,true,success,120.020,1920,1080,h264,pcm_s16be,stream_copy,,,not_available_from_pair_table_same_time_range,风险,优先给剪辑师听审和看原片；保留同题口播与动作窗口，先做人工精修候选。,ASR 校字；原片听审；动作完整循环；画面遮挡；健康/业务/适用人群；敏感表达公开尺度。,exported_pending_manual_review
A035,live_cand_0070,pair_0070,rec_002,多动作组合 + 同一主题推进 + 轻跟练收束,05_多动作组合_同一主题推进轻跟练收束,/Volumes/WD_BLACK/澜心社剪辑/lanxinse--/outputs/local_live_A_editor_package/05_多动作组合_同一主题推进轻跟练收束/A035_live_cand_0070_pair_0070_rec_002,/Volumes/WD_BLACK/完整直播录屏/今年直播素材/C5824.MP4,00:32:00.000,00:34:00.000,120,/Volumes/WD_BLACK/澜心社剪辑/lanxinse--/outputs/local_live_A_editor_package/05_多动作组合_同一主题推进轻跟练收束/A035_live_cand_0070_pair_0070_rec_002/03_完整上下文_full_context.mp4,outputs/local_live_A_editor_package/05_多动作组合_同一主题推进轻跟练收束/A035_live_cand_0070_pair_0070_rec_002/03_完整上下文_full_context.mp4,true,success,120.020,1920,1080,h264,pcm_s16be,stream_copy,,,not_available_from_pair_table_same_time_range,风险,优先给剪辑师听审和看原片；保留同题口播与动作窗口，先做人工精修候选。,ASR 校字；原片听审；动作完整循环；画面遮挡；健康/业务/适用人群；敏感表达公开尺度。,exported_pending_manual_review
A036,live_cand_0074,pair_0074,rec_002,痛点/人群点名 + 单动作完整循环 + 坚持建议,03_痛点人群点名_单动作完整循环坚持建议,/Volumes/WD_BLACK/澜心社剪辑/lanxinse--/outputs/local_live_A_editor_package/03_痛点人群点名_单动作完整循环坚持建议/A036_live_cand_0074_pair_0074_rec_002,/Volumes/WD_BLACK/完整直播录屏/今年直播素材/C5824.MP4,00:40:00.000,00:42:00.000,120,/Volumes/WD_BLACK/澜心社剪辑/lanxinse--/outputs/local_live_A_editor_package/03_痛点人群点名_单动作完整循环坚持建议/A036_live_cand_0074_pair_0074_rec_002/03_完整上下文_full_context.mp4,outputs/local_live_A_editor_package/03_痛点人群点名_单动作完整循环坚持建议/A036_live_cand_0074_pair_0074_rec_002/03_完整上下文_full_context.mp4,true,success,120.020,1920,1080,h264,pcm_s16be,stream_copy,,,not_available_from_pair_table_same_time_range,风险,优先给剪辑师听审和看原片；保留同题口播与动作窗口，先做人工精修候选。,ASR 校字；原片听审；动作完整循环；画面遮挡；健康/业务/适用人群；敏感表达公开尺度。,exported_pending_manual_review
A037,live_cand_0079,pair_0079,rec_002,多动作组合 + 同一主题推进 + 轻跟练收束,05_多动作组合_同一主题推进轻跟练收束,/Volumes/WD_BLACK/澜心社剪辑/lanxinse--/outputs/local_live_A_editor_package/05_多动作组合_同一主题推进轻跟练收束/A037_live_cand_0079_pair_0079_rec_002,/Volumes/WD_BLACK/完整直播录屏/今年直播素材/C5824.MP4,00:50:00.000,00:52:00.000,120,/Volumes/WD_BLACK/澜心社剪辑/lanxinse--/outputs/local_live_A_editor_package/05_多动作组合_同一主题推进轻跟练收束/A037_live_cand_0079_pair_0079_rec_002/03_完整上下文_full_context.mp4,outputs/local_live_A_editor_package/05_多动作组合_同一主题推进轻跟练收束/A037_live_cand_0079_pair_0079_rec_002/03_完整上下文_full_context.mp4,true,success,120.020,1920,1080,h264,pcm_s16be,stream_copy,,,not_available_from_pair_table_same_time_range,风险,优先给剪辑师听审和看原片；保留同题口播与动作窗口，先做人工精修候选。,ASR 校字；原片听审；动作完整循环；画面遮挡；健康/业务/适用人群；敏感表达公开尺度。,exported_pending_manual_review
A038,live_cand_0081,pair_0081,rec_002,痛点/人群点名 + 单动作完整循环 + 坚持建议,03_痛点人群点名_单动作完整循环坚持建议,/Volumes/WD_BLACK/澜心社剪辑/lanxinse--/outputs/local_live_A_editor_package/03_痛点人群点名_单动作完整循环坚持建议/A038_live_cand_0081_pair_0081_rec_002,/Volumes/WD_BLACK/完整直播录屏/今年直播素材/C5824.MP4,00:54:00.000,00:56:00.000,120,/Volumes/WD_BLACK/澜心社剪辑/lanxinse--/outputs/local_live_A_editor_package/03_痛点人群点名_单动作完整循环坚持建议/A038_live_cand_0081_pair_0081_rec_002/03_完整上下文_full_context.mp4,outputs/local_live_A_editor_package/03_痛点人群点名_单动作完整循环坚持建议/A038_live_cand_0081_pair_0081_rec_002/03_完整上下文_full_context.mp4,true,success,120.020,1920,1080,h264,pcm_s16be,stream_copy,,,not_available_from_pair_table_same_time_range,风险,优先给剪辑师听审和看原片；保留同题口播与动作窗口，先做人工精修候选。,ASR 校字；原片听审；动作完整循环；画面遮挡；健康/业务/适用人群；敏感表达公开尺度。,exported_pending_manual_review
A039,live_cand_0083,pair_0083,rec_002,多动作组合 + 同一主题推进 + 轻跟练收束,05_多动作组合_同一主题推进轻跟练收束,/Volumes/WD_BLACK/澜心社剪辑/lanxinse--/outputs/local_live_A_editor_package/05_多动作组合_同一主题推进轻跟练收束/A039_live_cand_0083_pair_0083_rec_002,/Volumes/WD_BLACK/完整直播录屏/今年直播素材/C5824.MP4,00:58:00.000,01:00:00.000,120,/Volumes/WD_BLACK/澜心社剪辑/lanxinse--/outputs/local_live_A_editor_package/05_多动作组合_同一主题推进轻跟练收束/A039_live_cand_0083_pair_0083_rec_002/03_完整上下文_full_context.mp4,outputs/local_live_A_editor_package/05_多动作组合_同一主题推进轻跟练收束/A039_live_cand_0083_pair_0083_rec_002/03_完整上下文_full_context.mp4,true,success,120.020,1920,1080,h264,pcm_s16be,stream_copy,,,not_available_from_pair_table_same_time_range,风险,优先给剪辑师听审和看原片；保留同题口播与动作窗口，先做人工精修候选。,ASR 校字；原片听审；动作完整循环；画面遮挡；健康/业务/适用人群；敏感表达公开尺度。,exported_pending_manual_review
A040,live_cand_0084,pair_0084,rec_002,工具/动作演示 + 发力口令 + 低压跟练收束,04_工具动作演示_发力口令低压跟练收束,/Volumes/WD_BLACK/澜心社剪辑/lanxinse--/outputs/local_live_A_editor_package/04_工具动作演示_发力口令低压跟练收束/A040_live_cand_0084_pair_0084_rec_002,/Volumes/WD_BLACK/完整直播录屏/今年直播素材/C5824.MP4,01:00:00.000,01:02:00.000,120,/Volumes/WD_BLACK/澜心社剪辑/lanxinse--/outputs/local_live_A_editor_package/04_工具动作演示_发力口令低压跟练收束/A040_live_cand_0084_pair_0084_rec_002/03_完整上下文_full_context.mp4,outputs/local_live_A_editor_package/04_工具动作演示_发力口令低压跟练收束/A040_live_cand_0084_pair_0084_rec_002/03_完整上下文_full_context.mp4,true,success,120.020,1920,1080,h264,pcm_s16be,stream_copy,,,not_available_from_pair_table_same_time_range,方法,优先给剪辑师听审和看原片；保留同题口播与动作窗口，先做人工精修候选。,ASR 校字；原片听审；动作完整循环；画面遮挡；健康/业务/适用人群；敏感表达公开尺度。,exported_pending_manual_review
A041,live_cand_0086,pair_0086,rec_002,多动作组合 + 同一主题推进 + 轻跟练收束,05_多动作组合_同一主题推进轻跟练收束,/Volumes/WD_BLACK/澜心社剪辑/lanxinse--/outputs/local_live_A_editor_package/05_多动作组合_同一主题推进轻跟练收束/A041_live_cand_0086_pair_0086_rec_002,/Volumes/WD_BLACK/完整直播录屏/今年直播素材/C5824.MP4,01:04:00.000,01:06:00.000,120,/Volumes/WD_BLACK/澜心社剪辑/lanxinse--/outputs/local_live_A_editor_package/05_多动作组合_同一主题推进轻跟练收束/A041_live_cand_0086_pair_0086_rec_002/03_完整上下文_full_context.mp4,outputs/local_live_A_editor_package/05_多动作组合_同一主题推进轻跟练收束/A041_live_cand_0086_pair_0086_rec_002/03_完整上下文_full_context.mp4,true,success,120.020,1920,1080,h264,pcm_s16be,stream_copy,,,not_available_from_pair_table_same_time_range,风险,优先给剪辑师听审和看原片；保留同题口播与动作窗口，先做人工精修候选。,ASR 校字；原片听审；动作完整循环；画面遮挡；健康/业务/适用人群；敏感表达公开尺度。,exported_pending_manual_review
A042,live_cand_0088,pair_0088,rec_002,多动作组合 + 同一主题推进 + 轻跟练收束,05_多动作组合_同一主题推进轻跟练收束,/Volumes/WD_BLACK/澜心社剪辑/lanxinse--/outputs/local_live_A_editor_package/05_多动作组合_同一主题推进轻跟练收束/A042_live_cand_0088_pair_0088_rec_002,/Volumes/WD_BLACK/完整直播录屏/今年直播素材/C5824.MP4,01:08:00.000,01:10:00.000,120,/Volumes/WD_BLACK/澜心社剪辑/lanxinse--/outputs/local_live_A_editor_package/05_多动作组合_同一主题推进轻跟练收束/A042_live_cand_0088_pair_0088_rec_002/03_完整上下文_full_context.mp4,outputs/local_live_A_editor_package/05_多动作组合_同一主题推进轻跟练收束/A042_live_cand_0088_pair_0088_rec_002/03_完整上下文_full_context.mp4,true,success,120.020,1920,1080,h264,pcm_s16be,stream_copy,,,not_available_from_pair_table_same_time_range,方法,优先给剪辑师听审和看原片；保留同题口播与动作窗口，先做人工精修候选。,ASR 校字；原片听审；动作完整循环；画面遮挡；健康/业务/适用人群；敏感表达公开尺度。,exported_pending_manual_review
A043,live_cand_0090,pair_0090,rec_002,工具/动作演示 + 发力口令 + 低压跟练收束,04_工具动作演示_发力口令低压跟练收束,/Volumes/WD_BLACK/澜心社剪辑/lanxinse--/outputs/local_live_A_editor_package/04_工具动作演示_发力口令低压跟练收束/A043_live_cand_0090_pair_0090_rec_002,/Volumes/WD_BLACK/完整直播录屏/今年直播素材/C5824.MP4,01:12:00.000,01:14:00.000,120,/Volumes/WD_BLACK/澜心社剪辑/lanxinse--/outputs/local_live_A_editor_package/04_工具动作演示_发力口令低压跟练收束/A043_live_cand_0090_pair_0090_rec_002/03_完整上下文_full_context.mp4,outputs/local_live_A_editor_package/04_工具动作演示_发力口令低压跟练收束/A043_live_cand_0090_pair_0090_rec_002/03_完整上下文_full_context.mp4,true,success,120.020,1920,1080,h264,pcm_s16be,stream_copy,,,not_available_from_pair_table_same_time_range,方法,优先给剪辑师听审和看原片；保留同题口播与动作窗口，先做人工精修候选。,ASR 校字；原片听审；动作完整循环；画面遮挡；健康/业务/适用人群；敏感表达公开尺度。,exported_pending_manual_review
A044,live_cand_0095,pair_0095,rec_002,误区/错误先抛 + 正确动作对比 + 原因解释,01_误区错误纠正_错误动作正确动作原因解释,/Volumes/WD_BLACK/澜心社剪辑/lanxinse--/outputs/local_live_A_editor_package/01_误区错误纠正_错误动作正确动作原因解释/A044_live_cand_0095_pair_0095_rec_002,/Volumes/WD_BLACK/完整直播录屏/今年直播素材/C5824.MP4,01:22:00.000,01:24:00.000,120,/Volumes/WD_BLACK/澜心社剪辑/lanxinse--/outputs/local_live_A_editor_package/01_误区错误纠正_错误动作正确动作原因解释/A044_live_cand_0095_pair_0095_rec_002/03_完整上下文_full_context.mp4,outputs/local_live_A_editor_package/01_误区错误纠正_错误动作正确动作原因解释/A044_live_cand_0095_pair_0095_rec_002/03_完整上下文_full_context.mp4,true,success,120.020,1920,1080,h264,pcm_s16be,stream_copy,,,not_available_from_pair_table_same_time_range,风险,优先给剪辑师听审和看原片；保留同题口播与动作窗口，先做人工精修候选。,ASR 校字；原片听审；动作完整循环；画面遮挡；健康/业务/适用人群；敏感表达公开尺度。,exported_pending_manual_review
A045,live_cand_0096,pair_0096,rec_002,误区/错误先抛 + 正确动作对比 + 原因解释,01_误区错误纠正_错误动作正确动作原因解释,/Volumes/WD_BLACK/澜心社剪辑/lanxinse--/outputs/local_live_A_editor_package/01_误区错误纠正_错误动作正确动作原因解释/A045_live_cand_0096_pair_0096_rec_002,/Volumes/WD_BLACK/完整直播录屏/今年直播素材/C5824.MP4,01:24:00.000,01:26:00.000,120,/Volumes/WD_BLACK/澜心社剪辑/lanxinse--/outputs/local_live_A_editor_package/01_误区错误纠正_错误动作正确动作原因解释/A045_live_cand_0096_pair_0096_rec_002/03_完整上下文_full_context.mp4,outputs/local_live_A_editor_package/01_误区错误纠正_错误动作正确动作原因解释/A045_live_cand_0096_pair_0096_rec_002/03_完整上下文_full_context.mp4,true,success,120.020,1920,1080,h264,pcm_s16be,stream_copy,,,not_available_from_pair_table_same_time_range,纠错,优先给剪辑师听审和看原片；保留同题口播与动作窗口，先做人工精修候选。,ASR 校字；原片听审；动作完整循环；画面遮挡；健康/业务/适用人群；敏感表达公开尺度。,exported_pending_manual_review
A046,live_cand_0097,pair_0097,rec_002,多动作组合 + 同一主题推进 + 轻跟练收束,05_多动作组合_同一主题推进轻跟练收束,/Volumes/WD_BLACK/澜心社剪辑/lanxinse--/outputs/local_live_A_editor_package/05_多动作组合_同一主题推进轻跟练收束/A046_live_cand_0097_pair_0097_rec_002,/Volumes/WD_BLACK/完整直播录屏/今年直播素材/C5824.MP4,01:26:00.000,01:28:00.000,120,/Volumes/WD_BLACK/澜心社剪辑/lanxinse--/outputs/local_live_A_editor_package/05_多动作组合_同一主题推进轻跟练收束/A046_live_cand_0097_pair_0097_rec_002/03_完整上下文_full_context.mp4,outputs/local_live_A_editor_package/05_多动作组合_同一主题推进轻跟练收束/A046_live_cand_0097_pair_0097_rec_002/03_完整上下文_full_context.mp4,true,success,120.020,1920,1080,h264,pcm_s16be,stream_copy,,,not_available_from_pair_table_same_time_range,风险,优先给剪辑师听审和看原片；保留同题口播与动作窗口，先做人工精修候选。,ASR 校字；原片听审；动作完整循环；画面遮挡；健康/业务/适用人群；敏感表达公开尺度。,exported_pending_manual_review
A047,live_cand_0100,pair_0100,rec_002,误区/错误先抛 + 正确动作对比 + 原因解释,01_误区错误纠正_错误动作正确动作原因解释,/Volumes/WD_BLACK/澜心社剪辑/lanxinse--/outputs/local_live_A_editor_package/01_误区错误纠正_错误动作正确动作原因解释/A047_live_cand_0100_pair_0100_rec_002,/Volumes/WD_BLACK/完整直播录屏/今年直播素材/C5824.MP4,01:32:00.000,01:34:00.000,120,/Volumes/WD_BLACK/澜心社剪辑/lanxinse--/outputs/local_live_A_editor_package/01_误区错误纠正_错误动作正确动作原因解释/A047_live_cand_0100_pair_0100_rec_002/03_完整上下文_full_context.mp4,outputs/local_live_A_editor_package/01_误区错误纠正_错误动作正确动作原因解释/A047_live_cand_0100_pair_0100_rec_002/03_完整上下文_full_context.mp4,true,success,120.020,1920,1080,h264,pcm_s16be,stream_copy,,,not_available_from_pair_table_same_time_range,风险,优先给剪辑师听审和看原片；保留同题口播与动作窗口，先做人工精修候选。,ASR 校字；原片听审；动作完整循环；画面遮挡；健康/业务/适用人群；敏感表达公开尺度。,exported_pending_manual_review
A048,live_cand_0107,pair_0107,rec_003,多动作组合 + 同一主题推进 + 轻跟练收束,05_多动作组合_同一主题推进轻跟练收束,/Volumes/WD_BLACK/澜心社剪辑/lanxinse--/outputs/local_live_A_editor_package/05_多动作组合_同一主题推进轻跟练收束/A048_live_cand_0107_pair_0107_rec_003,/Volumes/WD_BLACK/完整直播录屏/今年直播素材/C5825.MP4,00:06:00.000,00:08:00.000,120,/Volumes/WD_BLACK/澜心社剪辑/lanxinse--/outputs/local_live_A_editor_package/05_多动作组合_同一主题推进轻跟练收束/A048_live_cand_0107_pair_0107_rec_003/03_完整上下文_full_context.mp4,outputs/local_live_A_editor_package/05_多动作组合_同一主题推进轻跟练收束/A048_live_cand_0107_pair_0107_rec_003/03_完整上下文_full_context.mp4,true,success,120.020,1920,1080,h264,pcm_s16be,stream_copy,,,not_available_from_pair_table_same_time_range,方法,优先给剪辑师听审和看原片；保留同题口播与动作窗口，先做人工精修候选。,ASR 校字；原片听审；动作完整循环；画面遮挡；健康/业务/适用人群；敏感表达公开尺度。,exported_pending_manual_review
A049,live_cand_0110,pair_0110,rec_003,多动作组合 + 同一主题推进 + 轻跟练收束,05_多动作组合_同一主题推进轻跟练收束,/Volumes/WD_BLACK/澜心社剪辑/lanxinse--/outputs/local_live_A_editor_package/05_多动作组合_同一主题推进轻跟练收束/A049_live_cand_0110_pair_0110_rec_003,/Volumes/WD_BLACK/完整直播录屏/今年直播素材/C5825.MP4,00:12:00.000,00:14:00.000,120,/Volumes/WD_BLACK/澜心社剪辑/lanxinse--/outputs/local_live_A_editor_package/05_多动作组合_同一主题推进轻跟练收束/A049_live_cand_0110_pair_0110_rec_003/03_完整上下文_full_context.mp4,outputs/local_live_A_editor_package/05_多动作组合_同一主题推进轻跟练收束/A049_live_cand_0110_pair_0110_rec_003/03_完整上下文_full_context.mp4,true,success,120.020,1920,1080,h264,pcm_s16be,stream_copy,,,not_available_from_pair_table_same_time_range,方法,优先给剪辑师听审和看原片；保留同题口播与动作窗口，先做人工精修候选。,ASR 校字；原片听审；动作完整循环；画面遮挡；健康/业务/适用人群；敏感表达公开尺度。,exported_pending_manual_review
A050,live_cand_0112,pair_0112,rec_003,误区/错误先抛 + 正确动作对比 + 原因解释,01_误区错误纠正_错误动作正确动作原因解释,/Volumes/WD_BLACK/澜心社剪辑/lanxinse--/outputs/local_live_A_editor_package/01_误区错误纠正_错误动作正确动作原因解释/A050_live_cand_0112_pair_0112_rec_003,/Volumes/WD_BLACK/完整直播录屏/今年直播素材/C5825.MP4,00:16:00.000,00:18:00.000,120,/Volumes/WD_BLACK/澜心社剪辑/lanxinse--/outputs/local_live_A_editor_package/01_误区错误纠正_错误动作正确动作原因解释/A050_live_cand_0112_pair_0112_rec_003/03_完整上下文_full_context.mp4,outputs/local_live_A_editor_package/01_误区错误纠正_错误动作正确动作原因解释/A050_live_cand_0112_pair_0112_rec_003/03_完整上下文_full_context.mp4,true,success,120.020,1920,1080,h264,pcm_s16be,stream_copy,,,not_available_from_pair_table_same_time_range,风险,优先给剪辑师听审和看原片；保留同题口播与动作窗口，先做人工精修候选。,ASR 校字；原片听审；动作完整循环；画面遮挡；健康/业务/适用人群；敏感表达公开尺度。,exported_pending_manual_review
A051,live_cand_0113,pair_0113,rec_003,工具/动作演示 + 发力口令 + 低压跟练收束,04_工具动作演示_发力口令低压跟练收束,/Volumes/WD_BLACK/澜心社剪辑/lanxinse--/outputs/local_live_A_editor_package/04_工具动作演示_发力口令低压跟练收束/A051_live_cand_0113_pair_0113_rec_003,/Volumes/WD_BLACK/完整直播录屏/今年直播素材/C5825.MP4,00:18:00.000,00:20:00.000,120,/Volumes/WD_BLACK/澜心社剪辑/lanxinse--/outputs/local_live_A_editor_package/04_工具动作演示_发力口令低压跟练收束/A051_live_cand_0113_pair_0113_rec_003/03_完整上下文_full_context.mp4,outputs/local_live_A_editor_package/04_工具动作演示_发力口令低压跟练收束/A051_live_cand_0113_pair_0113_rec_003/03_完整上下文_full_context.mp4,true,success,120.020,1920,1080,h264,pcm_s16be,stream_copy,,,not_available_from_pair_table_same_time_range,风险,优先给剪辑师听审和看原片；保留同题口播与动作窗口，先做人工精修候选。,ASR 校字；原片听审；动作完整循环；画面遮挡；健康/业务/适用人群；敏感表达公开尺度。,exported_pending_manual_review
A052,live_cand_0116,pair_0116,rec_003,工具/动作演示 + 发力口令 + 低压跟练收束,04_工具动作演示_发力口令低压跟练收束,/Volumes/WD_BLACK/澜心社剪辑/lanxinse--/outputs/local_live_A_editor_package/04_工具动作演示_发力口令低压跟练收束/A052_live_cand_0116_pair_0116_rec_003,/Volumes/WD_BLACK/完整直播录屏/今年直播素材/C5825.MP4,00:24:00.000,00:26:00.000,120,/Volumes/WD_BLACK/澜心社剪辑/lanxinse--/outputs/local_live_A_editor_package/04_工具动作演示_发力口令低压跟练收束/A052_live_cand_0116_pair_0116_rec_003/03_完整上下文_full_context.mp4,outputs/local_live_A_editor_package/04_工具动作演示_发力口令低压跟练收束/A052_live_cand_0116_pair_0116_rec_003/03_完整上下文_full_context.mp4,true,success,120.020,1920,1080,h264,pcm_s16be,stream_copy,,,not_available_from_pair_table_same_time_range,方法,优先给剪辑师听审和看原片；保留同题口播与动作窗口，先做人工精修候选。,ASR 校字；原片听审；动作完整循环；画面遮挡；健康/业务/适用人群；敏感表达公开尺度。,exported_pending_manual_review
A053,live_cand_0119,pair_0119,rec_003,误区/错误先抛 + 正确动作对比 + 原因解释,01_误区错误纠正_错误动作正确动作原因解释,/Volumes/WD_BLACK/澜心社剪辑/lanxinse--/outputs/local_live_A_editor_package/01_误区错误纠正_错误动作正确动作原因解释/A053_live_cand_0119_pair_0119_rec_003,/Volumes/WD_BLACK/完整直播录屏/今年直播素材/C5825.MP4,00:30:00.000,00:32:00.000,120,/Volumes/WD_BLACK/澜心社剪辑/lanxinse--/outputs/local_live_A_editor_package/01_误区错误纠正_错误动作正确动作原因解释/A053_live_cand_0119_pair_0119_rec_003/03_完整上下文_full_context.mp4,outputs/local_live_A_editor_package/01_误区错误纠正_错误动作正确动作原因解释/A053_live_cand_0119_pair_0119_rec_003/03_完整上下文_full_context.mp4,true,success,120.020,1920,1080,h264,pcm_s16be,stream_copy,,,not_available_from_pair_table_same_time_range,风险,优先给剪辑师听审和看原片；保留同题口播与动作窗口，先做人工精修候选。,ASR 校字；原片听审；动作完整循环；画面遮挡；健康/业务/适用人群；敏感表达公开尺度。,exported_pending_manual_review
A054,live_cand_0121,pair_0121,rec_003,误区/错误先抛 + 正确动作对比 + 原因解释,01_误区错误纠正_错误动作正确动作原因解释,/Volumes/WD_BLACK/澜心社剪辑/lanxinse--/outputs/local_live_A_editor_package/01_误区错误纠正_错误动作正确动作原因解释/A054_live_cand_0121_pair_0121_rec_003,/Volumes/WD_BLACK/完整直播录屏/今年直播素材/C5825.MP4,00:34:00.000,00:36:00.000,120,/Volumes/WD_BLACK/澜心社剪辑/lanxinse--/outputs/local_live_A_editor_package/01_误区错误纠正_错误动作正确动作原因解释/A054_live_cand_0121_pair_0121_rec_003/03_完整上下文_full_context.mp4,outputs/local_live_A_editor_package/01_误区错误纠正_错误动作正确动作原因解释/A054_live_cand_0121_pair_0121_rec_003/03_完整上下文_full_context.mp4,true,success,120.020,1920,1080,h264,pcm_s16be,stream_copy,,,not_available_from_pair_table_same_time_range,风险,优先给剪辑师听审和看原片；保留同题口播与动作窗口，先做人工精修候选。,ASR 校字；原片听审；动作完整循环；画面遮挡；健康/业务/适用人群；敏感表达公开尺度。,exported_pending_manual_review
A055,live_cand_0122,pair_0122,rec_003,误区/错误先抛 + 正确动作对比 + 原因解释,01_误区错误纠正_错误动作正确动作原因解释,/Volumes/WD_BLACK/澜心社剪辑/lanxinse--/outputs/local_live_A_editor_package/01_误区错误纠正_错误动作正确动作原因解释/A055_live_cand_0122_pair_0122_rec_003,/Volumes/WD_BLACK/完整直播录屏/今年直播素材/C5825.MP4,00:36:00.000,00:38:00.000,120,/Volumes/WD_BLACK/澜心社剪辑/lanxinse--/outputs/local_live_A_editor_package/01_误区错误纠正_错误动作正确动作原因解释/A055_live_cand_0122_pair_0122_rec_003/03_完整上下文_full_context.mp4,outputs/local_live_A_editor_package/01_误区错误纠正_错误动作正确动作原因解释/A055_live_cand_0122_pair_0122_rec_003/03_完整上下文_full_context.mp4,true,success,120.020,1920,1080,h264,pcm_s16be,stream_copy,,,not_available_from_pair_table_same_time_range,风险,优先给剪辑师听审和看原片；保留同题口播与动作窗口，先做人工精修候选。,ASR 校字；原片听审；动作完整循环；画面遮挡；健康/业务/适用人群；敏感表达公开尺度。,exported_pending_manual_review
A056,live_cand_0123,pair_0123,rec_003,痛点/人群点名 + 单动作完整循环 + 坚持建议,03_痛点人群点名_单动作完整循环坚持建议,/Volumes/WD_BLACK/澜心社剪辑/lanxinse--/outputs/local_live_A_editor_package/03_痛点人群点名_单动作完整循环坚持建议/A056_live_cand_0123_pair_0123_rec_003,/Volumes/WD_BLACK/完整直播录屏/今年直播素材/C5825.MP4,00:38:00.000,00:40:00.000,120,/Volumes/WD_BLACK/澜心社剪辑/lanxinse--/outputs/local_live_A_editor_package/03_痛点人群点名_单动作完整循环坚持建议/A056_live_cand_0123_pair_0123_rec_003/03_完整上下文_full_context.mp4,outputs/local_live_A_editor_package/03_痛点人群点名_单动作完整循环坚持建议/A056_live_cand_0123_pair_0123_rec_003/03_完整上下文_full_context.mp4,true,success,120.020,1920,1080,h264,pcm_s16be,stream_copy,,,not_available_from_pair_table_same_time_range,风险,优先给剪辑师听审和看原片；保留同题口播与动作窗口，先做人工精修候选。,ASR 校字；原片听审；动作完整循环；画面遮挡；健康/业务/适用人群；敏感表达公开尺度。,exported_pending_manual_review
A057,live_cand_0124,pair_0124,rec_003,多动作组合 + 同一主题推进 + 轻跟练收束,05_多动作组合_同一主题推进轻跟练收束,/Volumes/WD_BLACK/澜心社剪辑/lanxinse--/outputs/local_live_A_editor_package/05_多动作组合_同一主题推进轻跟练收束/A057_live_cand_0124_pair_0124_rec_003,/Volumes/WD_BLACK/完整直播录屏/今年直播素材/C5825.MP4,00:40:00.000,00:42:00.000,120,/Volumes/WD_BLACK/澜心社剪辑/lanxinse--/outputs/local_live_A_editor_package/05_多动作组合_同一主题推进轻跟练收束/A057_live_cand_0124_pair_0124_rec_003/03_完整上下文_full_context.mp4,outputs/local_live_A_editor_package/05_多动作组合_同一主题推进轻跟练收束/A057_live_cand_0124_pair_0124_rec_003/03_完整上下文_full_context.mp4,true,success,120.020,1920,1080,h264,pcm_s16be,stream_copy,,,not_available_from_pair_table_same_time_range,风险,优先给剪辑师听审和看原片；保留同题口播与动作窗口，先做人工精修候选。,ASR 校字；原片听审；动作完整循环；画面遮挡；健康/业务/适用人群；敏感表达公开尺度。,exported_pending_manual_review
A058,live_cand_0125,pair_0125,rec_003,痛点/人群点名 + 单动作完整循环 + 坚持建议,03_痛点人群点名_单动作完整循环坚持建议,/Volumes/WD_BLACK/澜心社剪辑/lanxinse--/outputs/local_live_A_editor_package/03_痛点人群点名_单动作完整循环坚持建议/A058_live_cand_0125_pair_0125_rec_003,/Volumes/WD_BLACK/完整直播录屏/今年直播素材/C5825.MP4,00:42:00.000,00:44:00.000,120,/Volumes/WD_BLACK/澜心社剪辑/lanxinse--/outputs/local_live_A_editor_package/03_痛点人群点名_单动作完整循环坚持建议/A058_live_cand_0125_pair_0125_rec_003/03_完整上下文_full_context.mp4,outputs/local_live_A_editor_package/03_痛点人群点名_单动作完整循环坚持建议/A058_live_cand_0125_pair_0125_rec_003/03_完整上下文_full_context.mp4,true,success,120.020,1920,1080,h264,pcm_s16be,stream_copy,,,not_available_from_pair_table_same_time_range,方法,优先给剪辑师听审和看原片；保留同题口播与动作窗口，先做人工精修候选。,ASR 校字；原片听审；动作完整循环；画面遮挡；健康/业务/适用人群；敏感表达公开尺度。,exported_pending_manual_review
A059,live_cand_0126,pair_0126,rec_003,痛点/人群点名 + 单动作完整循环 + 坚持建议,03_痛点人群点名_单动作完整循环坚持建议,/Volumes/WD_BLACK/澜心社剪辑/lanxinse--/outputs/local_live_A_editor_package/03_痛点人群点名_单动作完整循环坚持建议/A059_live_cand_0126_pair_0126_rec_003,/Volumes/WD_BLACK/完整直播录屏/今年直播素材/C5825.MP4,00:44:00.000,00:46:00.000,120,/Volumes/WD_BLACK/澜心社剪辑/lanxinse--/outputs/local_live_A_editor_package/03_痛点人群点名_单动作完整循环坚持建议/A059_live_cand_0126_pair_0126_rec_003/03_完整上下文_full_context.mp4,outputs/local_live_A_editor_package/03_痛点人群点名_单动作完整循环坚持建议/A059_live_cand_0126_pair_0126_rec_003/03_完整上下文_full_context.mp4,true,success,120.020,1920,1080,h264,pcm_s16be,stream_copy,,,not_available_from_pair_table_same_time_range,风险,优先给剪辑师听审和看原片；保留同题口播与动作窗口，先做人工精修候选。,ASR 校字；原片听审；动作完整循环；画面遮挡；健康/业务/适用人群；敏感表达公开尺度。,exported_pending_manual_review
A060,live_cand_0129,pair_0129,rec_003,误区/错误先抛 + 正确动作对比 + 原因解释,01_误区错误纠正_错误动作正确动作原因解释,/Volumes/WD_BLACK/澜心社剪辑/lanxinse--/outputs/local_live_A_editor_package/01_误区错误纠正_错误动作正确动作原因解释/A060_live_cand_0129_pair_0129_rec_003,/Volumes/WD_BLACK/完整直播录屏/今年直播素材/C5825.MP4,00:50:00.000,00:52:00.000,120,/Volumes/WD_BLACK/澜心社剪辑/lanxinse--/outputs/local_live_A_editor_package/01_误区错误纠正_错误动作正确动作原因解释/A060_live_cand_0129_pair_0129_rec_003/03_完整上下文_full_context.mp4,outputs/local_live_A_editor_package/01_误区错误纠正_错误动作正确动作原因解释/A060_live_cand_0129_pair_0129_rec_003/03_完整上下文_full_context.mp4,true,success,120.020,1920,1080,h264,pcm_s16be,stream_copy,,,not_available_from_pair_table_same_time_range,风险,优先给剪辑师听审和看原片；保留同题口播与动作窗口，先做人工精修候选。,ASR 校字；原片听审；动作完整循环；画面遮挡；健康/业务/适用人群；敏感表达公开尺度。,exported_pending_manual_review
A061,live_cand_0130,pair_0130,rec_003,痛点/人群点名 + 单动作完整循环 + 坚持建议,03_痛点人群点名_单动作完整循环坚持建议,/Volumes/WD_BLACK/澜心社剪辑/lanxinse--/outputs/local_live_A_editor_package/03_痛点人群点名_单动作完整循环坚持建议/A061_live_cand_0130_pair_0130_rec_003,/Volumes/WD_BLACK/完整直播录屏/今年直播素材/C5825.MP4,00:52:00.000,00:54:00.000,120,/Volumes/WD_BLACK/澜心社剪辑/lanxinse--/outputs/local_live_A_editor_package/03_痛点人群点名_单动作完整循环坚持建议/A061_live_cand_0130_pair_0130_rec_003/03_完整上下文_full_context.mp4,outputs/local_live_A_editor_package/03_痛点人群点名_单动作完整循环坚持建议/A061_live_cand_0130_pair_0130_rec_003/03_完整上下文_full_context.mp4,true,success,120.020,1920,1080,h264,pcm_s16be,stream_copy,,,not_available_from_pair_table_same_time_range,风险,优先给剪辑师听审和看原片；保留同题口播与动作窗口，先做人工精修候选。,ASR 校字；原片听审；动作完整循环；画面遮挡；健康/业务/适用人群；敏感表达公开尺度。,exported_pending_manual_review
A062,live_cand_0132,pair_0132,rec_003,误区/错误先抛 + 正确动作对比 + 原因解释,01_误区错误纠正_错误动作正确动作原因解释,/Volumes/WD_BLACK/澜心社剪辑/lanxinse--/outputs/local_live_A_editor_package/01_误区错误纠正_错误动作正确动作原因解释/A062_live_cand_0132_pair_0132_rec_003,/Volumes/WD_BLACK/完整直播录屏/今年直播素材/C5825.MP4,00:56:00.000,00:58:00.000,120,/Volumes/WD_BLACK/澜心社剪辑/lanxinse--/outputs/local_live_A_editor_package/01_误区错误纠正_错误动作正确动作原因解释/A062_live_cand_0132_pair_0132_rec_003/03_完整上下文_full_context.mp4,outputs/local_live_A_editor_package/01_误区错误纠正_错误动作正确动作原因解释/A062_live_cand_0132_pair_0132_rec_003/03_完整上下文_full_context.mp4,true,success,120.020,1920,1080,h264,pcm_s16be,stream_copy,,,not_available_from_pair_table_same_time_range,风险,优先给剪辑师听审和看原片；保留同题口播与动作窗口，先做人工精修候选。,ASR 校字；原片听审；动作完整循环；画面遮挡；健康/业务/适用人群；敏感表达公开尺度。,exported_pending_manual_review
A063,live_cand_0134,pair_0134,rec_003,误区/错误先抛 + 正确动作对比 + 原因解释,01_误区错误纠正_错误动作正确动作原因解释,/Volumes/WD_BLACK/澜心社剪辑/lanxinse--/outputs/local_live_A_editor_package/01_误区错误纠正_错误动作正确动作原因解释/A063_live_cand_0134_pair_0134_rec_003,/Volumes/WD_BLACK/完整直播录屏/今年直播素材/C5825.MP4,01:00:00.000,01:02:00.000,120,/Volumes/WD_BLACK/澜心社剪辑/lanxinse--/outputs/local_live_A_editor_package/01_误区错误纠正_错误动作正确动作原因解释/A063_live_cand_0134_pair_0134_rec_003/03_完整上下文_full_context.mp4,outputs/local_live_A_editor_package/01_误区错误纠正_错误动作正确动作原因解释/A063_live_cand_0134_pair_0134_rec_003/03_完整上下文_full_context.mp4,true,success,120.020,1920,1080,h264,pcm_s16be,stream_copy,,,not_available_from_pair_table_same_time_range,风险,优先给剪辑师听审和看原片；保留同题口播与动作窗口，先做人工精修候选。,ASR 校字；原片听审；动作完整循环；画面遮挡；健康/业务/适用人群；敏感表达公开尺度。,exported_pending_manual_review
A064,live_cand_0135,pair_0135,rec_003,问题问答 + 原因解释 + 方法边界,02_问题问答_原因解释方法边界,/Volumes/WD_BLACK/澜心社剪辑/lanxinse--/outputs/local_live_A_editor_package/02_问题问答_原因解释方法边界/A064_live_cand_0135_pair_0135_rec_003,/Volumes/WD_BLACK/完整直播录屏/今年直播素材/C5825.MP4,01:02:00.000,01:04:00.000,120,/Volumes/WD_BLACK/澜心社剪辑/lanxinse--/outputs/local_live_A_editor_package/02_问题问答_原因解释方法边界/A064_live_cand_0135_pair_0135_rec_003/03_完整上下文_full_context.mp4,outputs/local_live_A_editor_package/02_问题问答_原因解释方法边界/A064_live_cand_0135_pair_0135_rec_003/03_完整上下文_full_context.mp4,true,success,120.020,1920,1080,h264,pcm_s16be,stream_copy,,,not_available_from_pair_table_same_time_range,风险,优先给剪辑师听审和看原片；保留同题口播与动作窗口，先做人工精修候选。,ASR 校字；原片听审；动作完整循环；画面遮挡；健康/业务/适用人群；敏感表达公开尺度。,exported_pending_manual_review
A065,live_cand_0136,pair_0136,rec_003,多动作组合 + 同一主题推进 + 轻跟练收束,05_多动作组合_同一主题推进轻跟练收束,/Volumes/WD_BLACK/澜心社剪辑/lanxinse--/outputs/local_live_A_editor_package/05_多动作组合_同一主题推进轻跟练收束/A065_live_cand_0136_pair_0136_rec_003,/Volumes/WD_BLACK/完整直播录屏/今年直播素材/C5825.MP4,01:04:00.000,01:06:00.000,120,/Volumes/WD_BLACK/澜心社剪辑/lanxinse--/outputs/local_live_A_editor_package/05_多动作组合_同一主题推进轻跟练收束/A065_live_cand_0136_pair_0136_rec_003/03_完整上下文_full_context.mp4,outputs/local_live_A_editor_package/05_多动作组合_同一主题推进轻跟练收束/A065_live_cand_0136_pair_0136_rec_003/03_完整上下文_full_context.mp4,true,success,120.020,1920,1080,h264,pcm_s16be,stream_copy,,,not_available_from_pair_table_same_time_range,风险,优先给剪辑师听审和看原片；保留同题口播与动作窗口，先做人工精修候选。,ASR 校字；原片听审；动作完整循环；画面遮挡；健康/业务/适用人群；敏感表达公开尺度。,exported_pending_manual_review
A066,live_cand_0137,pair_0137,rec_003,痛点/人群点名 + 单动作完整循环 + 坚持建议,03_痛点人群点名_单动作完整循环坚持建议,/Volumes/WD_BLACK/澜心社剪辑/lanxinse--/outputs/local_live_A_editor_package/03_痛点人群点名_单动作完整循环坚持建议/A066_live_cand_0137_pair_0137_rec_003,/Volumes/WD_BLACK/完整直播录屏/今年直播素材/C5825.MP4,01:06:00.000,01:08:00.000,120,/Volumes/WD_BLACK/澜心社剪辑/lanxinse--/outputs/local_live_A_editor_package/03_痛点人群点名_单动作完整循环坚持建议/A066_live_cand_0137_pair_0137_rec_003/03_完整上下文_full_context.mp4,outputs/local_live_A_editor_package/03_痛点人群点名_单动作完整循环坚持建议/A066_live_cand_0137_pair_0137_rec_003/03_完整上下文_full_context.mp4,true,success,120.020,1920,1080,h264,pcm_s16be,stream_copy,,,not_available_from_pair_table_same_time_range,风险,优先给剪辑师听审和看原片；保留同题口播与动作窗口，先做人工精修候选。,ASR 校字；原片听审；动作完整循环；画面遮挡；健康/业务/适用人群；敏感表达公开尺度。,exported_pending_manual_review
A067,live_cand_0138,pair_0138,rec_003,多动作组合 + 同一主题推进 + 轻跟练收束,05_多动作组合_同一主题推进轻跟练收束,/Volumes/WD_BLACK/澜心社剪辑/lanxinse--/outputs/local_live_A_editor_package/05_多动作组合_同一主题推进轻跟练收束/A067_live_cand_0138_pair_0138_rec_003,/Volumes/WD_BLACK/完整直播录屏/今年直播素材/C5825.MP4,01:08:00.000,01:10:00.000,120,/Volumes/WD_BLACK/澜心社剪辑/lanxinse--/outputs/local_live_A_editor_package/05_多动作组合_同一主题推进轻跟练收束/A067_live_cand_0138_pair_0138_rec_003/03_完整上下文_full_context.mp4,outputs/local_live_A_editor_package/05_多动作组合_同一主题推进轻跟练收束/A067_live_cand_0138_pair_0138_rec_003/03_完整上下文_full_context.mp4,true,success,120.020,1920,1080,h264,pcm_s16be,stream_copy,,,not_available_from_pair_table_same_time_range,方法,优先给剪辑师听审和看原片；保留同题口播与动作窗口，先做人工精修候选。,ASR 校字；原片听审；动作完整循环；画面遮挡；健康/业务/适用人群；敏感表达公开尺度。,exported_pending_manual_review
A068,live_cand_0139,pair_0139,rec_003,痛点/人群点名 + 单动作完整循环 + 坚持建议,03_痛点人群点名_单动作完整循环坚持建议,/Volumes/WD_BLACK/澜心社剪辑/lanxinse--/outputs/local_live_A_editor_package/03_痛点人群点名_单动作完整循环坚持建议/A068_live_cand_0139_pair_0139_rec_003,/Volumes/WD_BLACK/完整直播录屏/今年直播素材/C5825.MP4,01:10:00.000,01:12:00.000,120,/Volumes/WD_BLACK/澜心社剪辑/lanxinse--/outputs/local_live_A_editor_package/03_痛点人群点名_单动作完整循环坚持建议/A068_live_cand_0139_pair_0139_rec_003/03_完整上下文_full_context.mp4,outputs/local_live_A_editor_package/03_痛点人群点名_单动作完整循环坚持建议/A068_live_cand_0139_pair_0139_rec_003/03_完整上下文_full_context.mp4,true,success,120.020,1920,1080,h264,pcm_s16be,stream_copy,,,not_available_from_pair_table_same_time_range,方法,优先给剪辑师听审和看原片；保留同题口播与动作窗口，先做人工精修候选。,ASR 校字；原片听审；动作完整循环；画面遮挡；健康/业务/适用人群；敏感表达公开尺度。,exported_pending_manual_review
A069,live_cand_0141,pair_0141,rec_003,误区/错误先抛 + 正确动作对比 + 原因解释,01_误区错误纠正_错误动作正确动作原因解释,/Volumes/WD_BLACK/澜心社剪辑/lanxinse--/outputs/local_live_A_editor_package/01_误区错误纠正_错误动作正确动作原因解释/A069_live_cand_0141_pair_0141_rec_003,/Volumes/WD_BLACK/完整直播录屏/今年直播素材/C5825.MP4,01:14:00.000,01:16:00.000,120,/Volumes/WD_BLACK/澜心社剪辑/lanxinse--/outputs/local_live_A_editor_package/01_误区错误纠正_错误动作正确动作原因解释/A069_live_cand_0141_pair_0141_rec_003/03_完整上下文_full_context.mp4,outputs/local_live_A_editor_package/01_误区错误纠正_错误动作正确动作原因解释/A069_live_cand_0141_pair_0141_rec_003/03_完整上下文_full_context.mp4,true,success,120.020,1920,1080,h264,pcm_s16be,stream_copy,,,not_available_from_pair_table_same_time_range,风险,优先给剪辑师听审和看原片；保留同题口播与动作窗口，先做人工精修候选。,ASR 校字；原片听审；动作完整循环；画面遮挡；健康/业务/适用人群；敏感表达公开尺度。,exported_pending_manual_review
A070,live_cand_0142,pair_0142,rec_003,误区/错误先抛 + 正确动作对比 + 原因解释,01_误区错误纠正_错误动作正确动作原因解释,/Volumes/WD_BLACK/澜心社剪辑/lanxinse--/outputs/local_live_A_editor_package/01_误区错误纠正_错误动作正确动作原因解释/A070_live_cand_0142_pair_0142_rec_003,/Volumes/WD_BLACK/完整直播录屏/今年直播素材/C5825.MP4,01:16:00.000,01:18:00.000,120,/Volumes/WD_BLACK/澜心社剪辑/lanxinse--/outputs/local_live_A_editor_package/01_误区错误纠正_错误动作正确动作原因解释/A070_live_cand_0142_pair_0142_rec_003/03_完整上下文_full_context.mp4,outputs/local_live_A_editor_package/01_误区错误纠正_错误动作正确动作原因解释/A070_live_cand_0142_pair_0142_rec_003/03_完整上下文_full_context.mp4,true,success,120.020,1920,1080,h264,pcm_s16be,stream_copy,,,not_available_from_pair_table_same_time_range,风险,优先给剪辑师听审和看原片；保留同题口播与动作窗口，先做人工精修候选。,ASR 校字；原片听审；动作完整循环；画面遮挡；健康/业务/适用人群；敏感表达公开尺度。,exported_pending_manual_review
A071,live_cand_0143,pair_0143,rec_003,痛点/人群点名 + 单动作完整循环 + 坚持建议,03_痛点人群点名_单动作完整循环坚持建议,/Volumes/WD_BLACK/澜心社剪辑/lanxinse--/outputs/local_live_A_editor_package/03_痛点人群点名_单动作完整循环坚持建议/A071_live_cand_0143_pair_0143_rec_003,/Volumes/WD_BLACK/完整直播录屏/今年直播素材/C5825.MP4,01:18:00.000,01:20:00.000,120,/Volumes/WD_BLACK/澜心社剪辑/lanxinse--/outputs/local_live_A_editor_package/03_痛点人群点名_单动作完整循环坚持建议/A071_live_cand_0143_pair_0143_rec_003/03_完整上下文_full_context.mp4,outputs/local_live_A_editor_package/03_痛点人群点名_单动作完整循环坚持建议/A071_live_cand_0143_pair_0143_rec_003/03_完整上下文_full_context.mp4,true,success,120.020,1920,1080,h264,pcm_s16be,stream_copy,,,not_available_from_pair_table_same_time_range,风险,优先给剪辑师听审和看原片；保留同题口播与动作窗口，先做人工精修候选。,ASR 校字；原片听审；动作完整循环；画面遮挡；健康/业务/适用人群；敏感表达公开尺度。,exported_pending_manual_review
A072,live_cand_0144,pair_0144,rec_003,痛点/人群点名 + 单动作完整循环 + 坚持建议,03_痛点人群点名_单动作完整循环坚持建议,/Volumes/WD_BLACK/澜心社剪辑/lanxinse--/outputs/local_live_A_editor_package/03_痛点人群点名_单动作完整循环坚持建议/A072_live_cand_0144_pair_0144_rec_003,/Volumes/WD_BLACK/完整直播录屏/今年直播素材/C5825.MP4,01:20:00.000,01:22:00.000,120,/Volumes/WD_BLACK/澜心社剪辑/lanxinse--/outputs/local_live_A_editor_package/03_痛点人群点名_单动作完整循环坚持建议/A072_live_cand_0144_pair_0144_rec_003/03_完整上下文_full_context.mp4,outputs/local_live_A_editor_package/03_痛点人群点名_单动作完整循环坚持建议/A072_live_cand_0144_pair_0144_rec_003/03_完整上下文_full_context.mp4,true,success,120.020,1920,1080,h264,pcm_s16be,stream_copy,,,not_available_from_pair_table_same_time_range,风险,优先给剪辑师听审和看原片；保留同题口播与动作窗口，先做人工精修候选。,ASR 校字；原片听审；动作完整循环；画面遮挡；健康/业务/适用人群；敏感表达公开尺度。,exported_pending_manual_review
A073,live_cand_0145,pair_0145,rec_003,误区/错误先抛 + 正确动作对比 + 原因解释,01_误区错误纠正_错误动作正确动作原因解释,/Volumes/WD_BLACK/澜心社剪辑/lanxinse--/outputs/local_live_A_editor_package/01_误区错误纠正_错误动作正确动作原因解释/A073_live_cand_0145_pair_0145_rec_003,/Volumes/WD_BLACK/完整直播录屏/今年直播素材/C5825.MP4,01:22:00.000,01:24:00.000,120,/Volumes/WD_BLACK/澜心社剪辑/lanxinse--/outputs/local_live_A_editor_package/01_误区错误纠正_错误动作正确动作原因解释/A073_live_cand_0145_pair_0145_rec_003/03_完整上下文_full_context.mp4,outputs/local_live_A_editor_package/01_误区错误纠正_错误动作正确动作原因解释/A073_live_cand_0145_pair_0145_rec_003/03_完整上下文_full_context.mp4,true,success,120.020,1920,1080,h264,pcm_s16be,stream_copy,,,not_available_from_pair_table_same_time_range,风险,优先给剪辑师听审和看原片；保留同题口播与动作窗口，先做人工精修候选。,ASR 校字；原片听审；动作完整循环；画面遮挡；健康/业务/适用人群；敏感表达公开尺度。,exported_pending_manual_review
A074,live_cand_0146,pair_0146,rec_003,痛点/人群点名 + 单动作完整循环 + 坚持建议,03_痛点人群点名_单动作完整循环坚持建议,/Volumes/WD_BLACK/澜心社剪辑/lanxinse--/outputs/local_live_A_editor_package/03_痛点人群点名_单动作完整循环坚持建议/A074_live_cand_0146_pair_0146_rec_003,/Volumes/WD_BLACK/完整直播录屏/今年直播素材/C5825.MP4,01:24:00.000,01:26:00.000,120,/Volumes/WD_BLACK/澜心社剪辑/lanxinse--/outputs/local_live_A_editor_package/03_痛点人群点名_单动作完整循环坚持建议/A074_live_cand_0146_pair_0146_rec_003/03_完整上下文_full_context.mp4,outputs/local_live_A_editor_package/03_痛点人群点名_单动作完整循环坚持建议/A074_live_cand_0146_pair_0146_rec_003/03_完整上下文_full_context.mp4,true,success,120.020,1920,1080,h264,pcm_s16be,stream_copy,,,not_available_from_pair_table_same_time_range,方法,优先给剪辑师听审和看原片；保留同题口播与动作窗口，先做人工精修候选。,ASR 校字；原片听审；动作完整循环；画面遮挡；健康/业务/适用人群；敏感表达公开尺度。,exported_pending_manual_review
A075,live_cand_0148,pair_0148,rec_003,工具/动作演示 + 发力口令 + 低压跟练收束,04_工具动作演示_发力口令低压跟练收束,/Volumes/WD_BLACK/澜心社剪辑/lanxinse--/outputs/local_live_A_editor_package/04_工具动作演示_发力口令低压跟练收束/A075_live_cand_0148_pair_0148_rec_003,/Volumes/WD_BLACK/完整直播录屏/今年直播素材/C5825.MP4,01:28:00.000,01:30:00.000,120,/Volumes/WD_BLACK/澜心社剪辑/lanxinse--/outputs/local_live_A_editor_package/04_工具动作演示_发力口令低压跟练收束/A075_live_cand_0148_pair_0148_rec_003/03_完整上下文_full_context.mp4,outputs/local_live_A_editor_package/04_工具动作演示_发力口令低压跟练收束/A075_live_cand_0148_pair_0148_rec_003/03_完整上下文_full_context.mp4,true,success,120.020,1920,1080,h264,pcm_s16be,stream_copy,,,not_available_from_pair_table_same_time_range,方法,优先给剪辑师听审和看原片；保留同题口播与动作窗口，先做人工精修候选。,ASR 校字；原片听审；动作完整循环；画面遮挡；健康/业务/适用人群；敏感表达公开尺度。,exported_pending_manual_review
A076,live_cand_0162,pair_0162,rec_004,误区/错误先抛 + 正确动作对比 + 原因解释,01_误区错误纠正_错误动作正确动作原因解释,/Volumes/WD_BLACK/澜心社剪辑/lanxinse--/outputs/local_live_A_editor_package/01_误区错误纠正_错误动作正确动作原因解释/A076_live_cand_0162_pair_0162_rec_004,/Volumes/WD_BLACK/完整直播录屏/今年直播素材/C5829.MP4,00:10:00.000,00:12:00.000,120,/Volumes/WD_BLACK/澜心社剪辑/lanxinse--/outputs/local_live_A_editor_package/01_误区错误纠正_错误动作正确动作原因解释/A076_live_cand_0162_pair_0162_rec_004/03_完整上下文_full_context.mp4,outputs/local_live_A_editor_package/01_误区错误纠正_错误动作正确动作原因解释/A076_live_cand_0162_pair_0162_rec_004/03_完整上下文_full_context.mp4,true,success,120.020,1920,1080,h264,pcm_s16be,stream_copy,,,not_available_from_pair_table_same_time_range,风险,优先给剪辑师听审和看原片；保留同题口播与动作窗口，先做人工精修候选。,ASR 校字；原片听审；动作完整循环；画面遮挡；健康/业务/适用人群；敏感表达公开尺度。,exported_pending_manual_review
A077,live_cand_0164,pair_0164,rec_004,问题问答 + 原因解释 + 方法边界,02_问题问答_原因解释方法边界,/Volumes/WD_BLACK/澜心社剪辑/lanxinse--/outputs/local_live_A_editor_package/02_问题问答_原因解释方法边界/A077_live_cand_0164_pair_0164_rec_004,/Volumes/WD_BLACK/完整直播录屏/今年直播素材/C5829.MP4,00:14:00.000,00:16:00.000,120,/Volumes/WD_BLACK/澜心社剪辑/lanxinse--/outputs/local_live_A_editor_package/02_问题问答_原因解释方法边界/A077_live_cand_0164_pair_0164_rec_004/03_完整上下文_full_context.mp4,outputs/local_live_A_editor_package/02_问题问答_原因解释方法边界/A077_live_cand_0164_pair_0164_rec_004/03_完整上下文_full_context.mp4,true,success,120.020,1920,1080,h264,pcm_s16be,stream_copy,,,not_available_from_pair_table_same_time_range,方法,优先给剪辑师听审和看原片；保留同题口播与动作窗口，先做人工精修候选。,ASR 校字；原片听审；动作完整循环；画面遮挡；健康/业务/适用人群；敏感表达公开尺度。,exported_pending_manual_review
A078,live_cand_0169,pair_0169,rec_004,工具/动作演示 + 发力口令 + 低压跟练收束,04_工具动作演示_发力口令低压跟练收束,/Volumes/WD_BLACK/澜心社剪辑/lanxinse--/outputs/local_live_A_editor_package/04_工具动作演示_发力口令低压跟练收束/A078_live_cand_0169_pair_0169_rec_004,/Volumes/WD_BLACK/完整直播录屏/今年直播素材/C5829.MP4,00:24:00.000,00:26:00.000,120,/Volumes/WD_BLACK/澜心社剪辑/lanxinse--/outputs/local_live_A_editor_package/04_工具动作演示_发力口令低压跟练收束/A078_live_cand_0169_pair_0169_rec_004/03_完整上下文_full_context.mp4,outputs/local_live_A_editor_package/04_工具动作演示_发力口令低压跟练收束/A078_live_cand_0169_pair_0169_rec_004/03_完整上下文_full_context.mp4,true,success,120.020,1920,1080,h264,pcm_s16be,stream_copy,,,not_available_from_pair_table_same_time_range,方法,优先给剪辑师听审和看原片；保留同题口播与动作窗口，先做人工精修候选。,ASR 校字；原片听审；动作完整循环；画面遮挡；健康/业务/适用人群；敏感表达公开尺度。,exported_pending_manual_review
A079,live_cand_0170,pair_0170,rec_004,工具/动作演示 + 发力口令 + 低压跟练收束,04_工具动作演示_发力口令低压跟练收束,/Volumes/WD_BLACK/澜心社剪辑/lanxinse--/outputs/local_live_A_editor_package/04_工具动作演示_发力口令低压跟练收束/A079_live_cand_0170_pair_0170_rec_004,/Volumes/WD_BLACK/完整直播录屏/今年直播素材/C5829.MP4,00:26:00.000,00:28:00.000,120,/Volumes/WD_BLACK/澜心社剪辑/lanxinse--/outputs/local_live_A_editor_package/04_工具动作演示_发力口令低压跟练收束/A079_live_cand_0170_pair_0170_rec_004/03_完整上下文_full_context.mp4,outputs/local_live_A_editor_package/04_工具动作演示_发力口令低压跟练收束/A079_live_cand_0170_pair_0170_rec_004/03_完整上下文_full_context.mp4,true,success,120.020,1920,1080,h264,pcm_s16be,stream_copy,,,not_available_from_pair_table_same_time_range,方法,优先给剪辑师听审和看原片；保留同题口播与动作窗口，先做人工精修候选。,ASR 校字；原片听审；动作完整循环；画面遮挡；健康/业务/适用人群；敏感表达公开尺度。,exported_pending_manual_review
A080,live_cand_0171,pair_0171,rec_004,多动作组合 + 同一主题推进 + 轻跟练收束,05_多动作组合_同一主题推进轻跟练收束,/Volumes/WD_BLACK/澜心社剪辑/lanxinse--/outputs/local_live_A_editor_package/05_多动作组合_同一主题推进轻跟练收束/A080_live_cand_0171_pair_0171_rec_004,/Volumes/WD_BLACK/完整直播录屏/今年直播素材/C5829.MP4,00:28:00.000,00:30:00.000,120,/Volumes/WD_BLACK/澜心社剪辑/lanxinse--/outputs/local_live_A_editor_package/05_多动作组合_同一主题推进轻跟练收束/A080_live_cand_0171_pair_0171_rec_004/03_完整上下文_full_context.mp4,outputs/local_live_A_editor_package/05_多动作组合_同一主题推进轻跟练收束/A080_live_cand_0171_pair_0171_rec_004/03_完整上下文_full_context.mp4,true,success,120.020,1920,1080,h264,pcm_s16be,stream_copy,,,not_available_from_pair_table_same_time_range,风险,优先给剪辑师听审和看原片；保留同题口播与动作窗口，先做人工精修候选。,ASR 校字；原片听审；动作完整循环；画面遮挡；健康/业务/适用人群；敏感表达公开尺度。,exported_pending_manual_review
A081,live_cand_0172,pair_0172,rec_004,工具/动作演示 + 发力口令 + 低压跟练收束,04_工具动作演示_发力口令低压跟练收束,/Volumes/WD_BLACK/澜心社剪辑/lanxinse--/outputs/local_live_A_editor_package/04_工具动作演示_发力口令低压跟练收束/A081_live_cand_0172_pair_0172_rec_004,/Volumes/WD_BLACK/完整直播录屏/今年直播素材/C5829.MP4,00:30:00.000,00:32:00.000,120,/Volumes/WD_BLACK/澜心社剪辑/lanxinse--/outputs/local_live_A_editor_package/04_工具动作演示_发力口令低压跟练收束/A081_live_cand_0172_pair_0172_rec_004/03_完整上下文_full_context.mp4,outputs/local_live_A_editor_package/04_工具动作演示_发力口令低压跟练收束/A081_live_cand_0172_pair_0172_rec_004/03_完整上下文_full_context.mp4,true,success,120.020,1920,1080,h264,pcm_s16be,stream_copy,,,not_available_from_pair_table_same_time_range,风险,优先给剪辑师听审和看原片；保留同题口播与动作窗口，先做人工精修候选。,ASR 校字；原片听审；动作完整循环；画面遮挡；健康/业务/适用人群；敏感表达公开尺度。,exported_pending_manual_review
A082,live_cand_0173,pair_0173,rec_004,多动作组合 + 同一主题推进 + 轻跟练收束,05_多动作组合_同一主题推进轻跟练收束,/Volumes/WD_BLACK/澜心社剪辑/lanxinse--/outputs/local_live_A_editor_package/05_多动作组合_同一主题推进轻跟练收束/A082_live_cand_0173_pair_0173_rec_004,/Volumes/WD_BLACK/完整直播录屏/今年直播素材/C5829.MP4,00:32:00.000,00:34:00.000,120,/Volumes/WD_BLACK/澜心社剪辑/lanxinse--/outputs/local_live_A_editor_package/05_多动作组合_同一主题推进轻跟练收束/A082_live_cand_0173_pair_0173_rec_004/03_完整上下文_full_context.mp4,outputs/local_live_A_editor_package/05_多动作组合_同一主题推进轻跟练收束/A082_live_cand_0173_pair_0173_rec_004/03_完整上下文_full_context.mp4,true,success,120.020,1920,1080,h264,pcm_s16be,stream_copy,,,not_available_from_pair_table_same_time_range,方法,优先给剪辑师听审和看原片；保留同题口播与动作窗口，先做人工精修候选。,ASR 校字；原片听审；动作完整循环；画面遮挡；健康/业务/适用人群；敏感表达公开尺度。,exported_pending_manual_review
A083,live_cand_0174,pair_0174,rec_004,工具/动作演示 + 发力口令 + 低压跟练收束,04_工具动作演示_发力口令低压跟练收束,/Volumes/WD_BLACK/澜心社剪辑/lanxinse--/outputs/local_live_A_editor_package/04_工具动作演示_发力口令低压跟练收束/A083_live_cand_0174_pair_0174_rec_004,/Volumes/WD_BLACK/完整直播录屏/今年直播素材/C5829.MP4,00:34:00.000,00:36:00.000,120,/Volumes/WD_BLACK/澜心社剪辑/lanxinse--/outputs/local_live_A_editor_package/04_工具动作演示_发力口令低压跟练收束/A083_live_cand_0174_pair_0174_rec_004/03_完整上下文_full_context.mp4,outputs/local_live_A_editor_package/04_工具动作演示_发力口令低压跟练收束/A083_live_cand_0174_pair_0174_rec_004/03_完整上下文_full_context.mp4,true,success,120.020,1920,1080,h264,pcm_s16be,stream_copy,,,not_available_from_pair_table_same_time_range,风险,优先给剪辑师听审和看原片；保留同题口播与动作窗口，先做人工精修候选。,ASR 校字；原片听审；动作完整循环；画面遮挡；健康/业务/适用人群；敏感表达公开尺度。,exported_pending_manual_review
A084,live_cand_0175,pair_0175,rec_004,多动作组合 + 同一主题推进 + 轻跟练收束,05_多动作组合_同一主题推进轻跟练收束,/Volumes/WD_BLACK/澜心社剪辑/lanxinse--/outputs/local_live_A_editor_package/05_多动作组合_同一主题推进轻跟练收束/A084_live_cand_0175_pair_0175_rec_004,/Volumes/WD_BLACK/完整直播录屏/今年直播素材/C5829.MP4,00:36:00.000,00:38:00.000,120,/Volumes/WD_BLACK/澜心社剪辑/lanxinse--/outputs/local_live_A_editor_package/05_多动作组合_同一主题推进轻跟练收束/A084_live_cand_0175_pair_0175_rec_004/03_完整上下文_full_context.mp4,outputs/local_live_A_editor_package/05_多动作组合_同一主题推进轻跟练收束/A084_live_cand_0175_pair_0175_rec_004/03_完整上下文_full_context.mp4,true,success,120.020,1920,1080,h264,pcm_s16be,stream_copy,,,not_available_from_pair_table_same_time_range,方法,优先给剪辑师听审和看原片；保留同题口播与动作窗口，先做人工精修候选。,ASR 校字；原片听审；动作完整循环；画面遮挡；健康/业务/适用人群；敏感表达公开尺度。,exported_pending_manual_review
A085,live_cand_0176,pair_0176,rec_004,痛点/人群点名 + 单动作完整循环 + 坚持建议,03_痛点人群点名_单动作完整循环坚持建议,/Volumes/WD_BLACK/澜心社剪辑/lanxinse--/outputs/local_live_A_editor_package/03_痛点人群点名_单动作完整循环坚持建议/A085_live_cand_0176_pair_0176_rec_004,/Volumes/WD_BLACK/完整直播录屏/今年直播素材/C5829.MP4,00:38:00.000,00:40:00.000,120,/Volumes/WD_BLACK/澜心社剪辑/lanxinse--/outputs/local_live_A_editor_package/03_痛点人群点名_单动作完整循环坚持建议/A085_live_cand_0176_pair_0176_rec_004/03_完整上下文_full_context.mp4,outputs/local_live_A_editor_package/03_痛点人群点名_单动作完整循环坚持建议/A085_live_cand_0176_pair_0176_rec_004/03_完整上下文_full_context.mp4,true,success,120.020,1920,1080,h264,pcm_s16be,stream_copy,,,not_available_from_pair_table_same_time_range,风险,优先给剪辑师听审和看原片；保留同题口播与动作窗口，先做人工精修候选。,ASR 校字；原片听审；动作完整循环；画面遮挡；健康/业务/适用人群；敏感表达公开尺度。,exported_pending_manual_review
A086,live_cand_0177,pair_0177,rec_004,多动作组合 + 同一主题推进 + 轻跟练收束,05_多动作组合_同一主题推进轻跟练收束,/Volumes/WD_BLACK/澜心社剪辑/lanxinse--/outputs/local_live_A_editor_package/05_多动作组合_同一主题推进轻跟练收束/A086_live_cand_0177_pair_0177_rec_004,/Volumes/WD_BLACK/完整直播录屏/今年直播素材/C5829.MP4,00:40:00.000,00:42:00.000,120,/Volumes/WD_BLACK/澜心社剪辑/lanxinse--/outputs/local_live_A_editor_package/05_多动作组合_同一主题推进轻跟练收束/A086_live_cand_0177_pair_0177_rec_004/03_完整上下文_full_context.mp4,outputs/local_live_A_editor_package/05_多动作组合_同一主题推进轻跟练收束/A086_live_cand_0177_pair_0177_rec_004/03_完整上下文_full_context.mp4,true,success,120.020,1920,1080,h264,pcm_s16be,stream_copy,,,not_available_from_pair_table_same_time_range,方法,优先给剪辑师听审和看原片；保留同题口播与动作窗口，先做人工精修候选。,ASR 校字；原片听审；动作完整循环；画面遮挡；健康/业务/适用人群；敏感表达公开尺度。,exported_pending_manual_review
A087,live_cand_0180,pair_0180,rec_004,多动作组合 + 同一主题推进 + 轻跟练收束,05_多动作组合_同一主题推进轻跟练收束,/Volumes/WD_BLACK/澜心社剪辑/lanxinse--/outputs/local_live_A_editor_package/05_多动作组合_同一主题推进轻跟练收束/A087_live_cand_0180_pair_0180_rec_004,/Volumes/WD_BLACK/完整直播录屏/今年直播素材/C5829.MP4,00:46:00.000,00:48:00.000,120,/Volumes/WD_BLACK/澜心社剪辑/lanxinse--/outputs/local_live_A_editor_package/05_多动作组合_同一主题推进轻跟练收束/A087_live_cand_0180_pair_0180_rec_004/03_完整上下文_full_context.mp4,outputs/local_live_A_editor_package/05_多动作组合_同一主题推进轻跟练收束/A087_live_cand_0180_pair_0180_rec_004/03_完整上下文_full_context.mp4,true,success,120.020,1920,1080,h264,pcm_s16be,stream_copy,,,not_available_from_pair_table_same_time_range,方法,优先给剪辑师听审和看原片；保留同题口播与动作窗口，先做人工精修候选。,ASR 校字；原片听审；动作完整循环；画面遮挡；健康/业务/适用人群；敏感表达公开尺度。,exported_pending_manual_review
A088,live_cand_0181,pair_0181,rec_004,工具/动作演示 + 发力口令 + 低压跟练收束,04_工具动作演示_发力口令低压跟练收束,/Volumes/WD_BLACK/澜心社剪辑/lanxinse--/outputs/local_live_A_editor_package/04_工具动作演示_发力口令低压跟练收束/A088_live_cand_0181_pair_0181_rec_004,/Volumes/WD_BLACK/完整直播录屏/今年直播素材/C5829.MP4,00:48:00.000,00:50:00.000,120,/Volumes/WD_BLACK/澜心社剪辑/lanxinse--/outputs/local_live_A_editor_package/04_工具动作演示_发力口令低压跟练收束/A088_live_cand_0181_pair_0181_rec_004/03_完整上下文_full_context.mp4,outputs/local_live_A_editor_package/04_工具动作演示_发力口令低压跟练收束/A088_live_cand_0181_pair_0181_rec_004/03_完整上下文_full_context.mp4,true,success,120.020,1920,1080,h264,pcm_s16be,stream_copy,,,not_available_from_pair_table_same_time_range,方法,优先给剪辑师听审和看原片；保留同题口播与动作窗口，先做人工精修候选。,ASR 校字；原片听审；动作完整循环；画面遮挡；健康/业务/适用人群；敏感表达公开尺度。,exported_pending_manual_review
A089,live_cand_0182,pair_0182,rec_004,工具/动作演示 + 发力口令 + 低压跟练收束,04_工具动作演示_发力口令低压跟练收束,/Volumes/WD_BLACK/澜心社剪辑/lanxinse--/outputs/local_live_A_editor_package/04_工具动作演示_发力口令低压跟练收束/A089_live_cand_0182_pair_0182_rec_004,/Volumes/WD_BLACK/完整直播录屏/今年直播素材/C5829.MP4,00:50:00.000,00:52:00.000,120,/Volumes/WD_BLACK/澜心社剪辑/lanxinse--/outputs/local_live_A_editor_package/04_工具动作演示_发力口令低压跟练收束/A089_live_cand_0182_pair_0182_rec_004/03_完整上下文_full_context.mp4,outputs/local_live_A_editor_package/04_工具动作演示_发力口令低压跟练收束/A089_live_cand_0182_pair_0182_rec_004/03_完整上下文_full_context.mp4,true,success,120.020,1920,1080,h264,pcm_s16be,stream_copy,,,not_available_from_pair_table_same_time_range,方法,优先给剪辑师听审和看原片；保留同题口播与动作窗口，先做人工精修候选。,ASR 校字；原片听审；动作完整循环；画面遮挡；健康/业务/适用人群；敏感表达公开尺度。,exported_pending_manual_review
A090,live_cand_0183,pair_0183,rec_004,多动作组合 + 同一主题推进 + 轻跟练收束,05_多动作组合_同一主题推进轻跟练收束,/Volumes/WD_BLACK/澜心社剪辑/lanxinse--/outputs/local_live_A_editor_package/05_多动作组合_同一主题推进轻跟练收束/A090_live_cand_0183_pair_0183_rec_004,/Volumes/WD_BLACK/完整直播录屏/今年直播素材/C5829.MP4,00:52:00.000,00:54:00.000,120,/Volumes/WD_BLACK/澜心社剪辑/lanxinse--/outputs/local_live_A_editor_package/05_多动作组合_同一主题推进轻跟练收束/A090_live_cand_0183_pair_0183_rec_004/03_完整上下文_full_context.mp4,outputs/local_live_A_editor_package/05_多动作组合_同一主题推进轻跟练收束/A090_live_cand_0183_pair_0183_rec_004/03_完整上下文_full_context.mp4,true,success,120.020,1920,1080,h264,pcm_s16be,stream_copy,,,not_available_from_pair_table_same_time_range,痛点,优先给剪辑师听审和看原片；保留同题口播与动作窗口，先做人工精修候选。,ASR 校字；原片听审；动作完整循环；画面遮挡；健康/业务/适用人群；敏感表达公开尺度。,exported_pending_manual_review
A091,live_cand_0184,pair_0184,rec_004,工具/动作演示 + 发力口令 + 低压跟练收束,04_工具动作演示_发力口令低压跟练收束,/Volumes/WD_BLACK/澜心社剪辑/lanxinse--/outputs/local_live_A_editor_package/04_工具动作演示_发力口令低压跟练收束/A091_live_cand_0184_pair_0184_rec_004,/Volumes/WD_BLACK/完整直播录屏/今年直播素材/C5829.MP4,00:56:00.000,00:58:00.000,120,/Volumes/WD_BLACK/澜心社剪辑/lanxinse--/outputs/local_live_A_editor_package/04_工具动作演示_发力口令低压跟练收束/A091_live_cand_0184_pair_0184_rec_004/03_完整上下文_full_context.mp4,outputs/local_live_A_editor_package/04_工具动作演示_发力口令低压跟练收束/A091_live_cand_0184_pair_0184_rec_004/03_完整上下文_full_context.mp4,true,success,120.020,1920,1080,h264,pcm_s16be,stream_copy,,,not_available_from_pair_table_same_time_range,方法,优先给剪辑师听审和看原片；保留同题口播与动作窗口，先做人工精修候选。,ASR 校字；原片听审；动作完整循环；画面遮挡；健康/业务/适用人群；敏感表达公开尺度。,exported_pending_manual_review
A092,live_cand_0185,pair_0185,rec_004,多动作组合 + 同一主题推进 + 轻跟练收束,05_多动作组合_同一主题推进轻跟练收束,/Volumes/WD_BLACK/澜心社剪辑/lanxinse--/outputs/local_live_A_editor_package/05_多动作组合_同一主题推进轻跟练收束/A092_live_cand_0185_pair_0185_rec_004,/Volumes/WD_BLACK/完整直播录屏/今年直播素材/C5829.MP4,00:58:00.000,01:00:00.000,120,/Volumes/WD_BLACK/澜心社剪辑/lanxinse--/outputs/local_live_A_editor_package/05_多动作组合_同一主题推进轻跟练收束/A092_live_cand_0185_pair_0185_rec_004/03_完整上下文_full_context.mp4,outputs/local_live_A_editor_package/05_多动作组合_同一主题推进轻跟练收束/A092_live_cand_0185_pair_0185_rec_004/03_完整上下文_full_context.mp4,true,success,120.020,1920,1080,h264,pcm_s16be,stream_copy,,,not_available_from_pair_table_same_time_range,方法,优先给剪辑师听审和看原片；保留同题口播与动作窗口，先做人工精修候选。,ASR 校字；原片听审；动作完整循环；画面遮挡；健康/业务/适用人群；敏感表达公开尺度。,exported_pending_manual_review
A093,live_cand_0186,pair_0186,rec_004,多动作组合 + 同一主题推进 + 轻跟练收束,05_多动作组合_同一主题推进轻跟练收束,/Volumes/WD_BLACK/澜心社剪辑/lanxinse--/outputs/local_live_A_editor_package/05_多动作组合_同一主题推进轻跟练收束/A093_live_cand_0186_pair_0186_rec_004,/Volumes/WD_BLACK/完整直播录屏/今年直播素材/C5829.MP4,01:00:00.000,01:02:00.000,120,/Volumes/WD_BLACK/澜心社剪辑/lanxinse--/outputs/local_live_A_editor_package/05_多动作组合_同一主题推进轻跟练收束/A093_live_cand_0186_pair_0186_rec_004/03_完整上下文_full_context.mp4,outputs/local_live_A_editor_package/05_多动作组合_同一主题推进轻跟练收束/A093_live_cand_0186_pair_0186_rec_004/03_完整上下文_full_context.mp4,true,success,120.020,1920,1080,h264,pcm_s16be,stream_copy,,,not_available_from_pair_table_same_time_range,风险,优先给剪辑师听审和看原片；保留同题口播与动作窗口，先做人工精修候选。,ASR 校字；原片听审；动作完整循环；画面遮挡；健康/业务/适用人群；敏感表达公开尺度。,exported_pending_manual_review
A094,live_cand_0188,pair_0188,rec_004,误区/错误先抛 + 正确动作对比 + 原因解释,01_误区错误纠正_错误动作正确动作原因解释,/Volumes/WD_BLACK/澜心社剪辑/lanxinse--/outputs/local_live_A_editor_package/01_误区错误纠正_错误动作正确动作原因解释/A094_live_cand_0188_pair_0188_rec_004,/Volumes/WD_BLACK/完整直播录屏/今年直播素材/C5829.MP4,01:04:00.000,01:06:00.000,120,/Volumes/WD_BLACK/澜心社剪辑/lanxinse--/outputs/local_live_A_editor_package/01_误区错误纠正_错误动作正确动作原因解释/A094_live_cand_0188_pair_0188_rec_004/03_完整上下文_full_context.mp4,outputs/local_live_A_editor_package/01_误区错误纠正_错误动作正确动作原因解释/A094_live_cand_0188_pair_0188_rec_004/03_完整上下文_full_context.mp4,true,success,120.020,1920,1080,h264,pcm_s16be,stream_copy,,,not_available_from_pair_table_same_time_range,风险,优先给剪辑师听审和看原片；保留同题口播与动作窗口，先做人工精修候选。,ASR 校字；原片听审；动作完整循环；画面遮挡；健康/业务/适用人群；敏感表达公开尺度。,exported_pending_manual_review
A095,live_cand_0189,pair_0189,rec_004,多动作组合 + 同一主题推进 + 轻跟练收束,05_多动作组合_同一主题推进轻跟练收束,/Volumes/WD_BLACK/澜心社剪辑/lanxinse--/outputs/local_live_A_editor_package/05_多动作组合_同一主题推进轻跟练收束/A095_live_cand_0189_pair_0189_rec_004,/Volumes/WD_BLACK/完整直播录屏/今年直播素材/C5829.MP4,01:06:00.000,01:08:00.000,120,/Volumes/WD_BLACK/澜心社剪辑/lanxinse--/outputs/local_live_A_editor_package/05_多动作组合_同一主题推进轻跟练收束/A095_live_cand_0189_pair_0189_rec_004/03_完整上下文_full_context.mp4,outputs/local_live_A_editor_package/05_多动作组合_同一主题推进轻跟练收束/A095_live_cand_0189_pair_0189_rec_004/03_完整上下文_full_context.mp4,true,success,120.020,1920,1080,h264,pcm_s16be,stream_copy,,,not_available_from_pair_table_same_time_range,风险,优先给剪辑师听审和看原片；保留同题口播与动作窗口，先做人工精修候选。,ASR 校字；原片听审；动作完整循环；画面遮挡；健康/业务/适用人群；敏感表达公开尺度。,exported_pending_manual_review
A096,live_cand_0190,pair_0190,rec_004,多动作组合 + 同一主题推进 + 轻跟练收束,05_多动作组合_同一主题推进轻跟练收束,/Volumes/WD_BLACK/澜心社剪辑/lanxinse--/outputs/local_live_A_editor_package/05_多动作组合_同一主题推进轻跟练收束/A096_live_cand_0190_pair_0190_rec_004,/Volumes/WD_BLACK/完整直播录屏/今年直播素材/C5829.MP4,01:08:00.000,01:10:00.000,120,/Volumes/WD_BLACK/澜心社剪辑/lanxinse--/outputs/local_live_A_editor_package/05_多动作组合_同一主题推进轻跟练收束/A096_live_cand_0190_pair_0190_rec_004/03_完整上下文_full_context.mp4,outputs/local_live_A_editor_package/05_多动作组合_同一主题推进轻跟练收束/A096_live_cand_0190_pair_0190_rec_004/03_完整上下文_full_context.mp4,true,success,120.020,1920,1080,h264,pcm_s16be,stream_copy,,,not_available_from_pair_table_same_time_range,方法,优先给剪辑师听审和看原片；保留同题口播与动作窗口，先做人工精修候选。,ASR 校字；原片听审；动作完整循环；画面遮挡；健康/业务/适用人群；敏感表达公开尺度。,exported_pending_manual_review
A097,live_cand_0191,pair_0191,rec_004,多动作组合 + 同一主题推进 + 轻跟练收束,05_多动作组合_同一主题推进轻跟练收束,/Volumes/WD_BLACK/澜心社剪辑/lanxinse--/outputs/local_live_A_editor_package/05_多动作组合_同一主题推进轻跟练收束/A097_live_cand_0191_pair_0191_rec_004,/Volumes/WD_BLACK/完整直播录屏/今年直播素材/C5829.MP4,01:10:00.000,01:12:00.000,120,/Volumes/WD_BLACK/澜心社剪辑/lanxinse--/outputs/local_live_A_editor_package/05_多动作组合_同一主题推进轻跟练收束/A097_live_cand_0191_pair_0191_rec_004/03_完整上下文_full_context.mp4,outputs/local_live_A_editor_package/05_多动作组合_同一主题推进轻跟练收束/A097_live_cand_0191_pair_0191_rec_004/03_完整上下文_full_context.mp4,true,success,120.020,1920,1080,h264,pcm_s16be,stream_copy,,,not_available_from_pair_table_same_time_range,方法,优先给剪辑师听审和看原片；保留同题口播与动作窗口，先做人工精修候选。,ASR 校字；原片听审；动作完整循环；画面遮挡；健康/业务/适用人群；敏感表达公开尺度。,exported_pending_manual_review
A098,live_cand_0192,pair_0192,rec_004,误区/错误先抛 + 正确动作对比 + 原因解释,01_误区错误纠正_错误动作正确动作原因解释,/Volumes/WD_BLACK/澜心社剪辑/lanxinse--/outputs/local_live_A_editor_package/01_误区错误纠正_错误动作正确动作原因解释/A098_live_cand_0192_pair_0192_rec_004,/Volumes/WD_BLACK/完整直播录屏/今年直播素材/C5829.MP4,01:12:00.000,01:14:00.000,120,/Volumes/WD_BLACK/澜心社剪辑/lanxinse--/outputs/local_live_A_editor_package/01_误区错误纠正_错误动作正确动作原因解释/A098_live_cand_0192_pair_0192_rec_004/03_完整上下文_full_context.mp4,outputs/local_live_A_editor_package/01_误区错误纠正_错误动作正确动作原因解释/A098_live_cand_0192_pair_0192_rec_004/03_完整上下文_full_context.mp4,true,success,120.020,1920,1080,h264,pcm_s16be,stream_copy,,,not_available_from_pair_table_same_time_range,风险,优先给剪辑师听审和看原片；保留同题口播与动作窗口，先做人工精修候选。,ASR 校字；原片听审；动作完整循环；画面遮挡；健康/业务/适用人群；敏感表达公开尺度。,exported_pending_manual_review
A099,live_cand_0193,pair_0193,rec_004,多动作组合 + 同一主题推进 + 轻跟练收束,05_多动作组合_同一主题推进轻跟练收束,/Volumes/WD_BLACK/澜心社剪辑/lanxinse--/outputs/local_live_A_editor_package/05_多动作组合_同一主题推进轻跟练收束/A099_live_cand_0193_pair_0193_rec_004,/Volumes/WD_BLACK/完整直播录屏/今年直播素材/C5829.MP4,01:14:00.000,01:16:00.000,120,/Volumes/WD_BLACK/澜心社剪辑/lanxinse--/outputs/local_live_A_editor_package/05_多动作组合_同一主题推进轻跟练收束/A099_live_cand_0193_pair_0193_rec_004/03_完整上下文_full_context.mp4,outputs/local_live_A_editor_package/05_多动作组合_同一主题推进轻跟练收束/A099_live_cand_0193_pair_0193_rec_004/03_完整上下文_full_context.mp4,true,success,120.020,1920,1080,h264,pcm_s16be,stream_copy,,,not_available_from_pair_table_same_time_range,方法,优先给剪辑师听审和看原片；保留同题口播与动作窗口，先做人工精修候选。,ASR 校字；原片听审；动作完整循环；画面遮挡；健康/业务/适用人群；敏感表达公开尺度。,exported_pending_manual_review
A100,live_cand_0194,pair_0194,rec_004,多动作组合 + 同一主题推进 + 轻跟练收束,05_多动作组合_同一主题推进轻跟练收束,/Volumes/WD_BLACK/澜心社剪辑/lanxinse--/outputs/local_live_A_editor_package/05_多动作组合_同一主题推进轻跟练收束/A100_live_cand_0194_pair_0194_rec_004,/Volumes/WD_BLACK/完整直播录屏/今年直播素材/C5829.MP4,01:16:00.000,01:18:00.000,120,/Volumes/WD_BLACK/澜心社剪辑/lanxinse--/outputs/local_live_A_editor_package/05_多动作组合_同一主题推进轻跟练收束/A100_live_cand_0194_pair_0194_rec_004/03_完整上下文_full_context.mp4,outputs/local_live_A_editor_package/05_多动作组合_同一主题推进轻跟练收束/A100_live_cand_0194_pair_0194_rec_004/03_完整上下文_full_context.mp4,true,success,120.020,1920,1080,h264,pcm_s16be,stream_copy,,,not_available_from_pair_table_same_time_range,方法,优先给剪辑师听审和看原片；保留同题口播与动作窗口，先做人工精修候选。,ASR 校字；原片听审；动作完整循环；画面遮挡；健康/业务/适用人群；敏感表达公开尺度。,exported_pending_manual_review
A101,live_cand_0207,pair_0207,rec_004,多动作组合 + 同一主题推进 + 轻跟练收束,05_多动作组合_同一主题推进轻跟练收束,/Volumes/WD_BLACK/澜心社剪辑/lanxinse--/outputs/local_live_A_editor_package/05_多动作组合_同一主题推进轻跟练收束/A101_live_cand_0207_pair_0207_rec_004,/Volumes/WD_BLACK/完整直播录屏/今年直播素材/C5829.MP4,01:42:00.000,01:44:00.000,120,/Volumes/WD_BLACK/澜心社剪辑/lanxinse--/outputs/local_live_A_editor_package/05_多动作组合_同一主题推进轻跟练收束/A101_live_cand_0207_pair_0207_rec_004/03_完整上下文_full_context.mp4,outputs/local_live_A_editor_package/05_多动作组合_同一主题推进轻跟练收束/A101_live_cand_0207_pair_0207_rec_004/03_完整上下文_full_context.mp4,true,success,120.020,1920,1080,h264,pcm_s16be,stream_copy,,,not_available_from_pair_table_same_time_range,风险,优先给剪辑师听审和看原片；保留同题口播与动作窗口，先做人工精修候选。,ASR 校字；原片听审；动作完整循环；画面遮挡；健康/业务/适用人群；敏感表达公开尺度。,exported_pending_manual_review
A102,live_cand_0209,pair_0209,rec_004,误区/错误先抛 + 正确动作对比 + 原因解释,01_误区错误纠正_错误动作正确动作原因解释,/Volumes/WD_BLACK/澜心社剪辑/lanxinse--/outputs/local_live_A_editor_package/01_误区错误纠正_错误动作正确动作原因解释/A102_live_cand_0209_pair_0209_rec_004,/Volumes/WD_BLACK/完整直播录屏/今年直播素材/C5829.MP4,01:46:00.000,01:48:00.000,120,/Volumes/WD_BLACK/澜心社剪辑/lanxinse--/outputs/local_live_A_editor_package/01_误区错误纠正_错误动作正确动作原因解释/A102_live_cand_0209_pair_0209_rec_004/03_完整上下文_full_context.mp4,outputs/local_live_A_editor_package/01_误区错误纠正_错误动作正确动作原因解释/A102_live_cand_0209_pair_0209_rec_004/03_完整上下文_full_context.mp4,true,success,120.020,1920,1080,h264,pcm_s16be,stream_copy,,,not_available_from_pair_table_same_time_range,风险,优先给剪辑师听审和看原片；保留同题口播与动作窗口，先做人工精修候选。,ASR 校字；原片听审；动作完整循环；画面遮挡；健康/业务/适用人群；敏感表达公开尺度。,exported_pending_manual_review
