ali_review_id,review_id,candidate_id,pair_group_id,recording_id,source_file,usable_structure_name,structure_folder,talk_start_time,talk_end_time,action_start_time,action_end_time,talk_claimed_action_or_problem,talk_claimed_function,visual_model_primary,visual_model_fallback,visual_model_used,visual_api_status,visual_error_summary,observed_action_name,observed_body_part_or_tool,action_start_visual_clue,action_end_visual_clue,action_cycle_complete,visual_obstruction_status,presenter_visible,same_action_with_talk_claim,same_problem_with_talk_claim,same_function_with_talk_claim,sequence_logic,topic_break_risk,can_enter_editor_task_pack_model,p0_gate_result,p0_fail_reason,talk_action_same_point,can_enter_editor_task_pack,split_status,local_review_folder,local_true_pair_task_folder,local_manual_review_folder,contact_sheet_path_local,preview_20s_path_local,full_context_path_local,reason,manual_review_items,notes
ALI001,P0R001,live_cand_0004,pair_0004,rec_001,/Volumes/WD_BLACK/完整直播录屏/今年直播素材/5月13日直播素材.MP4,误区/错误先抛 + 正确动作对比 + 原因解释,04_误区错误纠正_错误动作正确动作原因解释,00:10:00.000,00:12:00.000,00:10:00.000,00:12:00.000,动作口令/跟练 / 胸部/呼吸练习 / 问题问答/原因解释 / 误区纠错/风险提醒,风险,qwen3-vl-plus,qwen-vl-max,qwen3-vl-plus,success,,双手置于胸部前方做手势讲解，伴随口型变化,手、胸部区域,00:00:09.602 帧中双手从体侧抬起至胸前，掌心相对,00:01:50.418 帧中双手仍位于胸前，呈放松收势姿态,no,clear,yes,unclear,unclear,unclear,unclear,yes,no,still_blocked_topic_break,存在明显跳题或上下文断裂风险,动作口令/跟练 / 胸部/呼吸练习 / 问题问答/原因解释 / 误区纠错/风险提醒 -> 双手置于胸部前方做手势讲解，伴随口型变化,no,not_available,/Volumes/WD_BLACK/澜心社剪辑/lanxinse--/outputs/local_manual_review_video_pool/_visual_inputs/04_误区错误纠正_错误动作正确动作原因解释/ALI001_live_cand_0004_pair_0004_rec_001,,/Volumes/WD_BLACK/澜心社剪辑/lanxinse--/outputs/local_manual_review_video_pool/04_误区错误纠正_错误动作正确动作原因解释/MR001_live_cand_0004_pair_0004_rec_001,/Volumes/WD_BLACK/澜心社剪辑/lanxinse--/outputs/local_manual_review_video_pool/_visual_inputs/04_误区错误纠正_错误动作正确动作原因解释/ALI001_live_cand_0004_pair_0004_rec_001/04_视觉证据_contact_sheet.jpg,/Volumes/WD_BLACK/澜心社剪辑/lanxinse--/outputs/local_manual_review_video_pool/_visual_inputs/04_误区错误纠正_错误动作正确动作原因解释/ALI001_live_cand_0004_pair_0004_rec_001/05_20秒复核预览_preview_20s.mp4,/Volumes/WD_BLACK/澜心社剪辑/lanxinse--/outputs/local_live_A_editor_package/01_误区错误纠正_错误动作正确动作原因解释/A001_live_cand_0004_pair_0004_rec_001/03_完整上下文_full_context.mp4,画面仅显示 presenter 手部在胸部区域做讲解性手势，无明显呼吸动作、无胸廓起伏、无跟练示范；无法确认是否为‘胸部/呼吸练习’或‘误区纠错’动作；所有帧均为静态讲解姿态，未呈现动作周期（如吸气-呼气循环）；口播声明中要求的‘动作口令/跟练’‘问题问答’‘风险提醒’等关键行为在画面中无对应视觉证据；仅凭手势无法判定与‘误区/错误先抛+正确动作对比+原因解释’结构一致；存在话题断裂风险（如讲解与实操脱节）。,ASR 校字；原片听审；动作完整循环；画面遮挡；健康/业务/适用人群；敏感表达公开尺度。,source_exists=true; material_status=created; sheet_status=reused; preview_status=reused; preview_error=; cached_summary_used=true; route=qwen3-vl-plus->qwen-vl-max; forbidden_models_called=no
ALI002,P0R002,live_cand_0006,pair_0006,rec_001,/Volumes/WD_BLACK/完整直播录屏/今年直播素材/5月13日直播素材.MP4,问题问答 + 原因解释 + 方法边界,01_问题问答_原因解释方法边界,00:14:00.000,00:16:00.000,00:14:00.000,00:16:00.000,胸部/呼吸练习 / 问题问答/原因解释 / 情绪/关系表达 / 动作/问题关键词命中,方法,qwen3-vl-plus,qwen-vl-max,qwen3-vl-plus,success,,双手置于胸部做按压/轻抚动作，伴随呼吸节奏,双手、胸部,帧00:00:09.602：双手从体侧抬起至胸前，掌心向内贴于胸骨区域,帧00:01:50.418：双手仍置于胸部，但姿态略有放松，未见明显收手或结束动作,no,clear,yes,yes,unclear,yes,intercut,no,yes,weak_related_need_manual_review,可见动作但动作循环不完整或不确定,胸部/呼吸练习 / 问题问答/原因解释 / 情绪/关系表达 / 动作/问题关键词命中 -> 双手置于胸部做按压/轻抚动作，伴随呼吸节奏,no,not_available,/Volumes/WD_BLACK/澜心社剪辑/lanxinse--/outputs/local_manual_review_video_pool/_visual_inputs/01_问题问答_原因解释方法边界/ALI002_live_cand_0006_pair_0006_rec_001,,/Volumes/WD_BLACK/澜心社剪辑/lanxinse--/outputs/local_manual_review_video_pool/01_问题问答_原因解释方法边界/MR002_live_cand_0006_pair_0006_rec_001,/Volumes/WD_BLACK/澜心社剪辑/lanxinse--/outputs/local_manual_review_video_pool/_visual_inputs/01_问题问答_原因解释方法边界/ALI002_live_cand_0006_pair_0006_rec_001/04_视觉证据_contact_sheet.jpg,/Volumes/WD_BLACK/澜心社剪辑/lanxinse--/outputs/local_manual_review_video_pool/_visual_inputs/01_问题问答_原因解释方法边界/ALI002_live_cand_0006_pair_0006_rec_001/05_20秒复核预览_preview_20s.mp4,/Volumes/WD_BLACK/澜心社剪辑/lanxinse--/outputs/local_live_A_editor_package/02_问题问答_原因解释方法边界/A002_live_cand_0006_pair_0006_rec_001/03_完整上下文_full_context.mp4,画面中 presenter 始终坐姿，双手持续在胸部区域进行有节奏的按压/轻抚动作（五帧均可见），符合‘胸部/呼吸练习’的动作描述；动作起始清晰（抬手贴胸），但未见明确收手或完成循环（如呼气结束+手放下），故判定为 cycle incomplete；无遮挡， presenter 全身可见；动作与口播声明中的‘胸部/呼吸练习’及‘方法’功能一致；各帧间动作连贯，无话题跳跃迹象；虽无法确认是否对应具体问题（如情绪/关系表达），但动作本身与方法类口播匹配，可进入编辑任务包。,ASR 校字；原片听审；动作完整循环；画面遮挡；健康/业务/适用人群；敏感表达公开尺度。,source_exists=true; material_status=created; sheet_status=reused; preview_status=reused; preview_error=; cached_summary_used=true; route=qwen3-vl-plus->qwen-vl-max; forbidden_models_called=no
ALI003,P0R003,live_cand_0011,pair_0011,rec_001,/Volumes/WD_BLACK/完整直播录屏/今年直播素材/5月13日直播素材.MP4,工具/动作演示 + 发力口令 + 低压跟练收束,02_工具动作演示_发力口令低压跟练收束,00:24:00.000,00:26:00.000,00:24:00.000,00:26:00.000,动作口令/跟练 / 工具/道具演示 / 盆底/产后训练 / 胸部/呼吸练习,方法,qwen3-vl-plus,qwen-vl-max,qwen3-vl-plus,success,,坐姿手臂外展与收拢循环动作,上肢（双臂）、躯干；无明显工具,帧00:00:09.602：双手合十于胸前，准备态,帧00:01:50.418：双臂外展至侧平举，未见回位完成,no,clear,yes,unclear,unclear,unclear,unclear,yes,no,still_blocked_topic_break,存在明显跳题或上下文断裂风险,动作口令/跟练 / 工具/道具演示 / 盆底/产后训练 / 胸部/呼吸练习 -> 坐姿手臂外展与收拢循环动作,no,not_available,/Volumes/WD_BLACK/澜心社剪辑/lanxinse--/outputs/local_manual_review_video_pool/_visual_inputs/02_工具动作演示_发力口令低压跟练收束/ALI003_live_cand_0011_pair_0011_rec_001,,/Volumes/WD_BLACK/澜心社剪辑/lanxinse--/outputs/local_manual_review_video_pool/02_工具动作演示_发力口令低压跟练收束/MR003_live_cand_0011_pair_0011_rec_001,/Volumes/WD_BLACK/澜心社剪辑/lanxinse--/outputs/local_manual_review_video_pool/_visual_inputs/02_工具动作演示_发力口令低压跟练收束/ALI003_live_cand_0011_pair_0011_rec_001/04_视觉证据_contact_sheet.jpg,/Volumes/WD_BLACK/澜心社剪辑/lanxinse--/outputs/local_manual_review_video_pool/_visual_inputs/02_工具动作演示_发力口令低压跟练收束/ALI003_live_cand_0011_pair_0011_rec_001/05_20秒复核预览_preview_20s.mp4,/Volumes/WD_BLACK/澜心社剪辑/lanxinse--/outputs/local_live_A_editor_package/04_工具动作演示_发力口令低压跟练收束/A003_live_cand_0011_pair_0011_rec_001/03_完整上下文_full_context.mp4,画面仅显示坐姿下双臂外展-收拢的片段动作，但未呈现完整周期（如未见回位至起始位）；无任何工具/道具出现，无法确认是否为‘工具/道具演示’；身体部位仅涉及上肢，未见盆底、胸部或呼吸相关视觉线索（如腹部起伏、骨盆带、呼吸节奏提示等）；口播声明含‘盆底/产后训练’‘胸部/呼吸练习’等关键要素，画面未提供对应证据；动作目的与方法功能无法从画面推断；因关键信息缺失且存在多类宣称内容未被视觉支持，保守判断不一致。,ASR 校字；原片听审；动作完整循环；画面遮挡；健康/业务/适用人群；敏感表达公开尺度。,source_exists=true; material_status=created; sheet_status=reused; preview_status=reused; preview_error=; cached_summary_used=true; route=qwen3-vl-plus->qwen-vl-max; forbidden_models_called=no
ALI004,P0R004,live_cand_0012,pair_0012,rec_001,/Volumes/WD_BLACK/完整直播录屏/今年直播素材/5月13日直播素材.MP4,工具/动作演示 + 发力口令 + 低压跟练收束,02_工具动作演示_发力口令低压跟练收束,00:26:00.000,00:28:00.000,00:26:00.000,00:28:00.000,动作口令/跟练 / 工具/道具演示 / 盆底/产后训练 / 胸部/呼吸练习,方法,qwen3-vl-plus,qwen-vl-max,qwen3-vl-plus,success,,双手从体侧上抬至胸前、掌心相对合拢，再缓慢下放回体侧的重复性上肢动作,上肢（双臂、手）、躯干（坐姿稳定）,帧00:00:09.602：双手位于大腿外侧，开始向上抬起,帧00:01:50.418：双手已回落至体侧，动作周期完成；但后续是否继续未知,unclear,clear,yes,unclear,unclear,unclear,unclear,yes,no,still_blocked_topic_break,存在明显跳题或上下文断裂风险,动作口令/跟练 / 工具/道具演示 / 盆底/产后训练 / 胸部/呼吸练习 -> 双手从体侧上抬至胸前、掌心相对合拢，再缓慢下放回体侧的重复性上肢动作,no,not_available,/Volumes/WD_BLACK/澜心社剪辑/lanxinse--/outputs/local_manual_review_video_pool/_visual_inputs/02_工具动作演示_发力口令低压跟练收束/ALI004_live_cand_0012_pair_0012_rec_001,,/Volumes/WD_BLACK/澜心社剪辑/lanxinse--/outputs/local_manual_review_video_pool/02_工具动作演示_发力口令低压跟练收束/MR004_live_cand_0012_pair_0012_rec_001,/Volumes/WD_BLACK/澜心社剪辑/lanxinse--/outputs/local_manual_review_video_pool/_visual_inputs/02_工具动作演示_发力口令低压跟练收束/ALI004_live_cand_0012_pair_0012_rec_001/04_视觉证据_contact_sheet.jpg,/Volumes/WD_BLACK/澜心社剪辑/lanxinse--/outputs/local_manual_review_video_pool/_visual_inputs/02_工具动作演示_发力口令低压跟练收束/ALI004_live_cand_0012_pair_0012_rec_001/05_20秒复核预览_preview_20s.mp4,/Volumes/WD_BLACK/澜心社剪辑/lanxinse--/outputs/local_live_A_editor_package/04_工具动作演示_发力口令低压跟练收束/A004_live_cand_0012_pair_0012_rec_001/03_完整上下文_full_context.mp4,画面仅显示上肢重复动作（类似呼吸配合的手势），未见任何工具/道具、盆底肌或胸部训练相关视觉证据（如骨盆带、呼吸鼓腹、胸腔扩张特写等）；虽为坐姿跟练形式，但无法确认是否对应‘盆底/产后训练’或‘胸部/呼吸练习’的具体方法；动作本身不具唯一性，同类手势可能用于多种目的；无发力口令对应的面部表情或身体张力变化；片段内无动作起止完整循环证据；因口播声明涉及多个专业领域，而画面信息不足以支持任一具体主张，故保守判断为不一致。,ASR 校字；原片听审；动作完整循环；画面遮挡；健康/业务/适用人群；敏感表达公开尺度。,source_exists=true; material_status=created; sheet_status=reused; preview_status=reused; preview_error=; cached_summary_used=true; route=qwen3-vl-plus->qwen-vl-max; forbidden_models_called=no
ALI005,P0R005,live_cand_0013,pair_0013,rec_001,/Volumes/WD_BLACK/完整直播录屏/今年直播素材/5月13日直播素材.MP4,多动作组合 + 同一主题推进 + 轻跟练收束,05_多动作组合_同一主题推进轻跟练收束,00:28:00.000,00:30:00.000,00:28:00.000,00:30:00.000,动作口令/跟练 / 工具/道具演示 / 盆底/产后训练 / 胸部/呼吸练习,风险,qwen3-vl-plus,qwen-vl-max,qwen3-vl-plus,success,,双手合十于胸前→双手放腹→单手抚臂→双手交叉抚肩→单手抚颈,手、胸、腹、臂、肩、颈,帧1：双手合十置于胸前，身体微前倾，准备姿态,帧5：单手轻触颈部，动作暂止，目光注视前方,no,clear,yes,unclear,unclear,unclear,unclear,yes,no,still_blocked_topic_break,存在明显跳题或上下文断裂风险,动作口令/跟练 / 工具/道具演示 / 盆底/产后训练 / 胸部/呼吸练习 -> 双手合十于胸前→双手放腹→单手抚臂→双手交叉抚肩→单手抚颈,no,not_available,/Volumes/WD_BLACK/澜心社剪辑/lanxinse--/outputs/local_manual_review_video_pool/_visual_inputs/05_多动作组合_同一主题推进轻跟练收束/ALI005_live_cand_0013_pair_0013_rec_001,,/Volumes/WD_BLACK/澜心社剪辑/lanxinse--/outputs/local_manual_review_video_pool/05_多动作组合_同一主题推进轻跟练收束/MR005_live_cand_0013_pair_0013_rec_001,/Volumes/WD_BLACK/澜心社剪辑/lanxinse--/outputs/local_manual_review_video_pool/_visual_inputs/05_多动作组合_同一主题推进轻跟练收束/ALI005_live_cand_0013_pair_0013_rec_001/04_视觉证据_contact_sheet.jpg,/Volumes/WD_BLACK/澜心社剪辑/lanxinse--/outputs/local_manual_review_video_pool/_visual_inputs/05_多动作组合_同一主题推进轻跟练收束/ALI005_live_cand_0013_pair_0013_rec_001/05_20秒复核预览_preview_20s.mp4,/Volumes/WD_BLACK/澜心社剪辑/lanxinse--/outputs/local_live_A_editor_package/05_多动作组合_同一主题推进轻跟练收束/A005_live_cand_0013_pair_0013_rec_001/03_完整上下文_full_context.mp4,画面仅呈现连续的手部位置变化（胸前→腹部→臂→肩→颈），无明确工具/道具出现；未见盆底肌、呼吸或产后训练的典型动作特征（如凯格尔、腹式呼吸鼓腹、骨盆卷动等）；动作间无明显功能关联，更似姿势调整或过渡动作；口播声明中‘跟练’‘工具演示’‘盆底/产后训练’‘胸部/呼吸练习’均无法从画面确认对应；因动作不完整、目的不明，存在主题断裂风险，不符合保守一致性要求。,ASR 校字；原片听审；动作完整循环；画面遮挡；健康/业务/适用人群；敏感表达公开尺度。,source_exists=true; material_status=created; sheet_status=reused; preview_status=reused; preview_error=; cached_summary_used=true; route=qwen3-vl-plus->qwen-vl-max; forbidden_models_called=no
ALI006,P0R006,live_cand_0014,pair_0014,rec_001,/Volumes/WD_BLACK/完整直播录屏/今年直播素材/5月13日直播素材.MP4,工具/动作演示 + 发力口令 + 低压跟练收束,02_工具动作演示_发力口令低压跟练收束,00:30:00.000,00:32:00.000,00:30:00.000,00:32:00.000,动作口令/跟练 / 工具/道具演示 / 盆底/产后训练 / 胸部/呼吸练习,风险,qwen3-vl-plus,qwen-vl-max,qwen3-vl-plus,success,,坐姿手臂外展+肩胛后收动作（重复进行）,上肢、肩胛、躯干；无明显工具,双臂从体侧缓慢抬起至水平位，伴随肩胛骨向中线收紧,双臂回落至体侧，肩胛放松，身体恢复中立位,no,clear,yes,unclear,unclear,unclear,unclear,yes,no,still_blocked_topic_break,存在明显跳题或上下文断裂风险,动作口令/跟练 / 工具/道具演示 / 盆底/产后训练 / 胸部/呼吸练习 -> 坐姿手臂外展+肩胛后收动作（重复进行）,no,not_available,/Volumes/WD_BLACK/澜心社剪辑/lanxinse--/outputs/local_manual_review_video_pool/_visual_inputs/02_工具动作演示_发力口令低压跟练收束/ALI006_live_cand_0014_pair_0014_rec_001,,/Volumes/WD_BLACK/澜心社剪辑/lanxinse--/outputs/local_manual_review_video_pool/02_工具动作演示_发力口令低压跟练收束/MR006_live_cand_0014_pair_0014_rec_001,/Volumes/WD_BLACK/澜心社剪辑/lanxinse--/outputs/local_manual_review_video_pool/_visual_inputs/02_工具动作演示_发力口令低压跟练收束/ALI006_live_cand_0014_pair_0014_rec_001/04_视觉证据_contact_sheet.jpg,/Volumes/WD_BLACK/澜心社剪辑/lanxinse--/outputs/local_manual_review_video_pool/_visual_inputs/02_工具动作演示_发力口令低压跟练收束/ALI006_live_cand_0014_pair_0014_rec_001/05_20秒复核预览_preview_20s.mp4,/Volumes/WD_BLACK/澜心社剪辑/lanxinse--/outputs/local_live_A_editor_package/04_工具动作演示_发力口令低压跟练收束/A006_live_cand_0014_pair_0014_rec_001/03_完整上下文_full_context.mp4,画面仅显示重复的坐姿上肢外展动作，未见任何工具/道具；无法确认是否为盆底/产后训练或胸部/呼吸练习相关动作（如无腹式呼吸可见、无盆底肌激活迹象、无呼吸节奏配合）；口播声明含‘工具演示’‘盆底/产后’‘胸部/呼吸’多项，但画面未呈现对应要素；动作循环未完成（帧间为动作中段，无起始/结束完整周期）；因缺乏关键视觉证据支撑声明中的具体问题与功能，保守判断为不一致，存在话题断裂风险。,ASR 校字；原片听审；动作完整循环；画面遮挡；健康/业务/适用人群；敏感表达公开尺度。,source_exists=true; material_status=created; sheet_status=reused; preview_status=reused; preview_error=; cached_summary_used=true; route=qwen3-vl-plus->qwen-vl-max; forbidden_models_called=no
ALI007,P0R007,live_cand_0015,pair_0015,rec_001,/Volumes/WD_BLACK/完整直播录屏/今年直播素材/5月13日直播素材.MP4,多动作组合 + 同一主题推进 + 轻跟练收束,05_多动作组合_同一主题推进轻跟练收束,00:32:00.000,00:34:00.000,00:32:00.000,00:34:00.000,动作口令/跟练 / 胸部/呼吸练习 / 问题问答/原因解释,方法,qwen3-vl-plus,qwen-vl-max,qwen3-vl-plus,success,,双手置于胸部做呼吸配合动作,双手、胸部、腹部,帧00:00:09.602：双手自然下垂，口微张，似准备吸气；帧00:00:33.606：双手抬至胸前，掌心向内轻贴肋骨下方,帧00:01:50.418：双手仍置于胸腹交界处，身体微前倾，似完成一次呼气收束,unclear,clear,yes,yes,unclear,yes,intercut,no,yes,weak_related_need_manual_review,可见动作但动作循环不完整或不确定,动作口令/跟练 / 胸部/呼吸练习 / 问题问答/原因解释 -> 双手置于胸部做呼吸配合动作,no,not_available,/Volumes/WD_BLACK/澜心社剪辑/lanxinse--/outputs/local_manual_review_video_pool/_visual_inputs/05_多动作组合_同一主题推进轻跟练收束/ALI007_live_cand_0015_pair_0015_rec_001,,/Volumes/WD_BLACK/澜心社剪辑/lanxinse--/outputs/local_manual_review_video_pool/05_多动作组合_同一主题推进轻跟练收束/MR007_live_cand_0015_pair_0015_rec_001,/Volumes/WD_BLACK/澜心社剪辑/lanxinse--/outputs/local_manual_review_video_pool/_visual_inputs/05_多动作组合_同一主题推进轻跟练收束/ALI007_live_cand_0015_pair_0015_rec_001/04_视觉证据_contact_sheet.jpg,/Volumes/WD_BLACK/澜心社剪辑/lanxinse--/outputs/local_manual_review_video_pool/_visual_inputs/05_多动作组合_同一主题推进轻跟练收束/ALI007_live_cand_0015_pair_0015_rec_001/05_20秒复核预览_preview_20s.mp4,/Volumes/WD_BLACK/澜心社剪辑/lanxinse--/outputs/local_live_A_editor_package/05_多动作组合_同一主题推进轻跟练收束/A007_live_cand_0015_pair_0015_rec_001/03_完整上下文_full_context.mp4,画面中 presenter 始终在进行胸部区域的手部定位与呼吸配合动作（手贴肋下→轻按胸腹→维持姿势），动作连贯、主题统一；无遮挡，全身可见；虽无法确认口播具体问答内容，但动作与‘胸部/呼吸练习’‘方法’功能一致；各帧间为同一连续动作的不同阶段，属轻跟练收束环节，未出现话题跳转或动作中断。,ASR 校字；原片听审；动作完整循环；画面遮挡；健康/业务/适用人群；敏感表达公开尺度。,source_exists=true; material_status=created; sheet_status=reused; preview_status=reused; preview_error=; cached_summary_used=true; route=qwen3-vl-plus->qwen-vl-max; forbidden_models_called=no
ALI008,P0R008,live_cand_0016,pair_0016,rec_001,/Volumes/WD_BLACK/完整直播录屏/今年直播素材/5月13日直播素材.MP4,工具/动作演示 + 发力口令 + 低压跟练收束,02_工具动作演示_发力口令低压跟练收束,00:34:00.000,00:36:00.000,00:34:00.000,00:36:00.000,动作口令/跟练 / 胸部/呼吸练习 / 误区纠错/风险提醒,风险,qwen3-vl-plus,qwen-vl-max,qwen3-vl-plus,success,,双手置于胸部做缓慢按压/起伏动作,胸部、双手,帧00:00:09.602：双手轻放于胸骨中下段，身体微前倾，准备态,帧00:01:50.418：双手仍置于胸部，姿态未明显变化，无收束动作完成迹象,no,clear,yes,unclear,unclear,unclear,unclear,yes,no,still_blocked_topic_break,存在明显跳题或上下文断裂风险,动作口令/跟练 / 胸部/呼吸练习 / 误区纠错/风险提醒 -> 双手置于胸部做缓慢按压/起伏动作,no,not_available,/Volumes/WD_BLACK/澜心社剪辑/lanxinse--/outputs/local_manual_review_video_pool/_visual_inputs/02_工具动作演示_发力口令低压跟练收束/ALI008_live_cand_0016_pair_0016_rec_001,,/Volumes/WD_BLACK/澜心社剪辑/lanxinse--/outputs/local_manual_review_video_pool/02_工具动作演示_发力口令低压跟练收束/MR008_live_cand_0016_pair_0016_rec_001,/Volumes/WD_BLACK/澜心社剪辑/lanxinse--/outputs/local_manual_review_video_pool/_visual_inputs/02_工具动作演示_发力口令低压跟练收束/ALI008_live_cand_0016_pair_0016_rec_001/04_视觉证据_contact_sheet.jpg,/Volumes/WD_BLACK/澜心社剪辑/lanxinse--/outputs/local_manual_review_video_pool/_visual_inputs/02_工具动作演示_发力口令低压跟练收束/ALI008_live_cand_0016_pair_0016_rec_001/05_20秒复核预览_preview_20s.mp4,/Volumes/WD_BLACK/澜心社剪辑/lanxinse--/outputs/local_live_A_editor_package/04_工具动作演示_发力口令低压跟练收束/A008_live_cand_0016_pair_0016_rec_001/03_完整上下文_full_context.mp4,画面仅显示静态坐姿+双手置胸的重复姿态，无明显发力、呼吸节奏变化或纠错演示；未见口令对应的动作启动/结束/跟练过程；无法确认是否为胸部呼吸练习，更无法判断是否存在误区纠错或风险提醒内容；动作周期未完成（始终维持同一姿势），且无视觉线索支持‘发力口令+低压跟练收束’结构。因此与口播声明中的动作、问题、功能均无法建立保守一致性。,ASR 校字；原片听审；动作完整循环；画面遮挡；健康/业务/适用人群；敏感表达公开尺度。,source_exists=true; material_status=created; sheet_status=reused; preview_status=reused; preview_error=; cached_summary_used=true; route=qwen3-vl-plus->qwen-vl-max; forbidden_models_called=no
ALI009,P0R009,live_cand_0017,pair_0017,rec_001,/Volumes/WD_BLACK/完整直播录屏/今年直播素材/5月13日直播素材.MP4,多动作组合 + 同一主题推进 + 轻跟练收束,05_多动作组合_同一主题推进轻跟练收束,00:36:00.000,00:38:00.000,00:36:00.000,00:38:00.000,胸部/呼吸练习 / 动作/问题关键词命中,方法,qwen3-vl-plus,qwen-vl-max,qwen3-vl-plus,success,,双手置于胸部做缓慢按压/起伏动作,双手、胸部,双手从体侧上移至胸骨中下段，掌心贴肤,双手持续贴于胸部，未明显离开或转换为其他动作,no,clear,yes,yes,unclear,unclear,unclear,no,yes,weak_related_need_manual_review,可见动作但动作循环不完整或不确定,胸部/呼吸练习 / 动作/问题关键词命中 -> 双手置于胸部做缓慢按压/起伏动作,no,not_available,/Volumes/WD_BLACK/澜心社剪辑/lanxinse--/outputs/local_manual_review_video_pool/_visual_inputs/05_多动作组合_同一主题推进轻跟练收束/ALI009_live_cand_0017_pair_0017_rec_001,,/Volumes/WD_BLACK/澜心社剪辑/lanxinse--/outputs/local_manual_review_video_pool/05_多动作组合_同一主题推进轻跟练收束/MR009_live_cand_0017_pair_0017_rec_001,/Volumes/WD_BLACK/澜心社剪辑/lanxinse--/outputs/local_manual_review_video_pool/_visual_inputs/05_多动作组合_同一主题推进轻跟练收束/ALI009_live_cand_0017_pair_0017_rec_001/04_视觉证据_contact_sheet.jpg,/Volumes/WD_BLACK/澜心社剪辑/lanxinse--/outputs/local_manual_review_video_pool/_visual_inputs/05_多动作组合_同一主题推进轻跟练收束/ALI009_live_cand_0017_pair_0017_rec_001/05_20秒复核预览_preview_20s.mp4,/Volumes/WD_BLACK/澜心社剪辑/lanxinse--/outputs/local_live_A_editor_package/05_多动作组合_同一主题推进轻跟练收束/A009_live_cand_0017_pair_0017_rec_001/03_完整上下文_full_context.mp4,五帧均显示同一女性坐姿，双手持续置于胸部做轻柔按压/起伏动作，动作连贯、无中断或切换；画面清晰、无遮挡，主体完整可见；该动作与‘胸部/呼吸练习’口播声明中的动作关键词一致；但因无音频信息，无法确认是否对应同一问题或功能（如呼吸障碍/方法教学），故问题与功能项标unclear；动作未完成完整周期（如吸-呼-复位），故cycle为no；时间跨度内无主题跳跃迹象，topic_break_risk为no；符合切片基础可视一致性要求，可进入编辑任务包。,ASR 校字；原片听审；动作完整循环；画面遮挡；健康/业务/适用人群；敏感表达公开尺度。,source_exists=true; material_status=created; sheet_status=reused; preview_status=reused; preview_error=; cached_summary_used=true; route=qwen3-vl-plus->qwen-vl-max; forbidden_models_called=no
ALI010,P0R010,live_cand_0018,pair_0018,rec_001,/Volumes/WD_BLACK/完整直播录屏/今年直播素材/5月13日直播素材.MP4,痛点/人群点名 + 单动作完整循环 + 坚持建议,03_痛点人群点名_单动作完整循环坚持建议,00:38:00.000,00:40:00.000,00:38:00.000,00:40:00.000,动作口令/跟练 / 工具/道具演示 / 胸部/呼吸练习 / 误区纠错/风险提醒,风险,qwen3-vl-plus,qwen-vl-max,qwen3-vl-plus,success,,双手置于胸部做缓慢按压/抚触动作，伴随呼吸节奏,双手、胸部区域,帧00:00:09.602：双手从体侧抬起至胸前，掌心向内贴于胸骨两侧,帧00:01:50.418：双手仍保持在胸部位置，未明显收回或切换动作,no,clear,yes,unclear,unclear,unclear,unclear,yes,no,still_blocked_topic_break,存在明显跳题或上下文断裂风险,动作口令/跟练 / 工具/道具演示 / 胸部/呼吸练习 / 误区纠错/风险提醒 -> 双手置于胸部做缓慢按压/抚触动作，伴随呼吸节奏,no,not_available,/Volumes/WD_BLACK/澜心社剪辑/lanxinse--/outputs/local_manual_review_video_pool/_visual_inputs/03_痛点人群点名_单动作完整循环坚持建议/ALI010_live_cand_0018_pair_0018_rec_001,,/Volumes/WD_BLACK/澜心社剪辑/lanxinse--/outputs/local_manual_review_video_pool/03_痛点人群点名_单动作完整循环坚持建议/MR010_live_cand_0018_pair_0018_rec_001,/Volumes/WD_BLACK/澜心社剪辑/lanxinse--/outputs/local_manual_review_video_pool/_visual_inputs/03_痛点人群点名_单动作完整循环坚持建议/ALI010_live_cand_0018_pair_0018_rec_001/04_视觉证据_contact_sheet.jpg,/Volumes/WD_BLACK/澜心社剪辑/lanxinse--/outputs/local_manual_review_video_pool/_visual_inputs/03_痛点人群点名_单动作完整循环坚持建议/ALI010_live_cand_0018_pair_0018_rec_001/05_20秒复核预览_preview_20s.mp4,/Volumes/WD_BLACK/澜心社剪辑/lanxinse--/outputs/local_live_A_editor_package/03_痛点人群点名_单动作完整循环坚持建议/A010_live_cand_0018_pair_0018_rec_001/03_完整上下文_full_context.mp4,画面仅显示双手持续置于胸部的静态或微动状态，无明确起始-顶点-回落的完整循环；未见呼吸起伏明显同步、无工具演示、无误区纠错动作（如突然停顿/手势强调错误）；口播声明含‘误区纠错/风险提醒’，但画面无对应视觉线索（如摇头、摆手、指向错误示范等）；动作持续时间长但未完成一个可识别的练习周期，无法确认是否为‘胸部/呼吸练习’的完整单动作循环；因缺乏风险提示相关视觉证据（如表情警示、手势强调危险），不能支持‘功能：风险’的匹配。故保守判断不一致。,ASR 校字；原片听审；动作完整循环；画面遮挡；健康/业务/适用人群；敏感表达公开尺度。,source_exists=true; material_status=created; sheet_status=reused; preview_status=reused; preview_error=; cached_summary_used=true; route=qwen3-vl-plus->qwen-vl-max; forbidden_models_called=no
ALI011,P0R011,live_cand_0019,pair_0019,rec_001,/Volumes/WD_BLACK/完整直播录屏/今年直播素材/5月13日直播素材.MP4,多动作组合 + 同一主题推进 + 轻跟练收束,05_多动作组合_同一主题推进轻跟练收束,00:40:00.000,00:42:00.000,00:40:00.000,00:42:00.000,动作口令/跟练 / 工具/道具演示 / 胸部/呼吸练习 / 问题问答/原因解释,方法,qwen3-vl-plus,qwen-vl-max,qwen3-vl-plus,success,,双手置于胸部做按压/引导式呼吸动作,双手、胸部区域,帧00:00:09.602：双手从体侧抬起至胸前，掌心向内轻贴胸廓,帧00:01:50.418：双手仍保持在胸部位置，未明显撤回或切换动作,no,clear,yes,unclear,unclear,unclear,unclear,no,unclear,weak_related_need_manual_review,可见动作但动作循环不完整或不确定,动作口令/跟练 / 工具/道具演示 / 胸部/呼吸练习 / 问题问答/原因解释 -> 双手置于胸部做按压/引导式呼吸动作,no,not_available,/Volumes/WD_BLACK/澜心社剪辑/lanxinse--/outputs/local_manual_review_video_pool/_visual_inputs/05_多动作组合_同一主题推进轻跟练收束/ALI011_live_cand_0019_pair_0019_rec_001,,/Volumes/WD_BLACK/澜心社剪辑/lanxinse--/outputs/local_manual_review_video_pool/05_多动作组合_同一主题推进轻跟练收束/MR011_live_cand_0019_pair_0019_rec_001,/Volumes/WD_BLACK/澜心社剪辑/lanxinse--/outputs/local_manual_review_video_pool/_visual_inputs/05_多动作组合_同一主题推进轻跟练收束/ALI011_live_cand_0019_pair_0019_rec_001/04_视觉证据_contact_sheet.jpg,/Volumes/WD_BLACK/澜心社剪辑/lanxinse--/outputs/local_manual_review_video_pool/_visual_inputs/05_多动作组合_同一主题推进轻跟练收束/ALI011_live_cand_0019_pair_0019_rec_001/05_20秒复核预览_preview_20s.mp4,/Volumes/WD_BLACK/澜心社剪辑/lanxinse--/outputs/local_live_A_editor_package/05_多动作组合_同一主题推进轻跟练收束/A011_live_cand_0019_pair_0019_rec_001/03_完整上下文_full_context.mp4,画面中呈现连续的胸部手部动作（双手置于胸廓做轻按/引导），但无口播音频信息，无法确认是否对应‘胸部/呼吸练习’口令；动作未完成循环（始终维持同一姿态，无吸-呼-放松等完整周期）；虽主题连贯（持续胸部操作），但因缺乏动作起止与口播时序关联证据，无法判定与声明中的‘动作口令/跟练’‘方法’等功能一致；故多项判断为unclear。,ASR 校字；原片听审；动作完整循环；画面遮挡；健康/业务/适用人群；敏感表达公开尺度。,source_exists=true; material_status=created; sheet_status=reused; preview_status=reused; preview_error=; cached_summary_used=true; route=qwen3-vl-plus->qwen-vl-max; forbidden_models_called=no
ALI012,P0R012,live_cand_0022,pair_0022,rec_001,/Volumes/WD_BLACK/完整直播录屏/今年直播素材/5月13日直播素材.MP4,多动作组合 + 同一主题推进 + 轻跟练收束,05_多动作组合_同一主题推进轻跟练收束,00:46:00.000,00:48:00.000,00:46:00.000,00:48:00.000,盆底/产后训练 / 胸部/呼吸练习 / 问题问答/原因解释 / 误区纠错/风险提醒,方法,qwen3-vl-plus,qwen-vl-max,qwen3-vl-plus,success,,双手置于胸部做呼吸配合动作,胸部、双手,帧00:00:09.602：双手轻放于胸廓中上部，口微张，似准备吸气,帧00:01:50.418：双手仍置于胸部，身体姿态未明显变化，无明确收束动作,no,clear,yes,unclear,unclear,unclear,unclear,unclear,no,weak_related_need_manual_review,可见动作但动作循环不完整或不确定,盆底/产后训练 / 胸部/呼吸练习 / 问题问答/原因解释 / 误区纠错/风险提醒 -> 双手置于胸部做呼吸配合动作,no,not_available,/Volumes/WD_BLACK/澜心社剪辑/lanxinse--/outputs/local_manual_review_video_pool/_visual_inputs/05_多动作组合_同一主题推进轻跟练收束/ALI012_live_cand_0022_pair_0022_rec_001,,/Volumes/WD_BLACK/澜心社剪辑/lanxinse--/outputs/local_manual_review_video_pool/05_多动作组合_同一主题推进轻跟练收束/MR012_live_cand_0022_pair_0022_rec_001,/Volumes/WD_BLACK/澜心社剪辑/lanxinse--/outputs/local_manual_review_video_pool/_visual_inputs/05_多动作组合_同一主题推进轻跟练收束/ALI012_live_cand_0022_pair_0022_rec_001/04_视觉证据_contact_sheet.jpg,/Volumes/WD_BLACK/澜心社剪辑/lanxinse--/outputs/local_manual_review_video_pool/_visual_inputs/05_多动作组合_同一主题推进轻跟练收束/ALI012_live_cand_0022_pair_0022_rec_001/05_20秒复核预览_preview_20s.mp4,/Volumes/WD_BLACK/澜心社剪辑/lanxinse--/outputs/local_live_A_editor_package/05_多动作组合_同一主题推进轻跟练收束/A012_live_cand_0022_pair_0022_rec_001/03_完整上下文_full_context.mp4,画面仅显示 presenter 双手置于胸部的静态或缓慢移动姿态，未呈现完整呼吸周期（如腹式/胸式起伏）、无盆底肌收缩迹象、无问答/纠错等交互行为；无法确认是否对应‘盆底/产后训练’‘胸部/呼吸练习’中的具体方法动作；动作未完成（无呼气/放松收尾），且缺乏上下文支撑‘问题-解释-纠错’逻辑链；仅凭5帧切片无法判断与口播声明在动作、问题、功能上的一致性，故保守判定为不满足进入编辑任务包条件。,ASR 校字；原片听审；动作完整循环；画面遮挡；健康/业务/适用人群；敏感表达公开尺度。,source_exists=true; material_status=created; sheet_status=reused; preview_status=reused; preview_error=; cached_summary_used=true; route=qwen3-vl-plus->qwen-vl-max; forbidden_models_called=no
ALI013,P0R013,live_cand_0023,pair_0023,rec_001,/Volumes/WD_BLACK/完整直播录屏/今年直播素材/5月13日直播素材.MP4,工具/动作演示 + 发力口令 + 低压跟练收束,02_工具动作演示_发力口令低压跟练收束,00:48:00.000,00:50:00.000,00:48:00.000,00:50:00.000,动作口令/跟练 / 胸部/呼吸练习 / 问题问答/原因解释 / 情绪/关系表达,方法,qwen3-vl-plus,qwen-vl-max,qwen3-vl-plus,success,,双手置于胸部前方，缓慢按压或轻抚胸部区域，伴随呼吸起伏,双手、胸部,帧00:00:09.602：双手从体侧抬起至胸前，掌心向内贴于胸廓中上部,帧00:01:50.418：双手仍保持在胸部位置，未明显移开或结束动作,no,clear,yes,unclear,unclear,unclear,unclear,unclear,no,weak_related_need_manual_review,可见动作但动作循环不完整或不确定,动作口令/跟练 / 胸部/呼吸练习 / 问题问答/原因解释 / 情绪/关系表达 -> 双手置于胸部前方，缓慢按压或轻抚胸部区域，伴随呼吸起伏,no,not_available,/Volumes/WD_BLACK/澜心社剪辑/lanxinse--/outputs/local_manual_review_video_pool/_visual_inputs/02_工具动作演示_发力口令低压跟练收束/ALI013_live_cand_0023_pair_0023_rec_001,,/Volumes/WD_BLACK/澜心社剪辑/lanxinse--/outputs/local_manual_review_video_pool/02_工具动作演示_发力口令低压跟练收束/MR013_live_cand_0023_pair_0023_rec_001,/Volumes/WD_BLACK/澜心社剪辑/lanxinse--/outputs/local_manual_review_video_pool/_visual_inputs/02_工具动作演示_发力口令低压跟练收束/ALI013_live_cand_0023_pair_0023_rec_001/04_视觉证据_contact_sheet.jpg,/Volumes/WD_BLACK/澜心社剪辑/lanxinse--/outputs/local_manual_review_video_pool/_visual_inputs/02_工具动作演示_发力口令低压跟练收束/ALI013_live_cand_0023_pair_0023_rec_001/05_20秒复核预览_preview_20s.mp4,/Volumes/WD_BLACK/澜心社剪辑/lanxinse--/outputs/local_live_A_editor_package/04_工具动作演示_发力口令低压跟练收束/A013_live_cand_0023_pair_0023_rec_001/03_完整上下文_full_context.mp4,画面仅显示连续静态姿势（双手置胸），无明显发力、呼吸节奏变化或动作周期完成迹象；无法确认是否为‘胸部/呼吸练习’的完整演示，亦无法判断是否对应‘发力口令’或‘低压跟练收束’结构；口播声明中的‘问题问答/原因解释/情绪表达’等要素在画面中无任何视觉证据；动作持续但未见起始-发展-收束的完整逻辑链，故不能认定与口播声明一致。,ASR 校字；原片听审；动作完整循环；画面遮挡；健康/业务/适用人群；敏感表达公开尺度。,source_exists=true; material_status=created; sheet_status=reused; preview_status=reused; preview_error=; cached_summary_used=true; route=qwen3-vl-plus->qwen-vl-max; forbidden_models_called=no
ALI014,P0R014,live_cand_0024,pair_0024,rec_001,/Volumes/WD_BLACK/完整直播录屏/今年直播素材/5月13日直播素材.MP4,工具/动作演示 + 发力口令 + 低压跟练收束,02_工具动作演示_发力口令低压跟练收束,00:50:00.000,00:52:00.000,00:50:00.000,00:52:00.000,动作口令/跟练 / 盆底/产后训练 / 问题问答/原因解释,方法,qwen3-vl-plus,qwen-vl-max,qwen3-vl-plus,success,,双手交叉置于胸前，配合呼吸做缓慢收腹/肋间内收动作,上半身、双手、腹部,帧00:00:09.602：双手从体侧抬起至胸前交叉，身体微前倾，开始吸气准备,帧00:01:50.418：双手仍交叉于胸前，身体回正，呼气结束姿态,no,clear,yes,unclear,unclear,unclear,unclear,unclear,no,weak_related_need_manual_review,可见动作但动作循环不完整或不确定,动作口令/跟练 / 盆底/产后训练 / 问题问答/原因解释 -> 双手交叉置于胸前，配合呼吸做缓慢收腹/肋间内收动作,no,not_available,/Volumes/WD_BLACK/澜心社剪辑/lanxinse--/outputs/local_manual_review_video_pool/_visual_inputs/02_工具动作演示_发力口令低压跟练收束/ALI014_live_cand_0024_pair_0024_rec_001,,/Volumes/WD_BLACK/澜心社剪辑/lanxinse--/outputs/local_manual_review_video_pool/02_工具动作演示_发力口令低压跟练收束/MR014_live_cand_0024_pair_0024_rec_001,/Volumes/WD_BLACK/澜心社剪辑/lanxinse--/outputs/local_manual_review_video_pool/_visual_inputs/02_工具动作演示_发力口令低压跟练收束/ALI014_live_cand_0024_pair_0024_rec_001/04_视觉证据_contact_sheet.jpg,/Volumes/WD_BLACK/澜心社剪辑/lanxinse--/outputs/local_manual_review_video_pool/_visual_inputs/02_工具动作演示_发力口令低压跟练收束/ALI014_live_cand_0024_pair_0024_rec_001/05_20秒复核预览_preview_20s.mp4,/Volumes/WD_BLACK/澜心社剪辑/lanxinse--/outputs/local_live_A_editor_package/04_工具动作演示_发力口令低压跟练收束/A014_live_cand_0024_pair_0024_rec_001/03_完整上下文_full_context.mp4,画面仅显示上半身重复性手部交叉+微调姿势动作，未见明确盆底肌发力特征（如会阴收缩、骨盆底肌群可见变化），无工具出现；无法确认是否为盆底/产后专项训练动作；动作周期未完成（无明显吸-屏-呼完整节律呈现）；口播声明中‘工具/动作演示 + 发力口令 + 低压跟练收束’结构在画面中无对应视觉证据（无工具、无口令同步提示、无收束动作）。因关键动作细节缺失，无法与声明中的‘盆底/产后训练’动作、问题、功能建立保守一致性。,ASR 校字；原片听审；动作完整循环；画面遮挡；健康/业务/适用人群；敏感表达公开尺度。,source_exists=true; material_status=created; sheet_status=reused; preview_status=reused; preview_error=; cached_summary_used=true; route=qwen3-vl-plus->qwen-vl-max; forbidden_models_called=no
ALI015,P0R015,live_cand_0025,pair_0025,rec_001,/Volumes/WD_BLACK/完整直播录屏/今年直播素材/5月13日直播素材.MP4,多动作组合 + 同一主题推进 + 轻跟练收束,05_多动作组合_同一主题推进轻跟练收束,00:52:00.000,00:54:00.000,00:52:00.000,00:54:00.000,动作口令/跟练 / 盆底/产后训练,痛点,qwen3-vl-plus,qwen-vl-max,qwen3-vl-plus,success,,双手置于下腹部/盆腔区域做按压或轻揉动作，伴随轻微躯干前倾与呼吸配合,下腹部、双手,帧00:00:09.602：双手从体侧移至下腹，掌心贴腹，身体微前倾,帧00:01:50.418：双手仍置于下腹，姿势未明显变化，无收手或转换动作迹象,no,clear,yes,yes,yes,yes,intercut,no,yes,weak_related_need_manual_review,可见动作但动作循环不完整或不确定,动作口令/跟练 / 盆底/产后训练 -> 双手置于下腹部/盆腔区域做按压或轻揉动作，伴随轻微躯干前倾与呼吸配合,no,not_available,/Volumes/WD_BLACK/澜心社剪辑/lanxinse--/outputs/local_manual_review_video_pool/_visual_inputs/05_多动作组合_同一主题推进轻跟练收束/ALI015_live_cand_0025_pair_0025_rec_001,,/Volumes/WD_BLACK/澜心社剪辑/lanxinse--/outputs/local_manual_review_video_pool/05_多动作组合_同一主题推进轻跟练收束/MR015_live_cand_0025_pair_0025_rec_001,/Volumes/WD_BLACK/澜心社剪辑/lanxinse--/outputs/local_manual_review_video_pool/_visual_inputs/05_多动作组合_同一主题推进轻跟练收束/ALI015_live_cand_0025_pair_0025_rec_001/04_视觉证据_contact_sheet.jpg,/Volumes/WD_BLACK/澜心社剪辑/lanxinse--/outputs/local_manual_review_video_pool/_visual_inputs/05_多动作组合_同一主题推进轻跟练收束/ALI015_live_cand_0025_pair_0025_rec_001/05_20秒复核预览_preview_20s.mp4,/Volumes/WD_BLACK/澜心社剪辑/lanxinse--/outputs/local_live_A_editor_package/05_多动作组合_同一主题推进轻跟练收束/A015_live_cand_0025_pair_0025_rec_001/03_完整上下文_full_context.mp4,画面中 presenter 始终双手置于下腹部（盆底/产后训练典型定位），动作连贯、无中断或切换；各帧姿态高度一致，符合‘轻跟练收束’结构中的持续性微动作特征；无遮挡，主体清晰可见；动作目的与口播声明的‘盆底/产后训练’痛点高度一致；虽未见完整呼吸周期或动作重复循环，但作为轻跟练片段，持续维持位姿本身即为训练环节的一部分，符合‘轻跟练收束’定义；时间跨度2秒内多帧呈现同一状态，属合理切片范围。,ASR 校字；原片听审；动作完整循环；画面遮挡；健康/业务/适用人群；敏感表达公开尺度。,source_exists=true; material_status=created; sheet_status=reused; preview_status=reused; preview_error=; cached_summary_used=true; route=qwen3-vl-plus->qwen-vl-max; forbidden_models_called=no
ALI016,P0R016,live_cand_0026,pair_0026,rec_001,/Volumes/WD_BLACK/完整直播录屏/今年直播素材/5月13日直播素材.MP4,工具/动作演示 + 发力口令 + 低压跟练收束,02_工具动作演示_发力口令低压跟练收束,00:56:00.000,00:58:00.000,00:56:00.000,00:58:00.000,胸部/呼吸练习 / 问题问答/原因解释 / 动作/问题关键词命中,方法,qwen3-vl-plus,qwen-vl-max,qwen3-vl-plus,success,,双手置于胸部下方/肋骨区域，配合呼吸做缓慢扩张与回缩动作,双手、胸廓、腹部,帧00:00:09.602：双手轻放于下胸/上腹交界处，身体微前倾，准备态,帧00:01:50.418：双手仍置于同位置，身体姿态未变，无明显收束动作完成迹象,no,clear,yes,unclear,unclear,unclear,unclear,unclear,no,weak_related_need_manual_review,可见动作但动作循环不完整或不确定,胸部/呼吸练习 / 问题问答/原因解释 / 动作/问题关键词命中 -> 双手置于胸部下方/肋骨区域，配合呼吸做缓慢扩张与回缩动作,no,not_available,/Volumes/WD_BLACK/澜心社剪辑/lanxinse--/outputs/local_manual_review_video_pool/_visual_inputs/02_工具动作演示_发力口令低压跟练收束/ALI016_live_cand_0026_pair_0026_rec_001,,/Volumes/WD_BLACK/澜心社剪辑/lanxinse--/outputs/local_manual_review_video_pool/02_工具动作演示_发力口令低压跟练收束/MR016_live_cand_0026_pair_0026_rec_001,/Volumes/WD_BLACK/澜心社剪辑/lanxinse--/outputs/local_manual_review_video_pool/_visual_inputs/02_工具动作演示_发力口令低压跟练收束/ALI016_live_cand_0026_pair_0026_rec_001/04_视觉证据_contact_sheet.jpg,/Volumes/WD_BLACK/澜心社剪辑/lanxinse--/outputs/local_manual_review_video_pool/_visual_inputs/02_工具动作演示_发力口令低压跟练收束/ALI016_live_cand_0026_pair_0026_rec_001/05_20秒复核预览_preview_20s.mp4,/Volumes/WD_BLACK/澜心社剪辑/lanxinse--/outputs/local_live_A_editor_package/04_工具动作演示_发力口令低压跟练收束/A016_live_cand_0026_pair_0026_rec_001/03_完整上下文_full_context.mp4,画面仅显示静态姿势维持与微小手部调整，未呈现完整呼吸-发力-收束循环；无可见口型或字幕佐证口播内容；无法确认是否为‘胸部/呼吸练习’的演示动作，亦无法判断是否对应问题问答或方法说明；动作未完成（无明显吸气扩张→呼气回缩→收束的视觉证据），且时间跨度内无动态变化趋势。按保守原则，不认定与声明一致。,ASR 校字；原片听审；动作完整循环；画面遮挡；健康/业务/适用人群；敏感表达公开尺度。,source_exists=true; material_status=created; sheet_status=reused; preview_status=reused; preview_error=; cached_summary_used=true; route=qwen3-vl-plus->qwen-vl-max; forbidden_models_called=no
ALI017,P0R017,live_cand_0027,pair_0027,rec_001,/Volumes/WD_BLACK/完整直播录屏/今年直播素材/5月13日直播素材.MP4,多动作组合 + 同一主题推进 + 轻跟练收束,05_多动作组合_同一主题推进轻跟练收束,00:58:00.000,01:00:00.000,00:58:00.000,01:00:00.000,动作口令/跟练 / 盆底/产后训练 / 胸部/呼吸练习,方法,qwen3-vl-plus,qwen-vl-max,qwen3-vl-plus,success,,单手置于胸部、另一手置于颈侧/锁骨区，配合呼吸做缓慢胸廓扩张与回缩动作,胸部、颈部/锁骨区域、双手,帧00:00:09.602：双手初始位（一手放胸、一手放颈侧），身体坐正，准备吸气,帧00:01:50.418：仍维持相同手位与体态，未见明显收束或切换动作,no,clear,yes,yes,unclear,unclear,intercut,no,yes,weak_related_need_manual_review,可见动作但动作循环不完整或不确定,动作口令/跟练 / 盆底/产后训练 / 胸部/呼吸练习 -> 单手置于胸部、另一手置于颈侧/锁骨区，配合呼吸做缓慢胸廓扩张与回缩动作,no,not_available,/Volumes/WD_BLACK/澜心社剪辑/lanxinse--/outputs/local_manual_review_video_pool/_visual_inputs/05_多动作组合_同一主题推进轻跟练收束/ALI017_live_cand_0027_pair_0027_rec_001,,/Volumes/WD_BLACK/澜心社剪辑/lanxinse--/outputs/local_manual_review_video_pool/05_多动作组合_同一主题推进轻跟练收束/MR017_live_cand_0027_pair_0027_rec_001,/Volumes/WD_BLACK/澜心社剪辑/lanxinse--/outputs/local_manual_review_video_pool/_visual_inputs/05_多动作组合_同一主题推进轻跟练收束/ALI017_live_cand_0027_pair_0027_rec_001/04_视觉证据_contact_sheet.jpg,/Volumes/WD_BLACK/澜心社剪辑/lanxinse--/outputs/local_manual_review_video_pool/_visual_inputs/05_多动作组合_同一主题推进轻跟练收束/ALI017_live_cand_0027_pair_0027_rec_001/05_20秒复核预览_preview_20s.mp4,/Volumes/WD_BLACK/澜心社剪辑/lanxinse--/outputs/local_live_A_editor_package/05_多动作组合_同一主题推进轻跟练收束/A017_live_cand_0027_pair_0027_rec_001/03_完整上下文_full_context.mp4,画面中呈现连续坐姿呼吸练习：双手分别置于胸部与颈侧，伴随胸廓起伏，符合‘胸部/呼吸练习’口播声明；动作一致、无中断或跳转；虽无法确认是否针对盆底/产后问题（问题声明模糊），但动作本身与‘胸部/呼吸练习’匹配；功能为方法性演示，画面完整清晰，可进入剪辑任务包。,ASR 校字；原片听审；动作完整循环；画面遮挡；健康/业务/适用人群；敏感表达公开尺度。,source_exists=true; material_status=created; sheet_status=reused; preview_status=reused; preview_error=; cached_summary_used=true; route=qwen3-vl-plus->qwen-vl-max; forbidden_models_called=no
ALI018,P0R018,live_cand_0028,pair_0028,rec_001,/Volumes/WD_BLACK/完整直播录屏/今年直播素材/5月13日直播素材.MP4,多动作组合 + 同一主题推进 + 轻跟练收束,05_多动作组合_同一主题推进轻跟练收束,01:00:00.000,01:02:00.000,01:00:00.000,01:02:00.000,动作口令/跟练 / 盆底/产后训练 / 胸部/呼吸练习 / 问题问答/原因解释,风险,qwen3-vl-plus,qwen-vl-max,qwen3-vl-plus,success,,单手置于对侧胸部、另一手置于同侧肋下/上腹，配合呼吸做轻柔按压或引导式动作,胸部、肋下/上腹部、双手,帧00:00:09.602中，双手已置于胸部与肋下位置，呈准备态；后续帧中手位基本维持，无明显起始动态,帧00:01:50.418仍保持相同手位与坐姿，无明确收束动作,no,clear,yes,unclear,unclear,unclear,unclear,yes,no,still_blocked_topic_break,存在明显跳题或上下文断裂风险,动作口令/跟练 / 盆底/产后训练 / 胸部/呼吸练习 / 问题问答/原因解释 -> 单手置于对侧胸部、另一手置于同侧肋下/上腹，配合呼吸做轻柔按压或引导式动作,no,not_available,/Volumes/WD_BLACK/澜心社剪辑/lanxinse--/outputs/local_manual_review_video_pool/_visual_inputs/05_多动作组合_同一主题推进轻跟练收束/ALI018_live_cand_0028_pair_0028_rec_001,,/Volumes/WD_BLACK/澜心社剪辑/lanxinse--/outputs/local_manual_review_video_pool/05_多动作组合_同一主题推进轻跟练收束/MR018_live_cand_0028_pair_0028_rec_001,/Volumes/WD_BLACK/澜心社剪辑/lanxinse--/outputs/local_manual_review_video_pool/_visual_inputs/05_多动作组合_同一主题推进轻跟练收束/ALI018_live_cand_0028_pair_0028_rec_001/04_视觉证据_contact_sheet.jpg,/Volumes/WD_BLACK/澜心社剪辑/lanxinse--/outputs/local_manual_review_video_pool/_visual_inputs/05_多动作组合_同一主题推进轻跟练收束/ALI018_live_cand_0028_pair_0028_rec_001/05_20秒复核预览_preview_20s.mp4,/Volumes/WD_BLACK/澜心社剪辑/lanxinse--/outputs/local_live_A_editor_package/05_多动作组合_同一主题推进轻跟练收束/A018_live_cand_0028_pair_0028_rec_001/03_完整上下文_full_context.mp4,画面仅显示静态手位维持（胸部+肋下），未见明显呼吸起伏、肌肉收缩或动作周期变化；无法确认是否为‘呼吸练习’或‘盆底/产后训练’中的具体动作；无动作起止线索，循环不完整；口播声明含多类动作（盆底、胸部、呼吸、问答），但画面仅呈现单一姿态，无法验证与任一声明动作/问题/目的的对应关系；存在主题混杂风险，故判定topic_break_risk为yes，不可进入编辑任务包。,ASR 校字；原片听审；动作完整循环；画面遮挡；健康/业务/适用人群；敏感表达公开尺度。,source_exists=true; material_status=created; sheet_status=reused; preview_status=reused; preview_error=; cached_summary_used=true; route=qwen3-vl-plus->qwen-vl-max; forbidden_models_called=no
ALI019,P0R019,live_cand_0030,pair_0030,rec_001,/Volumes/WD_BLACK/完整直播录屏/今年直播素材/5月13日直播素材.MP4,误区/错误先抛 + 正确动作对比 + 原因解释,04_误区错误纠正_错误动作正确动作原因解释,01:04:00.000,01:06:00.000,01:04:00.000,01:06:00.000,动作口令/跟练 / 盆底/产后训练 / 问题问答/原因解释 / 误区纠错/风险提醒,风险,qwen3-vl-plus,qwen-vl-max,qwen3-vl-plus,success,,双手置于胸部下方、肋骨区域，做轻按或引导式触碰动作,双手、胸下/肋骨区（非盆底）,帧00:00:09.602中，双手从体侧抬起至胸下位置,帧00:01:50.418中，双手仍维持在相同位置，未见明显收手或转换,no,clear,yes,no,no,no,unclear,yes,no,logic_mismatch_reject,视觉动作与口播动作/问题/目的不一致,动作口令/跟练 / 盆底/产后训练 / 问题问答/原因解释 / 误区纠错/风险提醒 -> 双手置于胸部下方、肋骨区域，做轻按或引导式触碰动作,no,not_available,/Volumes/WD_BLACK/澜心社剪辑/lanxinse--/outputs/local_manual_review_video_pool/_visual_inputs/04_误区错误纠正_错误动作正确动作原因解释/ALI019_live_cand_0030_pair_0030_rec_001,,/Volumes/WD_BLACK/澜心社剪辑/lanxinse--/outputs/local_manual_review_video_pool/04_误区错误纠正_错误动作正确动作原因解释/MR019_live_cand_0030_pair_0030_rec_001,/Volumes/WD_BLACK/澜心社剪辑/lanxinse--/outputs/local_manual_review_video_pool/_visual_inputs/04_误区错误纠正_错误动作正确动作原因解释/ALI019_live_cand_0030_pair_0030_rec_001/04_视觉证据_contact_sheet.jpg,/Volumes/WD_BLACK/澜心社剪辑/lanxinse--/outputs/local_manual_review_video_pool/_visual_inputs/04_误区错误纠正_错误动作正确动作原因解释/ALI019_live_cand_0030_pair_0030_rec_001/05_20秒复核预览_preview_20s.mp4,/Volumes/WD_BLACK/澜心社剪辑/lanxinse--/outputs/local_live_A_editor_package/01_误区错误纠正_错误动作正确动作原因解释/A019_live_cand_0030_pair_0030_rec_001/03_完整上下文_full_context.mp4,画面中动作集中于胸下/肋骨区域触碰，未呈现任何盆底肌训练相关动作（如会阴收缩、骨盆卷动、凯格尔示意等）；无工具、无体位变化；动作持续静态维持，无完整周期；口播声明明确指向‘盆底/产后训练’‘误区纠错’‘风险’，但视觉内容与之不匹配，存在显著主题偏离风险。,ASR 校字；原片听审；动作完整循环；画面遮挡；健康/业务/适用人群；敏感表达公开尺度。,source_exists=true; material_status=created; sheet_status=reused; preview_status=reused; preview_error=; cached_summary_used=true; route=qwen3-vl-plus->qwen-vl-max; forbidden_models_called=no
ALI020,P0R020,live_cand_0031,pair_0031,rec_001,/Volumes/WD_BLACK/完整直播录屏/今年直播素材/5月13日直播素材.MP4,多动作组合 + 同一主题推进 + 轻跟练收束,05_多动作组合_同一主题推进轻跟练收束,01:06:00.000,01:08:00.000,01:06:00.000,01:08:00.000,胸部/呼吸练习 / 问题问答/原因解释 / 误区纠错/风险提醒 / 动作/问题关键词命中,风险,qwen3-vl-plus,qwen-vl-max,qwen-vl-max,success,qwen3-vl-plus:failed:The read operation timed out,手部动作演示，指向胸部区域,胸部,双手从身体两侧抬起，手指指向胸部区域,双手保持在胸部区域，呈解释性手势,yes,clear,yes,yes,yes,yes,intercut,no,yes,true_pair,视觉动作、口播同一点、动作循环、遮挡和顺序字段均满足 P0 闸门,胸部/呼吸练习 / 问题问答/原因解释 / 误区纠错/风险提醒 / 动作/问题关键词命中 -> 手部动作演示，指向胸部区域,yes_pending_user_review,not_available,/Volumes/WD_BLACK/澜心社剪辑/lanxinse--/outputs/local_manual_review_video_pool/_visual_inputs/05_多动作组合_同一主题推进轻跟练收束/ALI020_live_cand_0031_pair_0031_rec_001,/Volumes/WD_BLACK/澜心社剪辑/lanxinse--/outputs/local_true_pair_video_package/05_多动作组合_同一主题推进轻跟练收束/TP001_live_cand_0031_pair_0031_rec_001,,/Volumes/WD_BLACK/澜心社剪辑/lanxinse--/outputs/local_manual_review_video_pool/_visual_inputs/05_多动作组合_同一主题推进轻跟练收束/ALI020_live_cand_0031_pair_0031_rec_001/04_视觉证据_contact_sheet.jpg,/Volumes/WD_BLACK/澜心社剪辑/lanxinse--/outputs/local_manual_review_video_pool/_visual_inputs/05_多动作组合_同一主题推进轻跟练收束/ALI020_live_cand_0031_pair_0031_rec_001/05_20秒复核预览_preview_20s.mp4,/Volumes/WD_BLACK/澜心社剪辑/lanxinse--/outputs/local_live_A_editor_package/05_多动作组合_同一主题推进轻跟练收束/A020_live_cand_0031_pair_0031_rec_001/03_完整上下文_full_context.mp4,画面中人物持续进行胸部区域的手势演示，动作连贯且完整，与口播声明中的‘胸部/呼吸练习’和‘误区纠错/风险提醒’一致。动作与讲解交替出现，符合‘intercut’逻辑，无明显话题断裂，视觉清晰，可进入编辑任务包。,ASR 校字；原片听审；动作完整循环；画面遮挡；健康/业务/适用人群；敏感表达公开尺度。,source_exists=true; material_status=created; sheet_status=reused; preview_status=reused; preview_error=; cached_summary_used=true; route=qwen3-vl-plus->qwen-vl-max; forbidden_models_called=no
ALI021,P0R021,live_cand_0032,pair_0032,rec_001,/Volumes/WD_BLACK/完整直播录屏/今年直播素材/5月13日直播素材.MP4,多动作组合 + 同一主题推进 + 轻跟练收束,05_多动作组合_同一主题推进轻跟练收束,01:08:00.000,01:10:00.000,01:08:00.000,01:10:00.000,动作口令/跟练 / 胸部/呼吸练习,方法,qwen3-vl-plus,qwen-vl-max,qwen3-vl-plus,success,,双手交替按压/抚摸胸部区域，配合轻微身体前倾与坐姿调整,胸部、双手,帧00:00:09.602：双手置于胸前，右手开始向左胸方向移动并轻触,帧00:01:50.418：左手仍在右胸区域施加压力，动作未明显收束或切换至新动作,no,clear,yes,yes,unclear,unclear,unclear,no,unclear,weak_related_need_manual_review,可见动作但动作循环不完整或不确定,动作口令/跟练 / 胸部/呼吸练习 -> 双手交替按压/抚摸胸部区域，配合轻微身体前倾与坐姿调整,no,not_available,/Volumes/WD_BLACK/澜心社剪辑/lanxinse--/outputs/local_manual_review_video_pool/_visual_inputs/05_多动作组合_同一主题推进轻跟练收束/ALI021_live_cand_0032_pair_0032_rec_001,,/Volumes/WD_BLACK/澜心社剪辑/lanxinse--/outputs/local_manual_review_video_pool/05_多动作组合_同一主题推进轻跟练收束/MR020_live_cand_0032_pair_0032_rec_001,/Volumes/WD_BLACK/澜心社剪辑/lanxinse--/outputs/local_manual_review_video_pool/_visual_inputs/05_多动作组合_同一主题推进轻跟练收束/ALI021_live_cand_0032_pair_0032_rec_001/04_视觉证据_contact_sheet.jpg,/Volumes/WD_BLACK/澜心社剪辑/lanxinse--/outputs/local_manual_review_video_pool/_visual_inputs/05_多动作组合_同一主题推进轻跟练收束/ALI021_live_cand_0032_pair_0032_rec_001/05_20秒复核预览_preview_20s.mp4,/Volumes/WD_BLACK/澜心社剪辑/lanxinse--/outputs/local_live_A_editor_package/05_多动作组合_同一主题推进轻跟练收束/A021_live_cand_0032_pair_0032_rec_001/03_完整上下文_full_context.mp4,画面中可见 presenter 坐姿下双手交替在胸部区域进行按压/抚摸类动作，符合‘胸部/呼吸练习’的口播动作描述；但无法从静态帧确认是否为呼吸配合动作（如肋骨扩张/收缩），亦无法判断是否针对特定问题（如呼吸浅表）或实现方法功能（如教学步骤）；动作呈连续性但未见完整循环（如吸-呼-停节奏）；无遮挡， presenter 全身清晰可见；因缺乏动态过程与口播同步信息，序列逻辑与功能一致性无法确认，故保守判为 unclear。,ASR 校字；原片听审；动作完整循环；画面遮挡；健康/业务/适用人群；敏感表达公开尺度。,source_exists=true; material_status=created; sheet_status=reused; preview_status=reused; preview_error=; cached_summary_used=true; route=qwen3-vl-plus->qwen-vl-max; forbidden_models_called=no
ALI022,P0R022,live_cand_0033,pair_0033,rec_001,/Volumes/WD_BLACK/完整直播录屏/今年直播素材/5月13日直播素材.MP4,多动作组合 + 同一主题推进 + 轻跟练收束,05_多动作组合_同一主题推进轻跟练收束,01:10:00.000,01:12:00.000,01:10:00.000,01:12:00.000,动作口令/跟练 / 胸部/呼吸练习 / 问题问答/原因解释,方法,qwen3-vl-plus,qwen-vl-max,qwen3-vl-plus,success,,双手置于胸部做按压/展开动作，伴随呼吸节奏,双手、胸部,帧00:00:09.602：双手从体侧上抬至胸前，掌心向内贴合胸廓,帧00:01:50.418：双手已放下，自然交叠于腹前，身体静止,yes,clear,yes,yes,unclear,yes,intercut,no,yes,weak_related_need_manual_review,视觉与口播存在相关性，但同动作/同问题/同目的没有全部成立,动作口令/跟练 / 胸部/呼吸练习 / 问题问答/原因解释 -> 双手置于胸部做按压/展开动作，伴随呼吸节奏,no,not_available,/Volumes/WD_BLACK/澜心社剪辑/lanxinse--/outputs/local_manual_review_video_pool/_visual_inputs/05_多动作组合_同一主题推进轻跟练收束/ALI022_live_cand_0033_pair_0033_rec_001,,/Volumes/WD_BLACK/澜心社剪辑/lanxinse--/outputs/local_manual_review_video_pool/05_多动作组合_同一主题推进轻跟练收束/MR021_live_cand_0033_pair_0033_rec_001,/Volumes/WD_BLACK/澜心社剪辑/lanxinse--/outputs/local_manual_review_video_pool/_visual_inputs/05_多动作组合_同一主题推进轻跟练收束/ALI022_live_cand_0033_pair_0033_rec_001/04_视觉证据_contact_sheet.jpg,/Volumes/WD_BLACK/澜心社剪辑/lanxinse--/outputs/local_manual_review_video_pool/_visual_inputs/05_多动作组合_同一主题推进轻跟练收束/ALI022_live_cand_0033_pair_0033_rec_001/05_20秒复核预览_preview_20s.mp4,/Volumes/WD_BLACK/澜心社剪辑/lanxinse--/outputs/local_live_A_editor_package/05_多动作组合_同一主题推进轻跟练收束/A022_live_cand_0033_pair_0033_rec_001/03_完整上下文_full_context.mp4,五帧清晰显示同一人连续完成胸部呼吸练习动作：起始（双手上提贴胸）、中段（维持按压/展开姿态）、收束（手放腹前静止），动作连贯完整；口播声明含‘胸部/呼吸练习’与‘跟练’，画面动作匹配；无遮挡， presenter 全身可见；虽无法确认具体问答内容，但动作目的（方法演示）与声明一致；时间跨度内动作未中断，主题未偏移。,ASR 校字；原片听审；动作完整循环；画面遮挡；健康/业务/适用人群；敏感表达公开尺度。,source_exists=true; material_status=created; sheet_status=reused; preview_status=reused; preview_error=; cached_summary_used=true; route=qwen3-vl-plus->qwen-vl-max; forbidden_models_called=no
ALI023,P0R023,live_cand_0034,pair_0034,rec_001,/Volumes/WD_BLACK/完整直播录屏/今年直播素材/5月13日直播素材.MP4,误区/错误先抛 + 正确动作对比 + 原因解释,04_误区错误纠正_错误动作正确动作原因解释,01:12:00.000,01:14:00.000,01:12:00.000,01:14:00.000,动作口令/跟练 / 胸部/呼吸练习 / 问题问答/原因解释 / 误区纠错/风险提醒,风险,qwen3-vl-plus,qwen-vl-max,qwen3-vl-plus,success,,手部在胸部区域做按压/引导动作，伴随呼吸节奏的坐姿演示,双手、胸部、腹部,帧00:00:09.602：双手置于胸前，掌心向内轻贴肋骨下缘，身体微前倾，口型张开似讲解,帧00:01:50.418：右手抬至颈侧，左手仍置于上腹，身体稍后仰，动作未回归起始位，无明显收势,no,clear,yes,unclear,unclear,unclear,intercut,yes,no,still_blocked_topic_break,存在明显跳题或上下文断裂风险,动作口令/跟练 / 胸部/呼吸练习 / 问题问答/原因解释 / 误区纠错/风险提醒 -> 手部在胸部区域做按压/引导动作，伴随呼吸节奏的坐姿演示,no,not_available,/Volumes/WD_BLACK/澜心社剪辑/lanxinse--/outputs/local_manual_review_video_pool/_visual_inputs/04_误区错误纠正_错误动作正确动作原因解释/ALI023_live_cand_0034_pair_0034_rec_001,,/Volumes/WD_BLACK/澜心社剪辑/lanxinse--/outputs/local_manual_review_video_pool/04_误区错误纠正_错误动作正确动作原因解释/MR022_live_cand_0034_pair_0034_rec_001,/Volumes/WD_BLACK/澜心社剪辑/lanxinse--/outputs/local_manual_review_video_pool/_visual_inputs/04_误区错误纠正_错误动作正确动作原因解释/ALI023_live_cand_0034_pair_0034_rec_001/04_视觉证据_contact_sheet.jpg,/Volumes/WD_BLACK/澜心社剪辑/lanxinse--/outputs/local_manual_review_video_pool/_visual_inputs/04_误区错误纠正_错误动作正确动作原因解释/ALI023_live_cand_0034_pair_0034_rec_001/05_20秒复核预览_preview_20s.mp4,/Volumes/WD_BLACK/澜心社剪辑/lanxinse--/outputs/local_live_A_editor_package/01_误区错误纠正_错误动作正确动作原因解释/A023_live_cand_0034_pair_0034_rec_001/03_完整上下文_full_context.mp4,"画面仅显示静态关键帧，无法确认是否为连续跟练动作；各帧中手部位置变化（胸前→展开→单手抚胸→单手移至颈侧）缺乏连贯性与重复周期，不构成完整呼吸/胸部练习动作链；未见明显‘误区演示’对比环节（如错误姿势特写），也无风险提醒的视觉线索（如警示手势、表情紧张等）；口播声明要求‘误区/错误先抛+正确动作对比+原因解释’三段结构,但画面仅呈现单一人物演示片段，无法验证结构完整性与内容对应性；因此不能确认与口播声明在动作、问题、功能上一致，存在话题断裂风险。",ASR 校字；原片听审；动作完整循环；画面遮挡；健康/业务/适用人群；敏感表达公开尺度。,source_exists=true; material_status=created; sheet_status=reused; preview_status=reused; preview_error=; cached_summary_used=true; route=qwen3-vl-plus->qwen-vl-max; forbidden_models_called=no
ALI024,P0R024,live_cand_0035,pair_0035,rec_001,/Volumes/WD_BLACK/完整直播录屏/今年直播素材/5月13日直播素材.MP4,多动作组合 + 同一主题推进 + 轻跟练收束,05_多动作组合_同一主题推进轻跟练收束,01:14:00.000,01:16:00.000,01:14:00.000,01:16:00.000,动作口令/跟练 / 盆底/产后训练 / 胸部/呼吸练习 / 问题问答/原因解释,方法,qwen3-vl-plus,qwen-vl-max,qwen3-vl-plus,success,,站立位上肢与躯干配合的轻幅度动作序列（含手部抬举、胸廓展开、微屈膝）,胸部、肩部、手臂、腹部（可见腹式呼吸起伏）、下肢（微屈膝）,帧1（00:00:09.602）：双手置于腰侧，身体直立，准备姿态,帧5（00:01:50.418）：双手回落至腰侧，身体回正，面带微笑，动作收束完成态,yes,clear,yes,unclear,unclear,unclear,unclear,no,unclear,weak_related_need_manual_review,视觉与口播存在相关性，但同动作/同问题/同目的没有全部成立,动作口令/跟练 / 盆底/产后训练 / 胸部/呼吸练习 / 问题问答/原因解释 -> 站立位上肢与躯干配合的轻幅度动作序列（含手部抬举、胸廓展开、微屈膝）,no,not_available,/Volumes/WD_BLACK/澜心社剪辑/lanxinse--/outputs/local_manual_review_video_pool/_visual_inputs/05_多动作组合_同一主题推进轻跟练收束/ALI024_live_cand_0035_pair_0035_rec_001,,/Volumes/WD_BLACK/澜心社剪辑/lanxinse--/outputs/local_manual_review_video_pool/05_多动作组合_同一主题推进轻跟练收束/MR023_live_cand_0035_pair_0035_rec_001,/Volumes/WD_BLACK/澜心社剪辑/lanxinse--/outputs/local_manual_review_video_pool/_visual_inputs/05_多动作组合_同一主题推进轻跟练收束/ALI024_live_cand_0035_pair_0035_rec_001/04_视觉证据_contact_sheet.jpg,/Volumes/WD_BLACK/澜心社剪辑/lanxinse--/outputs/local_manual_review_video_pool/_visual_inputs/05_多动作组合_同一主题推进轻跟练收束/ALI024_live_cand_0035_pair_0035_rec_001/05_20秒复核预览_preview_20s.mp4,/Volumes/WD_BLACK/澜心社剪辑/lanxinse--/outputs/local_live_A_editor_package/05_多动作组合_同一主题推进轻跟练收束/A024_live_cand_0035_pair_0035_rec_001/03_完整上下文_full_context.mp4,"画面中呈现连续5帧动作序列：从起始站姿→双臂外展+胸廓打开→手抬至面部附近→单臂上举+对侧屈膝→回归起始站姿，动作连贯、节奏舒缓，符合轻跟练特征；但无法从画面确认是否为盆底/产后训练或胸部/呼吸专项练习（无骨盆区域特写、无呼吸指示动作如手放腹部/肋间）；口播声明含‘问题问答/原因解释’，但画面无提问/解释行为（如手势指向、停顿凝视等）；因缺乏口播音频与画面同步信息, 无法判断动作与口播内容是否一致，故same_*字段均为unclear；动作本身完整、无遮挡、主持人全程可见，主题未中断，但不足以支持进入编辑任务包（需确认口播匹配性）。",ASR 校字；原片听审；动作完整循环；画面遮挡；健康/业务/适用人群；敏感表达公开尺度。,source_exists=true; material_status=created; sheet_status=reused; preview_status=reused; preview_error=; cached_summary_used=true; route=qwen3-vl-plus->qwen-vl-max; forbidden_models_called=no
ALI025,P0R025,live_cand_0036,pair_0036,rec_001,/Volumes/WD_BLACK/完整直播录屏/今年直播素材/5月13日直播素材.MP4,多动作组合 + 同一主题推进 + 轻跟练收束,05_多动作组合_同一主题推进轻跟练收束,01:16:00.000,01:18:00.000,01:16:00.000,01:18:00.000,动作口令/跟练 / 胸部/呼吸练习 / 问题问答/原因解释,方法,qwen3-vl-plus,qwen-vl-max,qwen3-vl-plus,success,,双手交叉于胸前做推展/拉伸动作，伴随上肢小幅摆动,胸部、双臂、肩部,帧00:00:09.602：双手置于对侧肋下，身体微前倾，准备启动,帧00:01:50.418：双手回至体侧，手臂自然下垂，姿态放松,unclear,clear,yes,unclear,unclear,unclear,unclear,unclear,unclear,weak_related_need_manual_review,可见动作但动作循环不完整或不确定,动作口令/跟练 / 胸部/呼吸练习 / 问题问答/原因解释 -> 双手交叉于胸前做推展/拉伸动作，伴随上肢小幅摆动,no,not_available,/Volumes/WD_BLACK/澜心社剪辑/lanxinse--/outputs/local_manual_review_video_pool/_visual_inputs/05_多动作组合_同一主题推进轻跟练收束/ALI025_live_cand_0036_pair_0036_rec_001,,/Volumes/WD_BLACK/澜心社剪辑/lanxinse--/outputs/local_manual_review_video_pool/05_多动作组合_同一主题推进轻跟练收束/MR024_live_cand_0036_pair_0036_rec_001,/Volumes/WD_BLACK/澜心社剪辑/lanxinse--/outputs/local_manual_review_video_pool/_visual_inputs/05_多动作组合_同一主题推进轻跟练收束/ALI025_live_cand_0036_pair_0036_rec_001/04_视觉证据_contact_sheet.jpg,/Volumes/WD_BLACK/澜心社剪辑/lanxinse--/outputs/local_manual_review_video_pool/_visual_inputs/05_多动作组合_同一主题推进轻跟练收束/ALI025_live_cand_0036_pair_0036_rec_001/05_20秒复核预览_preview_20s.mp4,/Volumes/WD_BLACK/澜心社剪辑/lanxinse--/outputs/local_live_A_editor_package/05_多动作组合_同一主题推进轻跟练收束/A025_live_cand_0036_pair_0036_rec_001/03_完整上下文_full_context.mp4,画面显示连续多帧中 presenter 执行类似胸部区域的上肢动作（如交叉推展、抬臂遮面、侧展），但无法确认是否为呼吸练习或跟练口令对应的具体动作；无口播音频信息，仅凭视觉无法判断动作是否完整循环、是否与‘胸部/呼吸练习’声明一致；动作目的（方法性）及问题解释部分完全无法从画面推断；各帧间动作有变化但缺乏连贯性证据，故多项判断为unclear。,ASR 校字；原片听审；动作完整循环；画面遮挡；健康/业务/适用人群；敏感表达公开尺度。,source_exists=true; material_status=created; sheet_status=reused; preview_status=reused; preview_error=; cached_summary_used=true; route=qwen3-vl-plus->qwen-vl-max; forbidden_models_called=no
ALI026,P0R026,live_cand_0049,pair_0049,rec_001,/Volumes/WD_BLACK/完整直播录屏/今年直播素材/5月13日直播素材.MP4,多动作组合 + 同一主题推进 + 轻跟练收束,05_多动作组合_同一主题推进轻跟练收束,01:42:00.000,01:44:00.000,01:42:00.000,01:44:00.000,问题问答/原因解释 / 误区纠错/风险提醒 / 情绪/关系表达 / 动作/问题关键词命中,风险,qwen3-vl-plus,qwen-vl-max,qwen3-vl-plus,success,,坐姿讲解配合手势表达,上半身、双手,帧00:00:09.602中 presenter 坐定，双手合于腹前，口型开启，进入讲解状态,帧00:01:50.418中 presenter 双手张开呈解释状，身体微前倾，仍处于讲话状态，无明显收束动作,no,clear,yes,unclear,unclear,unclear,unclear,no,no,weak_related_need_manual_review,可见动作但动作循环不完整或不确定,问题问答/原因解释 / 误区纠错/风险提醒 / 情绪/关系表达 / 动作/问题关键词命中 -> 坐姿讲解配合手势表达,no,not_available,/Volumes/WD_BLACK/澜心社剪辑/lanxinse--/outputs/local_manual_review_video_pool/_visual_inputs/05_多动作组合_同一主题推进轻跟练收束/ALI026_live_cand_0049_pair_0049_rec_001,,/Volumes/WD_BLACK/澜心社剪辑/lanxinse--/outputs/local_manual_review_video_pool/05_多动作组合_同一主题推进轻跟练收束/MR025_live_cand_0049_pair_0049_rec_001,/Volumes/WD_BLACK/澜心社剪辑/lanxinse--/outputs/local_manual_review_video_pool/_visual_inputs/05_多动作组合_同一主题推进轻跟练收束/ALI026_live_cand_0049_pair_0049_rec_001/04_视觉证据_contact_sheet.jpg,/Volumes/WD_BLACK/澜心社剪辑/lanxinse--/outputs/local_manual_review_video_pool/_visual_inputs/05_多动作组合_同一主题推进轻跟练收束/ALI026_live_cand_0049_pair_0049_rec_001/05_20秒复核预览_preview_20s.mp4,/Volumes/WD_BLACK/澜心社剪辑/lanxinse--/outputs/local_live_A_editor_package/05_多动作组合_同一主题推进轻跟练收束/A026_live_cand_0049_pair_0049_rec_001/03_完整上下文_full_context.mp4,画面仅显示 presenter 坐姿讲解并配合手势，无明确动作执行（如拉伸、按压等），无法确认是否对应‘问题问答/原因解释/误区纠错/风险提醒’中的具体动作或问题；所有帧均为连续讲解姿态，无动作起止变化，无法判断动作完整性或与口播声明的匹配性；虽画面清晰、人物完整可见，但缺乏可验证的‘动作-问题-功能’三者一致的视觉证据，故保守判定为不满足进入编辑任务包条件。,ASR 校字；原片听审；动作完整循环；画面遮挡；健康/业务/适用人群；敏感表达公开尺度。,source_exists=true; material_status=created; sheet_status=reused; preview_status=reused; preview_error=; cached_summary_used=true; route=qwen3-vl-plus->qwen-vl-max; forbidden_models_called=no
ALI027,P0R027,live_cand_0051,pair_0051,rec_001,/Volumes/WD_BLACK/完整直播录屏/今年直播素材/5月13日直播素材.MP4,误区/错误先抛 + 正确动作对比 + 原因解释,04_误区错误纠正_错误动作正确动作原因解释,01:46:00.000,01:48:00.000,01:46:00.000,01:48:00.000,问题问答/原因解释 / 误区纠错/风险提醒 / 情绪/关系表达 / 动作/问题关键词命中,风险,qwen3-vl-plus,qwen-vl-max,qwen3-vl-plus,success,,双手在胸前做手势（类似解释、强调或比划）,双手、上半身,帧00:00:09.602：双手从自然下放位置抬起至胸前，掌心相对,帧00:01:50.418：双手仍处于胸前区域，姿态略有变化但未完全放下,no,clear,yes,unclear,unclear,unclear,unclear,unclear,no,weak_related_need_manual_review,可见动作但动作循环不完整或不确定,问题问答/原因解释 / 误区纠错/风险提醒 / 情绪/关系表达 / 动作/问题关键词命中 -> 双手在胸前做手势（类似解释、强调或比划）,no,not_available,/Volumes/WD_BLACK/澜心社剪辑/lanxinse--/outputs/local_manual_review_video_pool/_visual_inputs/04_误区错误纠正_错误动作正确动作原因解释/ALI027_live_cand_0051_pair_0051_rec_001,,/Volumes/WD_BLACK/澜心社剪辑/lanxinse--/outputs/local_manual_review_video_pool/04_误区错误纠正_错误动作正确动作原因解释/MR026_live_cand_0051_pair_0051_rec_001,/Volumes/WD_BLACK/澜心社剪辑/lanxinse--/outputs/local_manual_review_video_pool/_visual_inputs/04_误区错误纠正_错误动作正确动作原因解释/ALI027_live_cand_0051_pair_0051_rec_001/04_视觉证据_contact_sheet.jpg,/Volumes/WD_BLACK/澜心社剪辑/lanxinse--/outputs/local_manual_review_video_pool/_visual_inputs/04_误区错误纠正_错误动作正确动作原因解释/ALI027_live_cand_0051_pair_0051_rec_001/05_20秒复核预览_preview_20s.mp4,/Volumes/WD_BLACK/澜心社剪辑/lanxinse--/outputs/local_live_A_editor_package/01_误区错误纠正_错误动作正确动作原因解释/A027_live_cand_0051_pair_0051_rec_001/03_完整上下文_full_context.mp4,仅6帧接触表，均为同一人坐姿讲解状态，双手持续在胸前做手势动作，无明显动作切换或关键节点（如错误示范→正确示范的对比画面）；无法确认是否对应‘误区/错误先抛 + 正确动作对比 + 原因解释’结构中的具体环节；未见工具、身体部位特写或问题场景还原；口播声明中提及的‘误区纠错/风险提醒’等要素无视觉证据支撑；动作未完成闭环（始终在讲解手势阶段），且缺乏上下文判断是否与口播内容严格一致。因此无法确认与声明匹配，保守判定为不可进入编辑任务包。,ASR 校字；原片听审；动作完整循环；画面遮挡；健康/业务/适用人群；敏感表达公开尺度。,source_exists=true; material_status=created; sheet_status=reused; preview_status=reused; preview_error=; cached_summary_used=true; route=qwen3-vl-plus->qwen-vl-max; forbidden_models_called=no
ALI028,P0R028,live_cand_0055,pair_0055,rec_002,/Volumes/WD_BLACK/完整直播录屏/今年直播素材/C5824.MP4,误区/错误先抛 + 正确动作对比 + 原因解释,04_误区错误纠正_错误动作正确动作原因解释,00:02:00.000,00:04:00.000,00:02:00.000,00:04:00.000,动作口令/跟练 / 盆底/产后训练 / 胸部/呼吸练习 / 问题问答/原因解释,风险,qwen3-vl-plus,qwen-vl-max,qwen3-vl-plus,success,,手持骨盆模型讲解,手、骨盆模型（白色带红色结构）,帧00:00:09.602中右手抬起指向自己，尚未持模型；帧00:00:33.606中已双手持模型置于腹前,最后一帧00:01:50.418仍持模型讲解，无放下动作,no,clear,yes,unclear,unclear,unclear,unclear,yes,no,still_blocked_topic_break,存在明显跳题或上下文断裂风险,动作口令/跟练 / 盆底/产后训练 / 胸部/呼吸练习 / 问题问答/原因解释 -> 手持骨盆模型讲解,no,not_available,/Volumes/WD_BLACK/澜心社剪辑/lanxinse--/outputs/local_manual_review_video_pool/_visual_inputs/04_误区错误纠正_错误动作正确动作原因解释/ALI028_live_cand_0055_pair_0055_rec_002,,/Volumes/WD_BLACK/澜心社剪辑/lanxinse--/outputs/local_manual_review_video_pool/04_误区错误纠正_错误动作正确动作原因解释/MR027_live_cand_0055_pair_0055_rec_002,/Volumes/WD_BLACK/澜心社剪辑/lanxinse--/outputs/local_manual_review_video_pool/_visual_inputs/04_误区错误纠正_错误动作正确动作原因解释/ALI028_live_cand_0055_pair_0055_rec_002/04_视觉证据_contact_sheet.jpg,/Volumes/WD_BLACK/澜心社剪辑/lanxinse--/outputs/local_manual_review_video_pool/_visual_inputs/04_误区错误纠正_错误动作正确动作原因解释/ALI028_live_cand_0055_pair_0055_rec_002/05_20秒复核预览_preview_20s.mp4,/Volumes/WD_BLACK/澜心社剪辑/lanxinse--/outputs/local_live_A_editor_package/01_误区错误纠正_错误动作正确动作原因解释/A028_live_cand_0055_pair_0055_rec_002/03_完整上下文_full_context.mp4,画面仅显示主持人手持骨盆模型进行静态讲解，未呈现任何实际身体动作（如盆底肌收缩、呼吸起伏、胸部运动等），也未展示错误动作与正确动作的对比过程；口播声明要求包含‘误区/错误先抛 + 正确动作对比 + 原因解释’三段结构，但画面中无错误示范、无跟练动作、无呼吸或盆底肌训练的体态变化；仅靠模型演示无法确认是否对应‘盆底/产后训练’或‘胸部/呼吸练习’的具体动作；且时间跨度内动作未完成循环，无起止明确的训练动作。因此无法支持口播声明中的动作、问题、目的及顺序一致性判断。,ASR 校字；原片听审；动作完整循环；画面遮挡；健康/业务/适用人群；敏感表达公开尺度。,source_exists=true; material_status=created; sheet_status=reused; preview_status=reused; preview_error=; cached_summary_used=true; route=qwen3-vl-plus->qwen-vl-max; forbidden_models_called=no
ALI029,P0R029,live_cand_0058,pair_0058,rec_002,/Volumes/WD_BLACK/完整直播录屏/今年直播素材/C5824.MP4,多动作组合 + 同一主题推进 + 轻跟练收束,05_多动作组合_同一主题推进轻跟练收束,00:08:00.000,00:10:00.000,00:08:00.000,00:10:00.000,动作口令/跟练 / 工具/道具演示 / 盆底/产后训练 / 胸部/呼吸练习,风险,qwen3-vl-plus,qwen-vl-max,qwen3-vl-plus,success,,坐姿手持粉色球体进行呼吸配合的盆底肌训练动作（含吸气鼓腹、呼气收腹/夹球）,腹部、盆底区域、粉色充气球（置于大腿内侧或会阴下方）,00:00:09.602 帧：双手持球置于腹前，身体坐直，口微张准备吸气,00:01:50.418 帧：球仍置于大腿间，双手扶髋，身体保持坐姿，口型呈呼气状，动作未明显终止但进入稳定维持态,no,clear,yes,yes,yes,yes,intercut,no,yes,weak_related_need_manual_review,可见动作但动作循环不完整或不确定,动作口令/跟练 / 工具/道具演示 / 盆底/产后训练 / 胸部/呼吸练习 -> 坐姿手持粉色球体进行呼吸配合的盆底肌训练动作（含吸气鼓腹、呼气收腹/夹球）,no,not_available,/Volumes/WD_BLACK/澜心社剪辑/lanxinse--/outputs/local_manual_review_video_pool/_visual_inputs/05_多动作组合_同一主题推进轻跟练收束/ALI029_live_cand_0058_pair_0058_rec_002,,/Volumes/WD_BLACK/澜心社剪辑/lanxinse--/outputs/local_manual_review_video_pool/05_多动作组合_同一主题推进轻跟练收束/MR028_live_cand_0058_pair_0058_rec_002,/Volumes/WD_BLACK/澜心社剪辑/lanxinse--/outputs/local_manual_review_video_pool/_visual_inputs/05_多动作组合_同一主题推进轻跟练收束/ALI029_live_cand_0058_pair_0058_rec_002/04_视觉证据_contact_sheet.jpg,/Volumes/WD_BLACK/澜心社剪辑/lanxinse--/outputs/local_manual_review_video_pool/_visual_inputs/05_多动作组合_同一主题推进轻跟练收束/ALI029_live_cand_0058_pair_0058_rec_002/05_20秒复核预览_preview_20s.mp4,/Volumes/WD_BLACK/澜心社剪辑/lanxinse--/outputs/local_live_A_editor_package/05_多动作组合_同一主题推进轻跟练收束/A029_live_cand_0058_pair_0058_rec_002/03_完整上下文_full_context.mp4,六帧画面连续展示同一女性在固定场景中进行坐姿盆底肌训练：使用粉色球作为辅助工具，配合呼吸节奏（吸气时腹部膨起、呼气时夹球收腹），动作连贯、主题统一；无换装、换景、中断；所有帧均清晰可见 presenter 全身及工具使用方式；虽未完成完整呼吸-收缩循环（如未见明确放松复位帧），但属轻跟练收束阶段合理状态；与口播声明中的‘盆底/产后训练’‘胸部/呼吸练习’‘工具/道具演示’‘跟练’完全匹配；无话题跳跃风险。,ASR 校字；原片听审；动作完整循环；画面遮挡；健康/业务/适用人群；敏感表达公开尺度。,source_exists=true; material_status=created; sheet_status=reused; preview_status=reused; preview_error=; cached_summary_used=true; route=qwen3-vl-plus->qwen-vl-max; forbidden_models_called=no
ALI030,P0R030,live_cand_0063,pair_0063,rec_002,/Volumes/WD_BLACK/完整直播录屏/今年直播素材/C5824.MP4,工具/动作演示 + 发力口令 + 低压跟练收束,02_工具动作演示_发力口令低压跟练收束,00:18:00.000,00:20:00.000,00:18:00.000,00:20:00.000,动作口令/跟练 / 工具/道具演示 / 盆底/产后训练 / 胸部/呼吸练习,风险,qwen3-vl-plus,qwen-vl-max,qwen3-vl-plus,success,,坐姿手持粉色球体（疑似盆底肌训练球）进行腹部/骨盆区域轻压与呼吸配合动作,腹部、骨盆区域、粉色球体（置于大腿内侧/会阴下方）,帧1（00:00:09.602）：双手置于腹部，球体已就位，身体微前倾准备,帧6（00:00:05:50.418）：右手轻按球体，左手扶腹，身体回正，动作趋于静止,no,clear,yes,unclear,unclear,unclear,unclear,yes,no,still_blocked_topic_break,存在明显跳题或上下文断裂风险,动作口令/跟练 / 工具/道具演示 / 盆底/产后训练 / 胸部/呼吸练习 -> 坐姿手持粉色球体（疑似盆底肌训练球）进行腹部/骨盆区域轻压与呼吸配合动作,no,not_available,/Volumes/WD_BLACK/澜心社剪辑/lanxinse--/outputs/local_manual_review_video_pool/_visual_inputs/02_工具动作演示_发力口令低压跟练收束/ALI030_live_cand_0063_pair_0063_rec_002,,/Volumes/WD_BLACK/澜心社剪辑/lanxinse--/outputs/local_manual_review_video_pool/02_工具动作演示_发力口令低压跟练收束/MR029_live_cand_0063_pair_0063_rec_002,/Volumes/WD_BLACK/澜心社剪辑/lanxinse--/outputs/local_manual_review_video_pool/_visual_inputs/02_工具动作演示_发力口令低压跟练收束/ALI030_live_cand_0063_pair_0063_rec_002/04_视觉证据_contact_sheet.jpg,/Volumes/WD_BLACK/澜心社剪辑/lanxinse--/outputs/local_manual_review_video_pool/_visual_inputs/02_工具动作演示_发力口令低压跟练收束/ALI030_live_cand_0063_pair_0063_rec_002/05_20秒复核预览_preview_20s.mp4,/Volumes/WD_BLACK/澜心社剪辑/lanxinse--/outputs/local_live_A_editor_package/04_工具动作演示_发力口令低压跟练收束/A030_live_cand_0063_pair_0063_rec_002/03_完整上下文_full_context.mp4,画面中仅呈现坐姿持球轻压动作，未见明确发力口令对应的身体动态变化（如收缩/呼气同步动作），也无工具演示的拆解或讲解环节；虽有球体（可能为盆底训练道具），但无法确认是否为‘盆底/产后训练’专用场景，亦未观察到胸部/呼吸练习的典型特征（如肋骨扩张、肩颈放松等）；动作未完成循环（无明显起始-顶点-复位完整周期）；口播声明含‘工具演示+发力口令+低压跟练收束’三段结构，但画面仅呈现静态坐姿调整与轻触，缺乏动作递进与口令响应证据；存在将‘持球坐姿’误判为‘盆底训练’的风险，属同类关键词误匹配，故保守判定不一致。,ASR 校字；原片听审；动作完整循环；画面遮挡；健康/业务/适用人群；敏感表达公开尺度。,source_exists=true; material_status=created; sheet_status=reused; preview_status=reused; preview_error=; cached_summary_used=true; route=qwen3-vl-plus->qwen-vl-max; forbidden_models_called=no
ALI031,P0R031,live_cand_0064,pair_0064,rec_002,/Volumes/WD_BLACK/完整直播录屏/今年直播素材/C5824.MP4,误区/错误先抛 + 正确动作对比 + 原因解释,04_误区错误纠正_错误动作正确动作原因解释,00:20:00.000,00:22:00.000,00:20:00.000,00:22:00.000,动作口令/跟练 / 盆底/产后训练 / 误区纠错/风险提醒,风险,qwen3-vl-plus,qwen-vl-max,qwen3-vl-plus,success,,坐姿手触盆底区域演示（未见明显收缩/发力动作）,手、会阴/盆底区域（手置于大腿内侧近会阴处）、粉色瑜伽球（置于两腿间）,帧00:00:09.602：双手从体侧抬起，右手移向大腿内侧；左手同步轻放于左大腿内侧,帧00:01:50.418：右手仍置于右大腿内侧近会阴处，左手轻扶左膝，身体姿态未显著变化，无收束或释放动作完成迹象,no,clear,yes,unclear,unclear,unclear,unclear,yes,no,still_blocked_topic_break,存在明显跳题或上下文断裂风险,动作口令/跟练 / 盆底/产后训练 / 误区纠错/风险提醒 -> 坐姿手触盆底区域演示（未见明显收缩/发力动作）,no,not_available,/Volumes/WD_BLACK/澜心社剪辑/lanxinse--/outputs/local_manual_review_video_pool/_visual_inputs/04_误区错误纠正_错误动作正确动作原因解释/ALI031_live_cand_0064_pair_0064_rec_002,,/Volumes/WD_BLACK/澜心社剪辑/lanxinse--/outputs/local_manual_review_video_pool/04_误区错误纠正_错误动作正确动作原因解释/MR030_live_cand_0064_pair_0064_rec_002,/Volumes/WD_BLACK/澜心社剪辑/lanxinse--/outputs/local_manual_review_video_pool/_visual_inputs/04_误区错误纠正_错误动作正确动作原因解释/ALI031_live_cand_0064_pair_0064_rec_002/04_视觉证据_contact_sheet.jpg,/Volumes/WD_BLACK/澜心社剪辑/lanxinse--/outputs/local_manual_review_video_pool/_visual_inputs/04_误区错误纠正_错误动作正确动作原因解释/ALI031_live_cand_0064_pair_0064_rec_002/05_20秒复核预览_preview_20s.mp4,/Volumes/WD_BLACK/澜心社剪辑/lanxinse--/outputs/local_live_A_editor_package/01_误区错误纠正_错误动作正确动作原因解释/A031_live_cand_0064_pair_0064_rec_002/03_完整上下文_full_context.mp4,画面中仅呈现静态坐姿+手部定位动作，未观察到明确的盆底肌收缩/放松循环动作（如提肛、憋尿式发力等），也无错误动作示范（如屏气、腹压代偿等）；口播声明含‘误区纠错/风险提醒’及‘跟练’，但画面未展示对比性错误动作或正确动作的完整周期；各帧间动作变化微小，缺乏动作起始与结束的明确视觉转换；虽可见工具（瑜伽球）和手部位置，但无法确认是否对应‘盆底训练’具体操作；因缺少动作完整性与问题指向性证据，无法支持‘同动作/同问题/同目的’判断；存在话题断裂风险（仅演示定位，未进入训练或纠错环节）。,ASR 校字；原片听审；动作完整循环；画面遮挡；健康/业务/适用人群；敏感表达公开尺度。,source_exists=true; material_status=created; sheet_status=reused; preview_status=reused; preview_error=; cached_summary_used=true; route=qwen3-vl-plus->qwen-vl-max; forbidden_models_called=no
ALI032,P0R032,live_cand_0065,pair_0065,rec_002,/Volumes/WD_BLACK/完整直播录屏/今年直播素材/C5824.MP4,误区/错误先抛 + 正确动作对比 + 原因解释,04_误区错误纠正_错误动作正确动作原因解释,00:22:00.000,00:24:00.000,00:22:00.000,00:24:00.000,动作口令/跟练 / 工具/道具演示 / 盆底/产后训练 / 问题问答/原因解释,风险,qwen3-vl-plus,qwen-vl-max,qwen3-vl-plus,success,,坐姿手部配合盆底区域示意动作（非实际收缩训练）,手、下腹部/会阴区域（示意）、粉色球状道具（置于大腿间）,帧00:00:09.602：双手从体侧抬起，掌心朝向腹部下方，开始指向/轻触腹股沟与会阴交界处,帧00:01:50.418：双手仍在腹前做解释性手势，未收回到起始位或完成闭环动作,no,clear,yes,unclear,unclear,unclear,intercut,yes,no,still_blocked_topic_break,存在明显跳题或上下文断裂风险,动作口令/跟练 / 工具/道具演示 / 盆底/产后训练 / 问题问答/原因解释 -> 坐姿手部配合盆底区域示意动作（非实际收缩训练）,no,not_available,/Volumes/WD_BLACK/澜心社剪辑/lanxinse--/outputs/local_manual_review_video_pool/_visual_inputs/04_误区错误纠正_错误动作正确动作原因解释/ALI032_live_cand_0065_pair_0065_rec_002,,/Volumes/WD_BLACK/澜心社剪辑/lanxinse--/outputs/local_manual_review_video_pool/04_误区错误纠正_错误动作正确动作原因解释/MR031_live_cand_0065_pair_0065_rec_002,/Volumes/WD_BLACK/澜心社剪辑/lanxinse--/outputs/local_manual_review_video_pool/_visual_inputs/04_误区错误纠正_错误动作正确动作原因解释/ALI032_live_cand_0065_pair_0065_rec_002/04_视觉证据_contact_sheet.jpg,/Volumes/WD_BLACK/澜心社剪辑/lanxinse--/outputs/local_manual_review_video_pool/_visual_inputs/04_误区错误纠正_错误动作正确动作原因解释/ALI032_live_cand_0065_pair_0065_rec_002/05_20秒复核预览_preview_20s.mp4,/Volumes/WD_BLACK/澜心社剪辑/lanxinse--/outputs/local_live_A_editor_package/01_误区错误纠正_错误动作正确动作原因解释/A032_live_cand_0065_pair_0065_rec_002/03_完整上下文_full_context.mp4,画面中仅呈现讲解式手势示意（手在腹股沟/会阴区比划），无明确盆底肌收缩、呼吸配合或工具使用动作；道具（粉色球）始终静置大腿间，未被主动操作；各帧均为坐姿讲解状态，动作未形成完整周期；口播声明含‘跟练’‘工具演示’‘问题问答’等多类动作，但画面仅支持‘原因解释’部分的视觉对应，无法确认是否同步进行误区对比或正确动作示范；因缺乏动作完整性与明确问题指向，保守判断不满足一致性要求。,ASR 校字；原片听审；动作完整循环；画面遮挡；健康/业务/适用人群；敏感表达公开尺度。,source_exists=true; material_status=created; sheet_status=reused; preview_status=reused; preview_error=; cached_summary_used=true; route=qwen3-vl-plus->qwen-vl-max; forbidden_models_called=no
ALI033,P0R033,live_cand_0066,pair_0066,rec_002,/Volumes/WD_BLACK/完整直播录屏/今年直播素材/C5824.MP4,痛点/人群点名 + 单动作完整循环 + 坚持建议,03_痛点人群点名_单动作完整循环坚持建议,00:24:00.000,00:26:00.000,00:24:00.000,00:26:00.000,动作口令/跟练 / 盆底/产后训练 / 问题问答/原因解释 / 误区纠错/风险提醒,风险,qwen3-vl-plus,qwen-vl-max,qwen3-vl-plus,success,,坐姿夹球（盆底肌收缩训练）,会阴/盆底区域 + 紫色瑜伽球（置于大腿内侧）,双手扶膝，双腿微开，球置于两膝间，身体前倾准备发力,双膝并拢夹紧球，臀部微抬离座，面部表情用力（如00:01:50.418帧）,no,clear,yes,yes,unclear,unclear,intercut,no,yes,weak_related_need_manual_review,可见动作但动作循环不完整或不确定,动作口令/跟练 / 盆底/产后训练 / 问题问答/原因解释 / 误区纠错/风险提醒 -> 坐姿夹球（盆底肌收缩训练）,no,not_available,/Volumes/WD_BLACK/澜心社剪辑/lanxinse--/outputs/local_manual_review_video_pool/_visual_inputs/03_痛点人群点名_单动作完整循环坚持建议/ALI033_live_cand_0066_pair_0066_rec_002,,/Volumes/WD_BLACK/澜心社剪辑/lanxinse--/outputs/local_manual_review_video_pool/03_痛点人群点名_单动作完整循环坚持建议/MR032_live_cand_0066_pair_0066_rec_002,/Volumes/WD_BLACK/澜心社剪辑/lanxinse--/outputs/local_manual_review_video_pool/_visual_inputs/03_痛点人群点名_单动作完整循环坚持建议/ALI033_live_cand_0066_pair_0066_rec_002/04_视觉证据_contact_sheet.jpg,/Volumes/WD_BLACK/澜心社剪辑/lanxinse--/outputs/local_manual_review_video_pool/_visual_inputs/03_痛点人群点名_单动作完整循环坚持建议/ALI033_live_cand_0066_pair_0066_rec_002/05_20秒复核预览_preview_20s.mp4,/Volumes/WD_BLACK/澜心社剪辑/lanxinse--/outputs/local_live_A_editor_package/03_痛点人群点名_单动作完整循环坚持建议/A033_live_cand_0066_pair_0066_rec_002/03_完整上下文_full_context.mp4,画面清晰显示女性坐于椅上，用双腿夹持紫色球进行重复性收缩动作，符合‘盆底/产后训练’单动作循环特征；各帧呈现动作不同阶段（准备→夹紧→维持），但未见完整一次‘收缩-放松’闭环（无明确放松回位帧），故cycle_complete为no； presenter全程可见，无遮挡；动作与口播声明中的‘盆底/产后训练’动作类型一致；但因仅凭画面无法确认其讲解的是具体问题（如漏尿、脱垂）或风险内容（如错误发力导致盆底损伤），故问题与功能项标unclear；帧序显示动作持续进行，口播应为同步跟练+解释，属intercut逻辑；无突兀场景切换，topic break风险低；片段结构完整可进入剪辑任务包。,ASR 校字；原片听审；动作完整循环；画面遮挡；健康/业务/适用人群；敏感表达公开尺度。,source_exists=true; material_status=created; sheet_status=reused; preview_status=reused; preview_error=; cached_summary_used=true; route=qwen3-vl-plus->qwen-vl-max; forbidden_models_called=no
ALI034,P0R034,live_cand_0069,pair_0069,rec_002,/Volumes/WD_BLACK/完整直播录屏/今年直播素材/C5824.MP4,痛点/人群点名 + 单动作完整循环 + 坚持建议,03_痛点人群点名_单动作完整循环坚持建议,00:30:00.000,00:32:00.000,00:30:00.000,00:32:00.000,动作口令/跟练 / 工具/道具演示 / 盆底/产后训练 / 问题问答/原因解释,风险,qwen3-vl-plus,qwen-vl-max,qwen3-vl-plus,success,,坐姿夹球收腹动作（双手扶膝，臀部夹粉色球，做骨盆底肌收缩与放松）,臀部、盆底区域、粉色瑜伽球,帧00:00:09.602：双手置于膝上，球置于会阴处，身体微前倾，准备发力,帧00:01:50.418：保持坐姿，球仍在原位，手仍扶膝，面部表情显示动作结束或暂停,no,clear,yes,yes,unclear,unclear,intercut,no,yes,weak_related_need_manual_review,可见动作但动作循环不完整或不确定,动作口令/跟练 / 工具/道具演示 / 盆底/产后训练 / 问题问答/原因解释 -> 坐姿夹球收腹动作（双手扶膝，臀部夹粉色球，做骨盆底肌收缩与放松）,no,not_available,/Volumes/WD_BLACK/澜心社剪辑/lanxinse--/outputs/local_manual_review_video_pool/_visual_inputs/03_痛点人群点名_单动作完整循环坚持建议/ALI034_live_cand_0069_pair_0069_rec_002,,/Volumes/WD_BLACK/澜心社剪辑/lanxinse--/outputs/local_manual_review_video_pool/03_痛点人群点名_单动作完整循环坚持建议/MR033_live_cand_0069_pair_0069_rec_002,/Volumes/WD_BLACK/澜心社剪辑/lanxinse--/outputs/local_manual_review_video_pool/_visual_inputs/03_痛点人群点名_单动作完整循环坚持建议/ALI034_live_cand_0069_pair_0069_rec_002/04_视觉证据_contact_sheet.jpg,/Volumes/WD_BLACK/澜心社剪辑/lanxinse--/outputs/local_manual_review_video_pool/_visual_inputs/03_痛点人群点名_单动作完整循环坚持建议/ALI034_live_cand_0069_pair_0069_rec_002/05_20秒复核预览_preview_20s.mp4,/Volumes/WD_BLACK/澜心社剪辑/lanxinse--/outputs/local_live_A_editor_package/03_痛点人群点名_单动作完整循环坚持建议/A034_live_cand_0069_pair_0069_rec_002/03_完整上下文_full_context.mp4,画面清晰显示一位女性坐于凳上，用粉色球置于会阴部进行夹球收腹类动作；五帧呈现连续动作过程：起始准备→讲解示意→发力夹球→维持→放松/停顿，符合‘单动作完整循环’结构中的动作演示部分；但因仅5帧且无动态连贯性证据，无法确认是否完成一个完整生理循环（如吸气-收紧-呼气-放松），故判定action_cycle_complete为no；口播声明含‘盆底/产后训练’‘动作口令/跟练’，画面动作与之高度一致；未见明显话题断裂；可进入剪辑任务包。,ASR 校字；原片听审；动作完整循环；画面遮挡；健康/业务/适用人群；敏感表达公开尺度。,source_exists=true; material_status=created; sheet_status=reused; preview_status=reused; preview_error=; cached_summary_used=true; route=qwen3-vl-plus->qwen-vl-max; forbidden_models_called=no
ALI035,P0R035,live_cand_0070,pair_0070,rec_002,/Volumes/WD_BLACK/完整直播录屏/今年直播素材/C5824.MP4,多动作组合 + 同一主题推进 + 轻跟练收束,05_多动作组合_同一主题推进轻跟练收束,00:32:00.000,00:34:00.000,00:32:00.000,00:34:00.000,动作口令/跟练 / 盆底/产后训练 / 问题问答/原因解释 / 误区纠错/风险提醒,风险,qwen3-vl-plus,qwen-vl-max,qwen3-vl-plus,success,,坐姿讲解+手部示意动作,"上肢、手、骨盆区域（ seated on stool, hands near lower abdomen/pelvis）",帧1（00:00:09.602）： presenter 坐定，双手置于大腿/骨盆前侧，口型张开似开始讲话,帧6（00:01:50.418）：仍为坐姿，手部动作变化（如轻触腹部、展开手掌），未见明显动作终止姿态,no,clear,yes,unclear,unclear,unclear,intercut,unclear,unclear,weak_related_need_manual_review,可见动作但动作循环不完整或不确定,动作口令/跟练 / 盆底/产后训练 / 问题问答/原因解释 / 误区纠错/风险提醒 -> 坐姿讲解+手部示意动作,no,not_available,/Volumes/WD_BLACK/澜心社剪辑/lanxinse--/outputs/local_manual_review_video_pool/_visual_inputs/05_多动作组合_同一主题推进轻跟练收束/ALI035_live_cand_0070_pair_0070_rec_002,,/Volumes/WD_BLACK/澜心社剪辑/lanxinse--/outputs/local_manual_review_video_pool/05_多动作组合_同一主题推进轻跟练收束/MR034_live_cand_0070_pair_0070_rec_002,/Volumes/WD_BLACK/澜心社剪辑/lanxinse--/outputs/local_manual_review_video_pool/_visual_inputs/05_多动作组合_同一主题推进轻跟练收束/ALI035_live_cand_0070_pair_0070_rec_002/04_视觉证据_contact_sheet.jpg,/Volumes/WD_BLACK/澜心社剪辑/lanxinse--/outputs/local_manual_review_video_pool/_visual_inputs/05_多动作组合_同一主题推进轻跟练收束/ALI035_live_cand_0070_pair_0070_rec_002/05_20秒复核预览_preview_20s.mp4,/Volumes/WD_BLACK/澜心社剪辑/lanxinse--/outputs/local_live_A_editor_package/05_多动作组合_同一主题推进轻跟练收束/A035_live_cand_0070_pair_0070_rec_002/03_完整上下文_full_context.mp4,画面中仅呈现坐姿讲解状态，手部有示意性动作（如指向骨盆区域、展开手掌），但无明确盆底肌收缩/放松等训练动作；未见跟练动作起始/结束特征；无法确认是否对应‘风险提醒’功能（如无警示性表情、文字或危险动作演示）；多帧为连续讲解姿态，属口播主导片段，动作非核心；因缺乏动作完整性与功能可辨识性，保守判断为unclear。,ASR 校字；原片听审；动作完整循环；画面遮挡；健康/业务/适用人群；敏感表达公开尺度。,source_exists=true; material_status=created; sheet_status=reused; preview_status=reused; preview_error=; cached_summary_used=true; route=qwen3-vl-plus->qwen-vl-max; forbidden_models_called=no
ALI036,P0R036,live_cand_0074,pair_0074,rec_002,/Volumes/WD_BLACK/完整直播录屏/今年直播素材/C5824.MP4,痛点/人群点名 + 单动作完整循环 + 坚持建议,03_痛点人群点名_单动作完整循环坚持建议,00:40:00.000,00:42:00.000,00:40:00.000,00:42:00.000,动作口令/跟练 / 工具/道具演示 / 盆底/产后训练 / 胸部/呼吸练习,风险,qwen3-vl-plus,qwen-vl-max,qwen3-vl-plus,success,,坐姿骨盆底肌收缩（凯格尔动作）演示,骨盆区域（通过手放于耻骨联合上方/会阴处示意）、无明显工具,帧00:00:09.602：双手置于腹股沟下方、耻骨联合上方，口型张开似发令；身体微前倾，准备发力,帧00:01:50.418：手仍置于相同位置，身体回正，口型闭合，表情放松，呈现一次循环结束状态,yes,clear,yes,yes,yes,yes,talk_before_action,no,yes,true_pair,视觉动作、口播同一点、动作循环、遮挡和顺序字段均满足 P0 闸门,动作口令/跟练 / 工具/道具演示 / 盆底/产后训练 / 胸部/呼吸练习 -> 坐姿骨盆底肌收缩（凯格尔动作）演示,yes_pending_user_review,not_available,/Volumes/WD_BLACK/澜心社剪辑/lanxinse--/outputs/local_manual_review_video_pool/_visual_inputs/03_痛点人群点名_单动作完整循环坚持建议/ALI036_live_cand_0074_pair_0074_rec_002,/Volumes/WD_BLACK/澜心社剪辑/lanxinse--/outputs/local_true_pair_video_package/03_痛点人群点名_单动作完整循环坚持建议/TP002_live_cand_0074_pair_0074_rec_002,,/Volumes/WD_BLACK/澜心社剪辑/lanxinse--/outputs/local_manual_review_video_pool/_visual_inputs/03_痛点人群点名_单动作完整循环坚持建议/ALI036_live_cand_0074_pair_0074_rec_002/04_视觉证据_contact_sheet.jpg,/Volumes/WD_BLACK/澜心社剪辑/lanxinse--/outputs/local_manual_review_video_pool/_visual_inputs/03_痛点人群点名_单动作完整循环坚持建议/ALI036_live_cand_0074_pair_0074_rec_002/05_20秒复核预览_preview_20s.mp4,/Volumes/WD_BLACK/澜心社剪辑/lanxinse--/outputs/local_live_A_editor_package/03_痛点人群点名_单动作完整循环坚持建议/A036_live_cand_0074_pair_0074_rec_002/03_完整上下文_full_context.mp4,六帧画面连续展示同一女性坐于矮凳，双手固定置于耻骨联合上方区域，配合口型变化完成一次完整的骨盆底肌收缩-放松循环（起始吸气/准备→收缩屏息→放松呼气），动作路径一致、无中断；背景与着装未变，无镜头切换干扰；符合‘盆底/产后训练’声明中的单动作完整循环要求；未出现呼吸练习或胸部动作，但骨盆底肌训练本身即属该类目；画面清晰、主体完整可见。,ASR 校字；原片听审；动作完整循环；画面遮挡；健康/业务/适用人群；敏感表达公开尺度。,source_exists=true; material_status=created; sheet_status=reused; preview_status=reused; preview_error=; cached_summary_used=true; route=qwen3-vl-plus->qwen-vl-max; forbidden_models_called=no
ALI037,P0R037,live_cand_0079,pair_0079,rec_002,/Volumes/WD_BLACK/完整直播录屏/今年直播素材/C5824.MP4,多动作组合 + 同一主题推进 + 轻跟练收束,05_多动作组合_同一主题推进轻跟练收束,00:50:00.000,00:52:00.000,00:50:00.000,00:52:00.000,动作口令/跟练 / 工具/道具演示 / 盆底/产后训练 / 胸部/呼吸练习,风险,qwen3-vl-plus,qwen-vl-max,qwen3-vl-plus,success,,坐姿上肢伸展→手持粉色球演示呼吸/盆底配合动作→手放腹部提示呼吸,上肢、腹部、粉色充气球,帧00:00:09.602：双臂上举过头，坐于凳子，双腿分开，脚踩地面,帧00:01:50.418：右手食指轻触唇部（示意闭气/呼气），左手置于下腹部,no,clear,yes,unclear,unclear,unclear,intercut,no,unclear,weak_related_need_manual_review,可见动作但动作循环不完整或不确定,动作口令/跟练 / 工具/道具演示 / 盆底/产后训练 / 胸部/呼吸练习 -> 坐姿上肢伸展→手持粉色球演示呼吸/盆底配合动作→手放腹部提示呼吸,no,not_available,/Volumes/WD_BLACK/澜心社剪辑/lanxinse--/outputs/local_manual_review_video_pool/_visual_inputs/05_多动作组合_同一主题推进轻跟练收束/ALI037_live_cand_0079_pair_0079_rec_002,,/Volumes/WD_BLACK/澜心社剪辑/lanxinse--/outputs/local_manual_review_video_pool/05_多动作组合_同一主题推进轻跟练收束/MR035_live_cand_0079_pair_0079_rec_002,/Volumes/WD_BLACK/澜心社剪辑/lanxinse--/outputs/local_manual_review_video_pool/_visual_inputs/05_多动作组合_同一主题推进轻跟练收束/ALI037_live_cand_0079_pair_0079_rec_002/04_视觉证据_contact_sheet.jpg,/Volumes/WD_BLACK/澜心社剪辑/lanxinse--/outputs/local_manual_review_video_pool/_visual_inputs/05_多动作组合_同一主题推进轻跟练收束/ALI037_live_cand_0079_pair_0079_rec_002/05_20秒复核预览_preview_20s.mp4,/Volumes/WD_BLACK/澜心社剪辑/lanxinse--/outputs/local_live_A_editor_package/05_多动作组合_同一主题推进轻跟练收束/A037_live_cand_0079_pair_0079_rec_002/03_完整上下文_full_context.mp4,画面显示连续坐姿动作序列：起始为双臂上举伸展（可能为热身），随后出现粉色球（疑似呼吸/盆底训练道具），接着演示持球+口型变化+手放腹部，符合‘工具演示+呼吸/盆底训练’主题线索；但无法确认是否为同一完整动作循环（如未见吸-呼-收完整周期），且口播内容未知，仅凭画面不能断定与‘风险’功能或具体问题（如产后漏尿）严格对应；动作间有逻辑递进（伸展→用具→呼吸引导），无明显话题断裂，但因缺乏口播同步信息，一致性判断保留谨慎，故多项为unclear。,ASR 校字；原片听审；动作完整循环；画面遮挡；健康/业务/适用人群；敏感表达公开尺度。,source_exists=true; material_status=created; sheet_status=reused; preview_status=reused; preview_error=; cached_summary_used=true; route=qwen3-vl-plus->qwen-vl-max; forbidden_models_called=no
ALI038,P0R038,live_cand_0081,pair_0081,rec_002,/Volumes/WD_BLACK/完整直播录屏/今年直播素材/C5824.MP4,痛点/人群点名 + 单动作完整循环 + 坚持建议,03_痛点人群点名_单动作完整循环坚持建议,00:54:00.000,00:56:00.000,00:54:00.000,00:56:00.000,动作口令/跟练 / 工具/道具演示 / 盆底/产后训练 / 胸部/呼吸练习,风险,qwen3-vl-plus,qwen-vl-max,qwen3-vl-plus,success,,手持白色盆底肌训练器（类似凯格尔球/阴道哑铃）进行演示与讲解，伴随手指指向或示意动作,手、盆底肌训练器（白色双球状器械）、下腹部区域（未直接触碰）,帧00:00:09.602： presenter右手持器械置于大腿上，左手食指竖起示意，口型张开似开始讲解,帧00:01:50.418：presenter双手持器械置于大腿上，身体稍前倾，动作趋于静止，无明显收尾动作,no,clear,yes,unclear,unclear,unclear,unclear,yes,no,still_blocked_topic_break,存在明显跳题或上下文断裂风险,动作口令/跟练 / 工具/道具演示 / 盆底/产后训练 / 胸部/呼吸练习 -> 手持白色盆底肌训练器（类似凯格尔球/阴道哑铃）进行演示与讲解，伴随手指指向或示意动作,no,not_available,/Volumes/WD_BLACK/澜心社剪辑/lanxinse--/outputs/local_manual_review_video_pool/_visual_inputs/03_痛点人群点名_单动作完整循环坚持建议/ALI038_live_cand_0081_pair_0081_rec_002,,/Volumes/WD_BLACK/澜心社剪辑/lanxinse--/outputs/local_manual_review_video_pool/03_痛点人群点名_单动作完整循环坚持建议/MR036_live_cand_0081_pair_0081_rec_002,/Volumes/WD_BLACK/澜心社剪辑/lanxinse--/outputs/local_manual_review_video_pool/_visual_inputs/03_痛点人群点名_单动作完整循环坚持建议/ALI038_live_cand_0081_pair_0081_rec_002/04_视觉证据_contact_sheet.jpg,/Volumes/WD_BLACK/澜心社剪辑/lanxinse--/outputs/local_manual_review_video_pool/_visual_inputs/03_痛点人群点名_单动作完整循环坚持建议/ALI038_live_cand_0081_pair_0081_rec_002/05_20秒复核预览_preview_20s.mp4,/Volumes/WD_BLACK/澜心社剪辑/lanxinse--/outputs/local_live_A_editor_package/03_痛点人群点名_单动作完整循环坚持建议/A038_live_cand_0081_pair_0081_rec_002/03_完整上下文_full_context.mp4,画面仅显示主持人手持盆底肌训练器做静态演示与手势讲解，未呈现任何实际训练动作（如收缩、夹持、提拉等），也无呼吸配合或盆底肌发力的视觉证据；虽有工具出现，但无法确认是否在执行‘盆底/产后训练’或‘胸部/呼吸练习’；动作无起始-发力-放松完整循环，仅是持具+手势示意；口播声明中‘单动作完整循环’不成立；因缺乏动作实质内容，无法判断是否对应‘风险’功能或具体问题人群；存在话题断裂风险（仅展示道具，未进入训练环节）。,ASR 校字；原片听审；动作完整循环；画面遮挡；健康/业务/适用人群；敏感表达公开尺度。,source_exists=true; material_status=created; sheet_status=reused; preview_status=reused; preview_error=; cached_summary_used=true; route=qwen3-vl-plus->qwen-vl-max; forbidden_models_called=no
ALI039,P0R039,live_cand_0083,pair_0083,rec_002,/Volumes/WD_BLACK/完整直播录屏/今年直播素材/C5824.MP4,多动作组合 + 同一主题推进 + 轻跟练收束,05_多动作组合_同一主题推进轻跟练收束,00:58:00.000,01:00:00.000,00:58:00.000,01:00:00.000,动作口令/跟练 / 工具/道具演示 / 盆底/产后训练 / 误区纠错/风险提醒,风险,qwen3-vl-plus,qwen-vl-max,qwen3-vl-plus,success,,坐姿讲解配合手部指示动作（非完整跟练）,上肢、手部、骨盆区域（坐于小凳/球上）,帧1（00:00:09.602）： presenter 坐定，双手置于大腿前侧，口型开启，准备讲解,帧6（00:01:50.418）： presenter 双手张开做强调手势，身体微前倾，仍为坐姿讲解态，未进入跟练收束动作,no,clear,yes,unclear,unclear,unclear,intercut,yes,no,still_blocked_topic_break,存在明显跳题或上下文断裂风险,动作口令/跟练 / 工具/道具演示 / 盆底/产后训练 / 误区纠错/风险提醒 -> 坐姿讲解配合手部指示动作（非完整跟练）,no,not_available,/Volumes/WD_BLACK/澜心社剪辑/lanxinse--/outputs/local_manual_review_video_pool/_visual_inputs/05_多动作组合_同一主题推进轻跟练收束/ALI039_live_cand_0083_pair_0083_rec_002,,/Volumes/WD_BLACK/澜心社剪辑/lanxinse--/outputs/local_manual_review_video_pool/05_多动作组合_同一主题推进轻跟练收束/MR037_live_cand_0083_pair_0083_rec_002,/Volumes/WD_BLACK/澜心社剪辑/lanxinse--/outputs/local_manual_review_video_pool/_visual_inputs/05_多动作组合_同一主题推进轻跟练收束/ALI039_live_cand_0083_pair_0083_rec_002/04_视觉证据_contact_sheet.jpg,/Volumes/WD_BLACK/澜心社剪辑/lanxinse--/outputs/local_manual_review_video_pool/_visual_inputs/05_多动作组合_同一主题推进轻跟练收束/ALI039_live_cand_0083_pair_0083_rec_002/05_20秒复核预览_preview_20s.mp4,/Volumes/WD_BLACK/澜心社剪辑/lanxinse--/outputs/local_live_A_editor_package/05_多动作组合_同一主题推进轻跟练收束/A039_live_cand_0083_pair_0083_rec_002/03_完整上下文_full_context.mp4,画面中仅呈现坐姿讲解与手部示意动作，无明确盆底肌收缩/放松、工具使用或风险演示等具体动作；各帧均为静态讲解姿态，未见跟练启动或收束动作；口播声明含‘跟练’‘道具演示’‘误区纠错’‘风险提醒’等多类动作/功能，但画面未体现任一具体可识别的对应行为；无法确认是否在讲同一问题或风险点；因缺乏动作完整性与功能对应性，不满足保守一致性要求。,ASR 校字；原片听审；动作完整循环；画面遮挡；健康/业务/适用人群；敏感表达公开尺度。,source_exists=true; material_status=created; sheet_status=reused; preview_status=reused; preview_error=; cached_summary_used=true; route=qwen3-vl-plus->qwen-vl-max; forbidden_models_called=no
ALI040,P0R040,live_cand_0084,pair_0084,rec_002,/Volumes/WD_BLACK/完整直播录屏/今年直播素材/C5824.MP4,工具/动作演示 + 发力口令 + 低压跟练收束,02_工具动作演示_发力口令低压跟练收束,01:00:00.000,01:02:00.000,01:00:00.000,01:02:00.000,动作口令/跟练 / 工具/道具演示 / 盆底/产后训练 / 胸部/呼吸练习,方法,qwen3-vl-plus,qwen-vl-max,qwen3-vl-plus,success,,坐姿持球演示+骨盆区域微调动作,骨盆/臀部/手持粉色充气球,帧00:00:09.602：坐于矮凳，双手置于大腿前侧，身体正直，准备态,帧00:01:50.418：身体后倾，双腿屈膝抬高，球置于大腿内侧夹持，呈收束姿态,no,clear,yes,unclear,unclear,unclear,unclear,yes,no,still_blocked_topic_break,存在明显跳题或上下文断裂风险,动作口令/跟练 / 工具/道具演示 / 盆底/产后训练 / 胸部/呼吸练习 -> 坐姿持球演示+骨盆区域微调动作,no,not_available,/Volumes/WD_BLACK/澜心社剪辑/lanxinse--/outputs/local_manual_review_video_pool/_visual_inputs/02_工具动作演示_发力口令低压跟练收束/ALI040_live_cand_0084_pair_0084_rec_002,,/Volumes/WD_BLACK/澜心社剪辑/lanxinse--/outputs/local_manual_review_video_pool/02_工具动作演示_发力口令低压跟练收束/MR038_live_cand_0084_pair_0084_rec_002,/Volumes/WD_BLACK/澜心社剪辑/lanxinse--/outputs/local_manual_review_video_pool/_visual_inputs/02_工具动作演示_发力口令低压跟练收束/ALI040_live_cand_0084_pair_0084_rec_002/04_视觉证据_contact_sheet.jpg,/Volumes/WD_BLACK/澜心社剪辑/lanxinse--/outputs/local_manual_review_video_pool/_visual_inputs/02_工具动作演示_发力口令低压跟练收束/ALI040_live_cand_0084_pair_0084_rec_002/05_20秒复核预览_preview_20s.mp4,/Volumes/WD_BLACK/澜心社剪辑/lanxinse--/outputs/local_live_A_editor_package/04_工具动作演示_发力口令低压跟练收束/A040_live_cand_0084_pair_0084_rec_002/03_完整上下文_full_context.mp4,画面中可见持球坐姿及骨盆区域动作变化，但无法确认是否为‘盆底/产后训练’或‘胸部/呼吸练习’；无明显发力口令对应的身体反应（如腹式呼吸起伏、盆底收缩可见征象）；最后一帧动作突变为抬腿夹球，与前序坐姿演示缺乏连贯过渡，疑似片段拼接或话题切换；未见工具使用细节（如球如何配合呼吸/盆底激活），无法验证‘工具/道具演示’与口播声明一致；因动作目的与问题归属无法从画面确认，保守判断不匹配。,ASR 校字；原片听审；动作完整循环；画面遮挡；健康/业务/适用人群；敏感表达公开尺度。,source_exists=true; material_status=created; sheet_status=reused; preview_status=reused; preview_error=; cached_summary_used=true; route=qwen3-vl-plus->qwen-vl-max; forbidden_models_called=no
ALI041,P0R041,live_cand_0086,pair_0086,rec_002,/Volumes/WD_BLACK/完整直播录屏/今年直播素材/C5824.MP4,多动作组合 + 同一主题推进 + 轻跟练收束,05_多动作组合_同一主题推进轻跟练收束,01:04:00.000,01:06:00.000,01:04:00.000,01:06:00.000,工具/道具演示 / 问题问答/原因解释 / 误区纠错/风险提醒 / 动作/问题关键词命中,风险,qwen3-vl-plus,qwen-vl-max,qwen3-vl-plus,success,,双手持球讲解，配合手势说明,双手、粉色健身球,帧00:00:09.602中，主持人坐姿端正，双手托住球置于腹前，开始开口说话并抬手示意,帧00:01:50.418中，仍持球，右手抬起做强调手势，未见放下球或结束动作,no,clear,yes,unclear,unclear,unclear,unclear,unclear,no,weak_related_need_manual_review,可见动作但动作循环不完整或不确定,工具/道具演示 / 问题问答/原因解释 / 误区纠错/风险提醒 / 动作/问题关键词命中 -> 双手持球讲解，配合手势说明,no,not_available,/Volumes/WD_BLACK/澜心社剪辑/lanxinse--/outputs/local_manual_review_video_pool/_visual_inputs/05_多动作组合_同一主题推进轻跟练收束/ALI041_live_cand_0086_pair_0086_rec_002,,/Volumes/WD_BLACK/澜心社剪辑/lanxinse--/outputs/local_manual_review_video_pool/05_多动作组合_同一主题推进轻跟练收束/MR039_live_cand_0086_pair_0086_rec_002,/Volumes/WD_BLACK/澜心社剪辑/lanxinse--/outputs/local_manual_review_video_pool/_visual_inputs/05_多动作组合_同一主题推进轻跟练收束/ALI041_live_cand_0086_pair_0086_rec_002/04_视觉证据_contact_sheet.jpg,/Volumes/WD_BLACK/澜心社剪辑/lanxinse--/outputs/local_manual_review_video_pool/_visual_inputs/05_多动作组合_同一主题推进轻跟练收束/ALI041_live_cand_0086_pair_0086_rec_002/05_20秒复核预览_preview_20s.mp4,/Volumes/WD_BLACK/澜心社剪辑/lanxinse--/outputs/local_live_A_editor_package/05_多动作组合_同一主题推进轻跟练收束/A041_live_cand_0086_pair_0086_rec_002/03_完整上下文_full_context.mp4,仅6帧接触sheet，均为坐姿持球讲解状态，无明显动作切换或完成闭环；无法确认是否对应‘工具演示/问题问答/误区纠错/风险提醒’中的具体子类动作；未见道具使用变化、问题呈现或风险行为示范；口播声明中‘风险’功能无对应视觉证据（如错误示范、警示表情/手势）；动作持续未完成，且缺乏上下文判断顺序与主题连贯性。,ASR 校字；原片听审；动作完整循环；画面遮挡；健康/业务/适用人群；敏感表达公开尺度。,source_exists=true; material_status=created; sheet_status=reused; preview_status=reused; preview_error=; cached_summary_used=true; route=qwen3-vl-plus->qwen-vl-max; forbidden_models_called=no
ALI042,P0R042,live_cand_0088,pair_0088,rec_002,/Volumes/WD_BLACK/完整直播录屏/今年直播素材/C5824.MP4,多动作组合 + 同一主题推进 + 轻跟练收束,05_多动作组合_同一主题推进轻跟练收束,01:08:00.000,01:10:00.000,01:08:00.000,01:10:00.000,问题问答/原因解释 / 动作/问题关键词命中,方法,qwen3-vl-plus,qwen-vl-max,qwen3-vl-plus,success,,双手持粉色气球置于大腿上，配合口型做讲解；期间右手轻触气球表面或抬至嘴边,双手、粉色气球、大腿,帧00:00:09.602：坐姿稳定，双手将气球置于大腿中央，开始口型动作,帧00:01:50.418：气球仍在大腿上，手部动作趋于静止，口型结束,no,clear,yes,unclear,unclear,unclear,unclear,no,unclear,weak_related_need_manual_review,可见动作但动作循环不完整或不确定,问题问答/原因解释 / 动作/问题关键词命中 -> 双手持粉色气球置于大腿上，配合口型做讲解；期间右手轻触气球表面或抬至嘴边,no,not_available,/Volumes/WD_BLACK/澜心社剪辑/lanxinse--/outputs/local_manual_review_video_pool/_visual_inputs/05_多动作组合_同一主题推进轻跟练收束/ALI042_live_cand_0088_pair_0088_rec_002,,/Volumes/WD_BLACK/澜心社剪辑/lanxinse--/outputs/local_manual_review_video_pool/05_多动作组合_同一主题推进轻跟练收束/MR040_live_cand_0088_pair_0088_rec_002,/Volumes/WD_BLACK/澜心社剪辑/lanxinse--/outputs/local_manual_review_video_pool/_visual_inputs/05_多动作组合_同一主题推进轻跟练收束/ALI042_live_cand_0088_pair_0088_rec_002/04_视觉证据_contact_sheet.jpg,/Volumes/WD_BLACK/澜心社剪辑/lanxinse--/outputs/local_manual_review_video_pool/_visual_inputs/05_多动作组合_同一主题推进轻跟练收束/ALI042_live_cand_0088_pair_0088_rec_002/05_20秒复核预览_preview_20s.mp4,/Volumes/WD_BLACK/澜心社剪辑/lanxinse--/outputs/local_live_A_editor_package/05_多动作组合_同一主题推进轻跟练收束/A042_live_cand_0088_pair_0088_rec_002/03_完整上下文_full_context.mp4,画面中仅呈现静态坐姿持球+口型讲解，无明确动作执行（如按压、挤压、移动气球等），无法确认是否对应‘问题问答/原因解释/动作’中的具体动作或问题；虽有连续帧显示同一场景，但缺乏动作起始与完成的视觉证据（如气球形变、手部位移轨迹），且口播内容未知，故无法判断与声明的动作、问题、功能一致性；因无动作周期完成迹象，判定action_cycle_complete为no；整体画面清晰、人物完整可见，无遮挡；主题连贯性尚可（未换景），故topic_break_risk为no；但因关键一致性无法确认，不能确定是否可进入编辑任务包。,ASR 校字；原片听审；动作完整循环；画面遮挡；健康/业务/适用人群；敏感表达公开尺度。,source_exists=true; material_status=created; sheet_status=reused; preview_status=reused; preview_error=; cached_summary_used=true; route=qwen3-vl-plus->qwen-vl-max; forbidden_models_called=no
ALI043,P0R043,live_cand_0090,pair_0090,rec_002,/Volumes/WD_BLACK/完整直播录屏/今年直播素材/C5824.MP4,工具/动作演示 + 发力口令 + 低压跟练收束,02_工具动作演示_发力口令低压跟练收束,01:12:00.000,01:14:00.000,01:12:00.000,01:14:00.000,动作口令/跟练 / 工具/道具演示 / 盆底/产后训练 / 问题问答/原因解释,方法,qwen3-vl-plus,qwen-vl-max,qwen3-vl-plus,success,,坐姿持球夹腿/收腹动作演示,盆底区域（隐含）、粉色健身球、大腿内侧,第1帧（00:00:09.602）：女性坐于凳上，双手扶球置于大腿间，身体微前倾，准备发力,第5帧（00:01:50.418）：仍持球坐姿，右手抬起做口令手势，球仍在大腿间，未见明显动作终止姿态（如放松、放下球）,no,clear,yes,unclear,unclear,unclear,unclear,yes,no,still_blocked_topic_break,存在明显跳题或上下文断裂风险,动作口令/跟练 / 工具/道具演示 / 盆底/产后训练 / 问题问答/原因解释 -> 坐姿持球夹腿/收腹动作演示,no,not_available,/Volumes/WD_BLACK/澜心社剪辑/lanxinse--/outputs/local_manual_review_video_pool/_visual_inputs/02_工具动作演示_发力口令低压跟练收束/ALI043_live_cand_0090_pair_0090_rec_002,,/Volumes/WD_BLACK/澜心社剪辑/lanxinse--/outputs/local_manual_review_video_pool/02_工具动作演示_发力口令低压跟练收束/MR041_live_cand_0090_pair_0090_rec_002,/Volumes/WD_BLACK/澜心社剪辑/lanxinse--/outputs/local_manual_review_video_pool/_visual_inputs/02_工具动作演示_发力口令低压跟练收束/ALI043_live_cand_0090_pair_0090_rec_002/04_视觉证据_contact_sheet.jpg,/Volumes/WD_BLACK/澜心社剪辑/lanxinse--/outputs/local_manual_review_video_pool/_visual_inputs/02_工具动作演示_发力口令低压跟练收束/ALI043_live_cand_0090_pair_0090_rec_002/05_20秒复核预览_preview_20s.mp4,/Volumes/WD_BLACK/澜心社剪辑/lanxinse--/outputs/local_live_A_editor_package/04_工具动作演示_发力口令低压跟练收束/A043_live_cand_0090_pair_0090_rec_002/03_完整上下文_full_context.mp4,画面仅显示坐姿持球状态，无明确发力过程（如夹紧、收缩、呼吸配合等动态变化），第3帧出现男性介入但未参与动作，第4-5帧恢复持球但无动作完成迹象；无法确认是否为‘盆底/产后训练’的特定动作，亦无法验证是否对应‘工具演示+发力口令+低压跟练收束’结构；动作周期未闭合（球始终夹持，无释放或复位），且无口播内容佐证，故对声明中的动作、问题、目的均无法建立保守一致性。存在话题断裂风险（中间插入非主讲人互动）。,ASR 校字；原片听审；动作完整循环；画面遮挡；健康/业务/适用人群；敏感表达公开尺度。,source_exists=true; material_status=created; sheet_status=reused; preview_status=reused; preview_error=; cached_summary_used=true; route=qwen3-vl-plus->qwen-vl-max; forbidden_models_called=no
ALI044,P0R044,live_cand_0095,pair_0095,rec_002,/Volumes/WD_BLACK/完整直播录屏/今年直播素材/C5824.MP4,误区/错误先抛 + 正确动作对比 + 原因解释,04_误区错误纠正_错误动作正确动作原因解释,01:22:00.000,01:24:00.000,01:22:00.000,01:24:00.000,动作口令/跟练 / 盆底/产后训练 / 问题问答/原因解释 / 误区纠错/风险提醒,风险,qwen3-vl-plus,qwen-vl-max,qwen3-vl-plus,success,,坐姿手部轻触会阴区域并配合口型讲解,手、会阴区域（被衣物遮挡）、骨盆底示意位置,帧00:00:09.602：双手置于大腿内侧近会阴处，身体前倾微低头，开始说话,帧00:01:50.418：右手轻触下腹部/会阴区，左手抬起做强调手势，口型仍在动，未见明显收势,no,clear,yes,unclear,unclear,unclear,intercut,unclear,unclear,weak_related_need_manual_review,可见动作但动作循环不完整或不确定,动作口令/跟练 / 盆底/产后训练 / 问题问答/原因解释 / 误区纠错/风险提醒 -> 坐姿手部轻触会阴区域并配合口型讲解,no,not_available,/Volumes/WD_BLACK/澜心社剪辑/lanxinse--/outputs/local_manual_review_video_pool/_visual_inputs/04_误区错误纠正_错误动作正确动作原因解释/ALI044_live_cand_0095_pair_0095_rec_002,,/Volumes/WD_BLACK/澜心社剪辑/lanxinse--/outputs/local_manual_review_video_pool/04_误区错误纠正_错误动作正确动作原因解释/MR042_live_cand_0095_pair_0095_rec_002,/Volumes/WD_BLACK/澜心社剪辑/lanxinse--/outputs/local_manual_review_video_pool/_visual_inputs/04_误区错误纠正_错误动作正确动作原因解释/ALI044_live_cand_0095_pair_0095_rec_002/04_视觉证据_contact_sheet.jpg,/Volumes/WD_BLACK/澜心社剪辑/lanxinse--/outputs/local_manual_review_video_pool/_visual_inputs/04_误区错误纠正_错误动作正确动作原因解释/ALI044_live_cand_0095_pair_0095_rec_002/05_20秒复核预览_preview_20s.mp4,/Volumes/WD_BLACK/澜心社剪辑/lanxinse--/outputs/local_live_A_editor_package/01_误区错误纠正_错误动作正确动作原因解释/A044_live_cand_0095_pair_0095_rec_002/03_完整上下文_full_context.mp4,画面中仅呈现坐姿讲解状态，手部有指向性动作但未展示具体训练动作（如凯格尔收缩、呼吸配合等），无法确认是否为‘盆底/产后训练’的跟练动作；无错误动作演示或对比环节；虽有口型变化，但缺乏动作完整性与问题具象化表现（如错误姿势示范）；时间跨度内动作连续性弱，属讲解片段而非实操切片；故对‘误区纠错’‘正确动作对比’‘原因解释’等结构要素无法视觉验证。,ASR 校字；原片听审；动作完整循环；画面遮挡；健康/业务/适用人群；敏感表达公开尺度。,source_exists=true; material_status=created; sheet_status=reused; preview_status=reused; preview_error=; cached_summary_used=true; route=qwen3-vl-plus->qwen-vl-max; forbidden_models_called=no
ALI045,P0R045,live_cand_0096,pair_0096,rec_002,/Volumes/WD_BLACK/完整直播录屏/今年直播素材/C5824.MP4,误区/错误先抛 + 正确动作对比 + 原因解释,04_误区错误纠正_错误动作正确动作原因解释,01:24:00.000,01:26:00.000,01:24:00.000,01:26:00.000,动作口令/跟练 / 误区纠错/风险提醒,异议,qwen3-vl-plus,qwen-vl-max,qwen3-vl-plus,success,,坐姿讲解+手部示意动作,上半身、双手,帧00:00:09.602： presenter坐定，右手抬起做初始手势,帧00:01:50.418：双手合于腹前，姿态回归中立位,unclear,clear,yes,unclear,unclear,unclear,unclear,yes,no,still_blocked_topic_break,存在明显跳题或上下文断裂风险,动作口令/跟练 / 误区纠错/风险提醒 -> 坐姿讲解+手部示意动作,no,not_available,/Volumes/WD_BLACK/澜心社剪辑/lanxinse--/outputs/local_manual_review_video_pool/_visual_inputs/04_误区错误纠正_错误动作正确动作原因解释/ALI045_live_cand_0096_pair_0096_rec_002,,/Volumes/WD_BLACK/澜心社剪辑/lanxinse--/outputs/local_manual_review_video_pool/04_误区错误纠正_错误动作正确动作原因解释/MR043_live_cand_0096_pair_0096_rec_002,/Volumes/WD_BLACK/澜心社剪辑/lanxinse--/outputs/local_manual_review_video_pool/_visual_inputs/04_误区错误纠正_错误动作正确动作原因解释/ALI045_live_cand_0096_pair_0096_rec_002/04_视觉证据_contact_sheet.jpg,/Volumes/WD_BLACK/澜心社剪辑/lanxinse--/outputs/local_manual_review_video_pool/_visual_inputs/04_误区错误纠正_错误动作正确动作原因解释/ALI045_live_cand_0096_pair_0096_rec_002/05_20秒复核预览_preview_20s.mp4,/Volumes/WD_BLACK/澜心社剪辑/lanxinse--/outputs/local_live_A_editor_package/01_误区错误纠正_错误动作正确动作原因解释/A045_live_cand_0096_pair_0096_rec_002/03_完整上下文_full_context.mp4,画面仅显示坐姿讲解与手部示意，无明显‘误区动作’与‘正确动作对比’的视觉区分；未见错误示范（如弯腰、耸肩等典型误区）或跟练动作循环；各帧均为静态讲解姿态，无法确认是否对应‘误区→纠正→解释’结构；口播声明要求的‘动作口令/跟练/误区纠错/风险提醒’在画面中无明确视觉证据支撑；时间跨度2分钟但仅5帧采样，关键动作过渡缺失，无法判断顺序逻辑；存在话题断裂风险（如讲解中途无动作变化易被误判为停顿）。,ASR 校字；原片听审；动作完整循环；画面遮挡；健康/业务/适用人群；敏感表达公开尺度。,source_exists=true; material_status=created; sheet_status=reused; preview_status=reused; preview_error=; cached_summary_used=true; route=qwen3-vl-plus->qwen-vl-max; forbidden_models_called=no
ALI046,P0R046,live_cand_0097,pair_0097,rec_002,/Volumes/WD_BLACK/完整直播录屏/今年直播素材/C5824.MP4,多动作组合 + 同一主题推进 + 轻跟练收束,05_多动作组合_同一主题推进轻跟练收束,01:26:00.000,01:28:00.000,01:26:00.000,01:28:00.000,动作口令/跟练 / 盆底/产后训练 / 胸部/呼吸练习 / 问题问答/原因解释,风险,qwen3-vl-plus,qwen-vl-max,qwen3-vl-plus,success,,坐姿呼吸配合手部动作（双手置于胸前/腹部，配合吸气呼气节奏）,胸部、腹部、双手,帧00:00:09.602：双手轻放于胸下缘，身体微前倾，口型张开似开始口令,帧00:01:50.418：双手抬至肩高呈‘捧气’状，面部表情专注，动作未收束,no,clear,yes,unclear,unclear,unclear,unclear,yes,no,still_blocked_topic_break,存在明显跳题或上下文断裂风险,动作口令/跟练 / 盆底/产后训练 / 胸部/呼吸练习 / 问题问答/原因解释 -> 坐姿呼吸配合手部动作（双手置于胸前/腹部，配合吸气呼气节奏）,no,not_available,/Volumes/WD_BLACK/澜心社剪辑/lanxinse--/outputs/local_manual_review_video_pool/_visual_inputs/05_多动作组合_同一主题推进轻跟练收束/ALI046_live_cand_0097_pair_0097_rec_002,,/Volumes/WD_BLACK/澜心社剪辑/lanxinse--/outputs/local_manual_review_video_pool/05_多动作组合_同一主题推进轻跟练收束/MR044_live_cand_0097_pair_0097_rec_002,/Volumes/WD_BLACK/澜心社剪辑/lanxinse--/outputs/local_manual_review_video_pool/_visual_inputs/05_多动作组合_同一主题推进轻跟练收束/ALI046_live_cand_0097_pair_0097_rec_002/04_视觉证据_contact_sheet.jpg,/Volumes/WD_BLACK/澜心社剪辑/lanxinse--/outputs/local_manual_review_video_pool/_visual_inputs/05_多动作组合_同一主题推进轻跟练收束/ALI046_live_cand_0097_pair_0097_rec_002/05_20秒复核预览_preview_20s.mp4,/Volumes/WD_BLACK/澜心社剪辑/lanxinse--/outputs/local_live_A_editor_package/05_多动作组合_同一主题推进轻跟练收束/A046_live_cand_0097_pair_0097_rec_002/03_完整上下文_full_context.mp4,画面仅显示坐姿呼吸类手部动作，但无法确认是否为盆底/产后训练或胸部/呼吸专项练习；无明显盆底肌激活特征（如会阴收缩示意）、无呼吸深度/节奏变化的视觉证据；动作未完成闭环（起始与结束姿态不构成完整周期）；口播声明含多类动作与问题解释，但画面未呈现问题问答、原因解释或明确风险提示内容；各帧间动作连贯性弱，存在姿态跳跃（如从手放腹部突变为手抬肩高），难以判断是否属同一训练序列；故无法确认与口播声明在动作、问题、功能上一致，存在主题断裂风险。,ASR 校字；原片听审；动作完整循环；画面遮挡；健康/业务/适用人群；敏感表达公开尺度。,source_exists=true; material_status=created; sheet_status=reused; preview_status=reused; preview_error=; cached_summary_used=true; route=qwen3-vl-plus->qwen-vl-max; forbidden_models_called=no
ALI047,P0R047,live_cand_0100,pair_0100,rec_002,/Volumes/WD_BLACK/完整直播录屏/今年直播素材/C5824.MP4,误区/错误先抛 + 正确动作对比 + 原因解释,04_误区错误纠正_错误动作正确动作原因解释,01:32:00.000,01:34:00.000,01:32:00.000,01:34:00.000,盆底/产后训练 / 问题问答/原因解释 / 误区纠错/风险提醒 / 动作/问题关键词命中,风险,qwen3-vl-plus,qwen-vl-max,qwen3-vl-plus,success,,坐姿讲解+手部示意（未见明显盆底肌收缩动作）,上半身、双手、骨盆区域（被宽松裤遮挡）,帧00:00:09.602：坐姿端正，双手置于大腿前侧，口型开启，似开始讲解,帧00:01:50.418：仍为坐姿，右手轻触下腹/耻骨联合区，左手自然放膝，无明显动作收束迹象,no,partial_blocked,yes,unclear,unclear,unclear,intercut,yes,no,still_blocked_topic_break,存在明显跳题或上下文断裂风险,盆底/产后训练 / 问题问答/原因解释 / 误区纠错/风险提醒 / 动作/问题关键词命中 -> 坐姿讲解+手部示意（未见明显盆底肌收缩动作）,no,not_available,/Volumes/WD_BLACK/澜心社剪辑/lanxinse--/outputs/local_manual_review_video_pool/_visual_inputs/04_误区错误纠正_错误动作正确动作原因解释/ALI047_live_cand_0100_pair_0100_rec_002,,/Volumes/WD_BLACK/澜心社剪辑/lanxinse--/outputs/local_manual_review_video_pool/04_误区错误纠正_错误动作正确动作原因解释/MR045_live_cand_0100_pair_0100_rec_002,/Volumes/WD_BLACK/澜心社剪辑/lanxinse--/outputs/local_manual_review_video_pool/_visual_inputs/04_误区错误纠正_错误动作正确动作原因解释/ALI047_live_cand_0100_pair_0100_rec_002/04_视觉证据_contact_sheet.jpg,/Volumes/WD_BLACK/澜心社剪辑/lanxinse--/outputs/local_manual_review_video_pool/_visual_inputs/04_误区错误纠正_错误动作正确动作原因解释/ALI047_live_cand_0100_pair_0100_rec_002/05_20秒复核预览_preview_20s.mp4,/Volumes/WD_BLACK/澜心社剪辑/lanxinse--/outputs/local_live_A_editor_package/01_误区错误纠正_错误动作正确动作原因解释/A047_live_cand_0100_pair_0100_rec_002/03_完整上下文_full_context.mp4,画面中仅呈现坐姿讲解与手部示意动作，未观察到任何明确的盆底肌训练动作（如凯格尔收缩、呼吸配合、骨盆卷动等），骨盆区域被宽松裤完全遮挡，无法确认是否执行相关动作；各帧间动作变化微小，无完整动作周期；口播声明涉及‘误区纠错/风险提醒/动作对比’，但画面未呈现错误动作示范或正确动作演示，仅静态讲解姿态，无法验证动作、问题、功能三者一致性；存在话题断裂风险（讲解≠动作演示），故不可进入编辑任务包。,ASR 校字；原片听审；动作完整循环；画面遮挡；健康/业务/适用人群；敏感表达公开尺度。,source_exists=true; material_status=created; sheet_status=reused; preview_status=reused; preview_error=; cached_summary_used=true; route=qwen3-vl-plus->qwen-vl-max; forbidden_models_called=no
ALI048,P0R048,live_cand_0107,pair_0107,rec_003,/Volumes/WD_BLACK/完整直播录屏/今年直播素材/C5825.MP4,多动作组合 + 同一主题推进 + 轻跟练收束,05_多动作组合_同一主题推进轻跟练收束,00:06:00.000,00:08:00.000,00:06:00.000,00:08:00.000,动作口令/跟练 / 盆底/产后训练 / 胸部/呼吸练习 / 问题问答/原因解释,方法,qwen3-vl-plus,qwen-vl-max,qwen3-vl-plus,success,,双手交叉置于胸前/肩部区域，配合呼吸做缓慢上提与下放动作,胸部、肩部、双手,双手从体侧抬起至胸前交叉，身体微前倾，开始吸气,双手保持交叉位，身体回正，呼气完成姿态,unclear,clear,yes,unclear,unclear,unclear,unclear,no,unclear,weak_related_need_manual_review,可见动作但动作循环不完整或不确定,动作口令/跟练 / 盆底/产后训练 / 胸部/呼吸练习 / 问题问答/原因解释 -> 双手交叉置于胸前/肩部区域，配合呼吸做缓慢上提与下放动作,no,not_available,/Volumes/WD_BLACK/澜心社剪辑/lanxinse--/outputs/local_manual_review_video_pool/_visual_inputs/05_多动作组合_同一主题推进轻跟练收束/ALI048_live_cand_0107_pair_0107_rec_003,,/Volumes/WD_BLACK/澜心社剪辑/lanxinse--/outputs/local_manual_review_video_pool/05_多动作组合_同一主题推进轻跟练收束/MR046_live_cand_0107_pair_0107_rec_003,/Volumes/WD_BLACK/澜心社剪辑/lanxinse--/outputs/local_manual_review_video_pool/_visual_inputs/05_多动作组合_同一主题推进轻跟练收束/ALI048_live_cand_0107_pair_0107_rec_003/04_视觉证据_contact_sheet.jpg,/Volumes/WD_BLACK/澜心社剪辑/lanxinse--/outputs/local_manual_review_video_pool/_visual_inputs/05_多动作组合_同一主题推进轻跟练收束/ALI048_live_cand_0107_pair_0107_rec_003/05_20秒复核预览_preview_20s.mp4,/Volumes/WD_BLACK/澜心社剪辑/lanxinse--/outputs/local_live_A_editor_package/05_多动作组合_同一主题推进轻跟练收束/A048_live_cand_0107_pair_0107_rec_003/03_完整上下文_full_context.mp4,画面中仅呈现5帧静态切片，显示同一女性在相似姿势下进行手部位置微调（如从胸前交叉到轻触锁骨/肩峰），但无连续运动轨迹；无法确认是否为盆底/产后训练或呼吸练习的完整动作周期；未见明显问题问答或原因解释的视觉线索；动作目的与口播声明中的‘方法’功能无法建立明确对应；因缺乏动作起止动态证据，不能判定动作完整性或与口播内容一致性。,ASR 校字；原片听审；动作完整循环；画面遮挡；健康/业务/适用人群；敏感表达公开尺度。,source_exists=true; material_status=created; sheet_status=reused; preview_status=reused; preview_error=; cached_summary_used=true; route=qwen3-vl-plus->qwen-vl-max; forbidden_models_called=no
ALI049,P0R049,live_cand_0110,pair_0110,rec_003,/Volumes/WD_BLACK/完整直播录屏/今年直播素材/C5825.MP4,多动作组合 + 同一主题推进 + 轻跟练收束,05_多动作组合_同一主题推进轻跟练收束,00:12:00.000,00:14:00.000,00:12:00.000,00:14:00.000,动作口令/跟练 / 盆底/产后训练 / 胸部/呼吸练习 / 问题问答/原因解释,方法,qwen3-vl-plus,qwen-vl-max,qwen3-vl-plus,success,,双手置于胸部做呼吸配合动作（手轻触/按压胸廓，伴随躯干微动）,胸部、双手,帧00:00:09.602：双手从体侧上抬至胸前，掌心向内轻贴肋骨下缘,帧00:01:50.418：双手仍保持在胸部位置，未明显撤回或切换动作,no,clear,yes,unclear,unclear,unclear,unclear,no,unclear,weak_related_need_manual_review,可见动作但动作循环不完整或不确定,动作口令/跟练 / 盆底/产后训练 / 胸部/呼吸练习 / 问题问答/原因解释 -> 双手置于胸部做呼吸配合动作（手轻触/按压胸廓，伴随躯干微动）,no,not_available,/Volumes/WD_BLACK/澜心社剪辑/lanxinse--/outputs/local_manual_review_video_pool/_visual_inputs/05_多动作组合_同一主题推进轻跟练收束/ALI049_live_cand_0110_pair_0110_rec_003,,/Volumes/WD_BLACK/澜心社剪辑/lanxinse--/outputs/local_manual_review_video_pool/05_多动作组合_同一主题推进轻跟练收束/MR047_live_cand_0110_pair_0110_rec_003,/Volumes/WD_BLACK/澜心社剪辑/lanxinse--/outputs/local_manual_review_video_pool/_visual_inputs/05_多动作组合_同一主题推进轻跟练收束/ALI049_live_cand_0110_pair_0110_rec_003/04_视觉证据_contact_sheet.jpg,/Volumes/WD_BLACK/澜心社剪辑/lanxinse--/outputs/local_manual_review_video_pool/_visual_inputs/05_多动作组合_同一主题推进轻跟练收束/ALI049_live_cand_0110_pair_0110_rec_003/05_20秒复核预览_preview_20s.mp4,/Volumes/WD_BLACK/澜心社剪辑/lanxinse--/outputs/local_live_A_editor_package/05_多动作组合_同一主题推进轻跟练收束/A049_live_cand_0110_pair_0110_rec_003/03_完整上下文_full_context.mp4,画面中仅呈现单一连续动作：双手置于胸部区域，伴随轻微躯干起伏，疑似呼吸配合练习；但无证据表明该动作对应‘盆底/产后训练’或‘胸部/呼吸练习’中的具体子项（如腹式呼吸、凯格尔等），亦无法确认是否为跟练口令下的同步动作；无口播内容佐证，无法判断动作目的、问题指向及与口播声明的一致性；动作未完成循环（始终维持同一姿态），故action_cycle_complete为no；因缺乏上下文，same_*字段均无法确认，保守判为unclear。,ASR 校字；原片听审；动作完整循环；画面遮挡；健康/业务/适用人群；敏感表达公开尺度。,source_exists=true; material_status=created; sheet_status=reused; preview_status=reused; preview_error=; cached_summary_used=true; route=qwen3-vl-plus->qwen-vl-max; forbidden_models_called=no
ALI050,P0R050,live_cand_0112,pair_0112,rec_003,/Volumes/WD_BLACK/完整直播录屏/今年直播素材/C5825.MP4,误区/错误先抛 + 正确动作对比 + 原因解释,04_误区错误纠正_错误动作正确动作原因解释,00:16:00.000,00:18:00.000,00:16:00.000,00:18:00.000,胸部/呼吸练习 / 问题问答/原因解释 / 误区纠错/风险提醒 / 动作/问题关键词命中,风险,qwen3-vl-plus,qwen-vl-max,qwen3-vl-plus,success,,双手置于颈肩部/背部做触碰或调整动作,颈、肩、上背部；双手,帧00:00:09.602： presenter侧身坐，双手交叠置于颈前，似在演示错误姿势,帧00:01:50.418：presenter转回正面，一手扶颈侧，另一手置于胸前，动作未明显收束,no,clear,yes,unclear,unclear,unclear,unclear,yes,no,still_blocked_topic_break,存在明显跳题或上下文断裂风险,胸部/呼吸练习 / 问题问答/原因解释 / 误区纠错/风险提醒 / 动作/问题关键词命中 -> 双手置于颈肩部/背部做触碰或调整动作,no,not_available,/Volumes/WD_BLACK/澜心社剪辑/lanxinse--/outputs/local_manual_review_video_pool/_visual_inputs/04_误区错误纠正_错误动作正确动作原因解释/ALI050_live_cand_0112_pair_0112_rec_003,,/Volumes/WD_BLACK/澜心社剪辑/lanxinse--/outputs/local_manual_review_video_pool/04_误区错误纠正_错误动作正确动作原因解释/MR048_live_cand_0112_pair_0112_rec_003,/Volumes/WD_BLACK/澜心社剪辑/lanxinse--/outputs/local_manual_review_video_pool/_visual_inputs/04_误区错误纠正_错误动作正确动作原因解释/ALI050_live_cand_0112_pair_0112_rec_003/04_视觉证据_contact_sheet.jpg,/Volumes/WD_BLACK/澜心社剪辑/lanxinse--/outputs/local_manual_review_video_pool/_visual_inputs/04_误区错误纠正_错误动作正确动作原因解释/ALI050_live_cand_0112_pair_0112_rec_003/05_20秒复核预览_preview_20s.mp4,/Volumes/WD_BLACK/澜心社剪辑/lanxinse--/outputs/local_live_A_editor_package/01_误区错误纠正_错误动作正确动作原因解释/A050_live_cand_0112_pair_0112_rec_003/03_完整上下文_full_context.mp4,画面仅显示静态姿势切换（侧身→背对→转回），无连续动作过程；无法确认是否为‘胸部/呼吸练习’相关动作，也未见明确的‘误区纠错’视觉表现（如对比演示、错误vs正确）；各帧间动作不连贯，无呼吸起伏、胸廓运动等关键线索；口播声明中‘问题问答/原因解释/风险提醒’等要素无对应视觉证据；因缺乏动作完整性与目的性视觉支撑，无法确认与口播声明一致。,ASR 校字；原片听审；动作完整循环；画面遮挡；健康/业务/适用人群；敏感表达公开尺度。,source_exists=true; material_status=created; sheet_status=reused; preview_status=reused; preview_error=; cached_summary_used=true; route=qwen3-vl-plus->qwen-vl-max; forbidden_models_called=no
